reference,processed,frequency_hz,h1_rel_db,coherence,mirror_coherence,power_ratio_db,set
REF,NB8,0.0,-0.3500976265154956,0.7887548016655576,5.064103662917693e-06,-1.144668007514579,sweep
REF,NB8,31.25,0.30464770500254,0.8577277244221413,4.232462015024964e-05,-0.8539969955537963,sweep
REF,NB8,62.5,1.1772051483392056,0.9722453429023517,1.2650529089300847e-05,-0.5257037870657801,sweep
REF,NB8,93.75,1.2154621814924997,0.9886846817142501,6.776323494146848e-07,-0.560266092792485,sweep
REF,NB8,125.0,1.260661746357329,0.9894960583767257,2.0948786944056082e-07,-0.5186291591865416,sweep
REF,NB8,156.25,1.3224178437912029,0.9875895350634514,1.9730854136745577e-07,-0.4484971693383929,sweep
REF,NB8,187.5,1.3454813452541252,0.9877233164326394,5.849693636138113e-07,-0.42602193429073343,sweep
REF,NB8,218.75,1.3545770758016147,0.9872507394929094,4.449035598344382e-07,-0.41484782139183246,sweep
REF,NB8,250.0,1.3645657348466675,0.9847422236487625,2.1647330826466983e-07,-0.39381008461809136,sweep
REF,NB8,281.25,1.3656516473681413,0.9794362117945191,1.4616191366784245e-07,-0.36926014018339215,sweep
REF,NB8,312.5,1.3511659273871346,0.9722059824948441,5.124144945873907e-08,-0.3515671845599427,sweep
REF,NB8,343.75,1.3231225399612967,0.9673451741660841,3.765302190735434e-07,-0.35784237425438037,sweep
REF,NB8,375.0,1.302826332020943,0.9656386387537572,3.71721815830234e-07,-0.3704702396007972,sweep
REF,NB8,406.25,1.2930669776334291,0.9644140317010714,3.1589597360929385e-07,-0.3747184474274662,sweep
REF,NB8,437.5,1.2673168893715567,0.9619275176308406,2.9933160546357003e-07,-0.38925681739359363,sweep
REF,NB8,468.75,1.2244253516728578,0.9577138636837013,1.6368376867387898e-07,-0.41308261068073016,sweep
REF,NB8,500.0,1.1727446495269562,0.9531682223943599,2.584928307839608e-08,-0.44410112056662615,sweep
REF,NB8,531.25,1.1172703825630284,0.9495159398847954,4.507148521316577e-08,-0.48290243549934053,sweep
REF,NB8,562.5,1.066926772549814,0.9457188107998256,2.0168235234600956e-08,-0.5158437219789419,sweep
REF,NB8,593.75,1.024174732933796,0.9409823837096148,1.846742390542669e-08,-0.5367904171507201,sweep
REF,NB8,625.0,0.9557400498609467,0.9341483923078167,5.302963425815052e-08,-0.5735688772648033,sweep
REF,NB8,656.25,0.8631684028242945,0.9270336857764793,5.502356952914803e-08,-0.6329369718481727,sweep
REF,NB8,687.5,0.8123969514722694,0.9212297188318402,1.2481372161239684e-07,-0.6564326669816223,sweep
REF,NB8,718.75,0.7772668458473754,0.9169536037183208,1.2829832334672662e-07,-0.6713569908988181,sweep
REF,NB8,750.0,0.726721967796422,0.9115941037142334,2.119318369685156e-07,-0.6964433268131467,sweep
REF,NB8,781.25,0.6580364563543026,0.9012647995181382,2.5710009371175873e-07,-0.7156378563301973,sweep
REF,NB8,812.5,0.5783153552768165,0.8900925957726664,3.025372102712317e-07,-0.7411867485461908,sweep
REF,NB8,843.75,0.5401651258836669,0.8849100136071779,2.7610540735453143e-07,-0.7539761900672582,sweep
REF,NB8,875.0,0.5023399956598302,0.8807092239764649,9.044361864411194e-07,-0.7711356732496993,sweep
REF,NB8,906.25,0.4061681372959133,0.872302034274782,1.1918355684090706e-06,-0.8256509356077985,sweep
REF,NB8,937.5,0.3629459709463115,0.8639141482619899,7.465796658837002e-07,-0.8269101138446773,sweep
REF,NB8,968.75,0.38192921426144116,0.8605317663443032,1.9368405510549323e-07,-0.790890074259047,sweep
REF,NB8,1000.0,0.4101051961385177,0.8558849717164053,4.0157194079780065e-07,-0.7391990316037982,sweep
REF,NB8,1031.25,0.4221486062207383,0.846467489905449,4.3305048746116206e-07,-0.6791044429411668,sweep
REF,NB8,1062.5,0.3801666710288639,0.8383655094816683,1.057325985714312e-06,-0.6793175795130364,sweep
REF,NB8,1093.75,0.30180451776312966,0.830774565493621,2.0620930723669753e-06,-0.7181776219093021,sweep
REF,NB8,1125.0,0.1633356985073096,0.8219182715819915,1.1619661551687046e-06,-0.8101008725496718,sweep
REF,NB8,1156.25,0.06647670837703575,0.8165404335494869,1.9598771969200793e-07,-0.8784504622050819,sweep
REF,NB8,1187.5,0.0680239703680702,0.8125072701298054,9.6995930424959e-08,-0.8553988060504956,sweep
REF,NB8,1218.75,0.08344150249068491,0.8047536465118292,3.153515868512677e-07,-0.7983382500028252,sweep
REF,NB8,1250.0,0.026167339363826998,0.7935133895564829,3.290829033271177e-07,-0.7945254740381029,sweep
REF,NB8,1281.25,-0.08799938028223381,0.7854616412198692,3.198522322919902e-07,-0.8643994073590865,sweep
REF,NB8,1312.5,-0.15967305131997156,0.7785848298839183,4.2475444458293847e-07,-0.897882647140313,sweep
REF,NB8,1343.75,-0.18944789165281245,0.769938186315272,1.8772058009328284e-07,-0.8791567086308161,sweep
REF,NB8,1375.0,-0.22725963795651932,0.7620369917574137,4.88146420240216e-07,-0.8721703972109693,sweep
REF,NB8,1406.25,-0.2966618045214041,0.7578819132843089,5.264552792804743e-07,-0.9178274528743252,sweep
REF,NB8,1437.5,-0.40449140664462047,0.7523109971409232,3.7469680888287044e-07,-0.9936157297080754,sweep
REF,NB8,1468.75,-0.43880090200923316,0.7439054881394258,2.7711611276028345e-07,-0.9791287492060601,sweep
REF,NB8,1500.0,-0.4984309863917236,0.7342086188578332,3.754991949914233e-07,-0.9817759901539858,sweep
REF,NB8,1531.25,-0.5318997538968857,0.7267269928476702,1.0845512031090372e-06,-0.9707628890414705,sweep
REF,NB8,1562.5,-0.5044806091163809,0.7206498573080515,1.0081264880134406e-06,-0.9068738789322338,sweep
REF,NB8,1593.75,-0.5198675524506471,0.715192297660298,1.0349966356058098e-06,-0.8892460588293695,sweep
REF,NB8,1625.0,-0.5424774136948408,0.7096249602224939,2.165762226135208e-06,-0.8779164626444764,sweep
REF,NB8,1656.25,-0.5856950158169393,0.6985926194904438,2.7116404485033563e-06,-0.8530851666742285,sweep
REF,NB8,1687.5,-0.6589943254921358,0.6886462096738565,4.4934636777563796e-07,-0.8641061601524056,sweep
REF,NB8,1718.75,-0.7412723951484733,0.6803860182453393,1.0717854043448272e-06,-0.8939764191465333,sweep
REF,NB8,1750.0,-0.8305455680822549,0.6685211166857381,2.6566180846165753e-06,-0.9068470875919996,sweep
REF,NB8,1781.25,-0.8292717902615361,0.6623712641353725,3.4200057412747015e-06,-0.865436840806538,sweep
REF,NB8,1812.5,-0.8182888543297793,0.6569780405237801,4.179899988969382e-07,-0.8189476095762399,sweep
REF,NB8,1843.75,-0.8865231743702355,0.6495704434170494,8.797799625675077e-08,-0.8379359497232144,sweep
REF,NB8,1875.0,-0.9556756438487796,0.6429875858491445,4.805763926804669e-07,-0.862851744791006,sweep
REF,NB8,1906.25,-1.0133221448089018,0.6338796722893716,7.055608755272116e-07,-0.8585406121297074,sweep
REF,NB8,1937.5,-1.0521515588217198,0.6272790292278949,6.21718746533381e-08,-0.8519094662569181,sweep
REF,NB8,1968.75,-1.1343656074434947,0.6230364288137208,9.427458494603733e-09,-0.904650232618025,sweep
REF,NB8,2000.0,-1.262028838747811,0.6133656309050399,7.770618733454789e-07,-0.9643734311781877,sweep
REF,NB8,2031.25,-1.328314957435459,0.6003916252805136,1.730983658248466e-06,-0.9378114349250438,sweep
REF,NB8,2062.5,-1.4327356215976756,0.5874352866843778,8.919995267679153e-08,-0.9474861479613774,sweep
REF,NB8,2093.75,-1.5009382139339538,0.577634299453127,3.824008131242532e-06,-0.9426181677797907,sweep
REF,NB8,2125.0,-1.527093859862845,0.568434782449839,3.2506776057252345e-07,-0.8990505248277352,sweep
REF,NB8,2156.25,-1.6882610941980138,0.5576624654635216,3.04863458982119e-07,-0.977125458816849,sweep
REF,NB8,2187.5,-1.9376989269348606,0.5423626911246542,2.118462170683997e-06,-1.1057472167165903,sweep
REF,NB8,2218.75,-2.0784988453909263,0.5306852722209018,9.679922675503595e-07,-1.1520194163597277,sweep
REF,NB8,2250.0,-2.155867718228865,0.5258113164496975,1.0571662476062343e-06,-1.1893172253444502,sweep
REF,NB8,2281.25,-2.2441417171934392,0.5197841821673227,5.806194455572035e-06,-1.2275225284146216,sweep
REF,NB8,2312.5,-2.2660717142752484,0.5182672825355853,3.338788374303662e-06,-1.2367598675506035,sweep
REF,NB8,2343.75,-2.318617546530527,0.5144361798011574,4.857039549686561e-09,-1.2570828116158406,sweep
REF,NB8,2375.0,-2.4183438180805226,0.5065544120828918,1.7771318800893583e-06,-1.2897550622093163,sweep
REF,NB8,2406.25,-2.5245062641444,0.5024902221448043,1.748254891511744e-06,-1.3609326374660475,sweep
REF,NB8,2437.5,-2.634655972594317,0.49374302657925845,2.602961807199006e-06,-1.3948159414854389,sweep
REF,NB8,2468.75,-2.669724483176515,0.48793518392972307,2.388585014887659e-06,-1.378496055816202,sweep
REF,NB8,2500.0,-2.719957590214939,0.4854598188144436,7.545194607338123e-07,-1.406640704938804,sweep
REF,NB8,2531.25,-2.778800542299967,0.48425221957688275,6.243958811272142e-06,-1.4546669622614605,sweep
REF,NB8,2562.5,-2.8597931659023317,0.4822306255980532,7.106567581355782e-06,-1.51749126773023,sweep
REF,NB8,2593.75,-2.989524973779079,0.4720529401234394,6.586879140619278e-06,-1.5545822631033048,sweep
REF,NB8,2625.0,-3.0410784005673492,0.4633276021933665,2.497079395659826e-06,-1.5251103561573431,sweep
REF,NB8,2656.25,-3.144027366600393,0.4548170088038353,1.2669901987077845e-06,-1.5475445630733278,sweep
REF,NB8,2687.5,-3.213249625798916,0.44626205005050046,3.464605685843458e-07,-1.534299407640314,sweep
REF,NB8,2718.75,-3.2940486137336644,0.43709040661583376,3.963605944678311e-06,-1.5249115795475712,sweep
REF,NB8,2750.0,-3.3999939769148657,0.4272337982129866,4.409192455142787e-06,-1.5318002185607804,sweep
REF,NB8,2781.25,-3.4703086039685562,0.4193269152828833,7.539128528281006e-06,-1.5209862170481134,sweep
REF,NB8,2812.5,-3.5759502288830296,0.41655249628192115,5.471128708385723e-06,-1.5977978631224161,sweep
REF,NB8,2843.75,-3.6401317291273743,0.4160075741521839,3.255871825207968e-06,-1.6562943271463206,sweep
REF,NB8,2875.0,-3.8132072917618847,0.40428681655421955,2.686359645368819e-07,-1.7052533077634546,sweep
REF,NB8,2906.25,-4.024545914297519,0.39762477030356197,2.424765024499363e-06,-1.8444304467131623,sweep
REF,NB8,2937.5,-4.180543010868524,0.3913166581990159,2.0368362048281363e-07,-1.9309765913497698,sweep
REF,NB8,2968.75,-4.3725405368938866,0.3794719273767636,7.671902184733303e-07,-1.9894872882152337,sweep
REF,NB8,3000.0,-4.523375235298305,0.3745208463234475,7.2906180929986325e-06,-2.0832854164636387,sweep
REF,NB8,3031.25,-4.6867063993819755,0.36568718968206465,9.314884276202125e-06,-2.1429540886140623,sweep
REF,NB8,3062.5,-4.86080812335039,0.35209135336562425,6.63764115600742e-06,-2.1525119416878185,sweep
REF,NB8,3093.75,-5.111073538660175,0.3390105231229681,5.402148003021189e-06,-2.238355550873556,sweep
REF,NB8,3125.0,-5.402610304193725,0.3271477706891819,1.408354106822633e-05,-2.3752001761964348,sweep
REF,NB8,3156.25,-5.602908248973955,0.3177910694528541,4.652112353605423e-06,-2.449475354261588,sweep
REF,NB8,3187.5,-5.740244563794508,0.30795736175994687,1.7223489142868026e-06,-2.4503006880025873,sweep
REF,NB8,3218.75,-5.858897983076127,0.29836730859872473,6.824511040788831e-06,-2.4315605709987125,sweep
REF,NB8,3250.0,-5.941145390634405,0.29730027785342716,6.791342898063369e-05,-2.498248761607576,sweep
REF,NB8,3281.25,-6.0422606007217405,0.295064831297847,5.5441565013773805e-05,-2.566585312134997,sweep
REF,NB8,3312.5,-6.399859668235555,0.2774161383922121,8.668949502946131e-07,-2.6563271092619782,sweep
REF,NB8,3343.75,-6.695197159523481,0.2679630651251628,2.3665074858109364e-05,-2.801096748308482,sweep
REF,NB8,3375.0,-6.80783234768249,0.26819398115910636,5.332208231311682e-05,-2.917472839108626,sweep
REF,NB8,3406.25,-6.793090997315634,0.27467286275134123,2.3620647865908176e-05,-3.0063987566250185,sweep
REF,NB8,3437.5,-6.959537842235404,0.2704153591376491,9.56936251110237e-06,-3.1050016139547587,sweep
REF,NB8,3468.75,-7.273346661940103,0.25911019649870776,7.548231192988787e-06,-3.233341918684883,sweep
REF,NB8,3500.0,-7.434037642106484,0.254784231405323,4.377333190556209e-05,-3.3209133222814287,sweep
REF,NB8,3531.25,-7.710296756051412,0.2502425934412418,0.00010090285185180942,-3.5190592991509546,sweep
REF,NB8,3562.5,-8.228209608560785,0.23281252330339186,3.0225840265061804e-05,-3.7234232076076736,sweep
REF,NB8,3593.75,-8.63600116786954,0.21845559938213696,1.9079580984434734e-05,-3.8547831967420487,sweep
REF,NB8,3625.0,-8.972840991874154,0.2083756969914608,4.583330032612141e-05,-3.986461866938838,sweep
REF,NB8,3656.25,-9.304789729275743,0.20183871702501455,2.070027044795521e-05,-4.179984718861272,sweep
REF,NB8,3687.5,-9.540788027114923,0.2049154047574309,8.817872749918119e-05,-4.481684329458093,sweep
REF,NB8,3718.75,-9.653574145794947,0.21629881069188642,0.00023436589717308246,-4.829265680843738,sweep
REF,NB8,3750.0,-9.916716939568998,0.219619946339427,0.0004799814967023479,-5.158584970581672,sweep
REF,NB8,3781.25,-10.587471578180402,0.20411710994048726,0.0009179494728436479,-5.511415904254657,sweep
REF,NB8,3812.5,-11.359746932299387,0.18645719829327773,0.001809018593954537,-5.890688694584528,sweep
REF,NB8,3843.75,-12.031996224480002,0.1743644044410618,0.002664061715490497,-6.271724752069172,sweep
REF,NB8,3875.0,-12.862399979973,0.1592432894844538,0.006355925101058097,-6.708161602172934,sweep
REF,NB8,3906.25,-13.695044773896889,0.1430507612004764,0.014018319174133648,-7.0750967250672145,sweep
REF,NB8,3937.5,-14.698745023575025,0.12044243024318693,0.02497684169934089,-7.331690343269707,sweep
REF,NB8,3968.75,-16.02293204811708,0.09258426920266162,0.0426068998301762,-7.513454297104759,sweep
REF,NB8,4000.0,-17.67643246833739,0.06680666270331301,0.06542706121836707,-7.749780461499989,sweep
REF,NB8,4031.25,-20.13550623309381,0.04353848707176736,0.09077191151821122,-8.349389788900378,sweep
REF,NB8,4062.5,-23.19962326335574,0.025687046263658423,0.11878789725230672,-9.121915162452698,sweep
REF,NB8,4093.75,-26.29366683800161,0.014434410723186148,0.14194081775118092,-9.712807645529415,sweep
REF,NB8,4125.0,-30.097250713811526,0.0066843165856108056,0.15830785979264606,-10.172971043459107,sweep
REF,NB8,4156.25,-34.252509162578306,0.002792203716694187,0.17301682400171514,-10.537130391087118,sweep
REF,NB8,4187.5,-36.29355404688976,0.0018793526039879477,0.18525798553070436,-10.858786967364441,sweep
REF,NB8,4218.75,-39.457100119245744,0.0009756811166320466,0.20250425465114183,-11.175329336501566,sweep
REF,NB8,4250.0,-42.88639015629041,0.0004892269849009609,0.21876662620665613,-11.606644415801277,sweep
REF,NB8,4281.25,-46.523850199286386,0.00024242488504602213,0.2165532645325115,-12.194772402809788,sweep
REF,NB8,4312.5,-51.12857778443938,9.74106938713034e-05,0.2049819425552906,-12.839794373523342,sweep
REF,NB8,4343.75,-57.9109423105636,2.398858862068091e-05,0.2010357239204661,-13.536139498716969,sweep
REF,NB8,4375.0,-55.97636342223762,4.361588766524144e-05,0.2066233200338597,-14.197960798395837,sweep
REF,NB8,4406.25,-59.58422517029962,2.18579821988351e-05,0.2164427304896403,-14.805476069713103,sweep
REF,NB8,4437.5,-59.63082477667355,2.5460061196978868e-05,0.23008734342429146,-15.514569428820703,sweep
REF,NB8,4468.75,-54.41786960806036,9.974095235867896e-05,0.2481326556088514,-16.231754934970645,sweep
REF,NB8,4500.0,-58.18901236438215,4.904949166655056e-05,0.2529910241971822,-16.920507692921298,sweep
REF,NB8,4531.25,-66.69623215567364,8.328657311477292e-06,0.25650434550394047,-17.72713230670307,sweep
REF,NB8,4562.5,-67.49580520602747,8.430195722806715e-06,0.2673470037931654,-18.57933200311119,sweep
REF,NB8,4593.75,-64.24578531701157,2.201098594183268e-05,0.2720410565735642,-19.49733050122269,sweep
REF,NB8,4625.0,-61.924478893814396,4.739662337434456e-05,0.2657283835947734,-20.507103141976856,sweep
REF,NB8,4656.25,-65.1047910701316,2.9139377757980783e-05,0.26464529441986756,-21.57474402631109,sweep
REF,NB8,4687.5,-80.5508778555199,1.0588202400257185e-06,0.2726709164227109,-22.62425042082836,sweep
REF,NB8,4718.75,-65.32463737031262,4.4556573429787776e-05,0.29036375112172336,-23.638905435867894,sweep
REF,NB8,4750.0,-64.47458785658009,7.232424953258708e-05,0.293737125968098,-24.892577435812683,sweep
REF,NB8,4781.25,-74.94072767475225,8.479014176631343e-06,0.29345508252606206,-26.049331508722602,sweep
REF,NB8,4812.5,-83.07621425769204,1.672901864082287e-06,0.30116061150379714,-27.136069128629117,sweep
REF,NB8,4843.75,-81.36970117553686,3.2931711476125074e-06,0.3117780501083313,-28.37099441340755,sweep
REF,NB8,4875.0,-75.88064618306451,1.6144799384545256e-05,0.3206905239020393,-29.78612293150703,sweep
REF,NB8,4906.25,-81.63315849377553,5.967558419249782e-06,0.3316596794267819,-31.216275505966475,sweep
REF,NB8,4937.5,-83.03616973153947,5.951179489747717e-06,0.34318577898099945,-32.60735044102071,sweep
REF,NB8,4968.75,-82.31445116091494,9.769364821376777e-06,0.3554724584652807,-34.03826466039098,sweep
REF,NB8,5000.0,-84.56383548495211,8.327387577882616e-06,0.3642398712476144,-35.59407348803661,sweep
REF,NB8,5031.25,-95.40719325505972,1.0347286982753953e-06,0.3672943772593243,-37.3806084195453,sweep
REF,NB8,5062.5,-103.65952066228428,2.3748333020581245e-07,0.3757268904322589,-39.24100218600292,sweep
REF,NB8,5093.75,-96.29988877296898,1.978692728821916e-06,0.3813739701306376,-41.088822571581744,sweep
REF,NB8,5125.0,-104.3669151970753,4.901457947476518e-07,0.3829514716426603,-43.095318226323236,sweep
REF,NB8,5156.25,-99.91311242934384,2.3017713959816847e-06,0.3886037426595435,-45.35888453741232,sweep
REF,NB8,5187.5,-98.79272960656552,5.257084164107966e-06,0.3829253556093395,-47.825329126413564,sweep
REF,NB8,5218.75,-99.67752390357974,7.633052818225469e-06,0.3711904263363755,-50.329656799310925,sweep
REF,NB8,5250.0,-104.08755353636771,5.029911713104331e-06,0.3573098613414029,-52.92830737865624,sweep
REF,NB8,5281.25,-107.87113420748176,3.933512035649514e-06,0.3331183292850023,-55.644089261029535,sweep
REF,NB8,5312.5,-120.09844805408378,4.4018286725567937e-07,0.28885513712183986,-58.35992962402911,sweep
REF,NB8,5343.75,-123.30401906737924,3.878098444904065e-07,0.21705960693930249,-61.01535758121528,sweep
REF,NB8,5375.0,-123.54428385672702,6.267229798992141e-07,0.12516912454029694,-63.340190268404115,sweep
REF,NB8,5406.25,-125.46963232015612,6.058584820601002e-07,0.045925515195073915,-65.11849446441784,sweep
REF,NB8,5437.5,-132.61871349992362,1.508815069333881e-07,0.006789441668418039,-66.23022384941451,sweep
REF,NB8,5468.75,-149.43729282211387,3.659330295842128e-09,0.000150760654399088,-66.89645915449279,sweep
REF,NB8,5500.0,-141.31232631712197,2.7037318124217006e-08,0.0038768684894504592,-67.45711264744106,sweep
REF,NB8,5531.25,-141.55271971605544,2.8452475463468015e-08,0.005284529418773457,-67.91907051103348,sweep
REF,NB8,5562.5,-140.76834252781248,3.5619875152782046e-08,0.0029327691150078856,-68.1104166771995,sweep
REF,NB8,5593.75,-144.5963493790927,1.456398508896436e-08,0.0003905747720469507,-68.05430185533508,sweep
REF,NB8,5625.0,-142.17464800083118,2.3613804577612244e-08,0.00031685090595756036,-67.73145786886532,sweep
REF,NB8,5656.25,-157.93108122421384,5.567673589677068e-10,0.0023297113631125994,-67.21296910835952,sweep
REF,NB8,5687.5,-140.73496969102183,2.4903512926127563e-08,0.004417366169684559,-66.52272604742532,sweep
REF,NB8,5718.75,-135.86523981620644,6.3595444032899e-08,0.0053622921335450295,-65.724650076041,sweep
REF,NB8,5750.0,-155.04021054426912,6.562628981969179e-10,0.005024497650447168,-65.03613928558022,sweep
REF,NB8,5781.25,-138.19495459011384,2.7675367086057494e-08,0.0037923043032265045,-64.44103871087727,sweep
REF,NB8,5812.5,-144.74413160394442,5.316942069735299e-09,0.0023475361258011047,-63.82590110923434,sweep
REF,NB8,5843.75,-140.3717527362689,1.2752025660814667e-08,0.0010937119667675155,-63.25269473613196,sweep
REF,NB8,5875.0,-141.96860671005922,8.03803568441945e-09,0.00024701537592015097,-62.84525622898351,sweep
REF,NB8,5906.25,-139.57025667595394,1.3019911555937196e-08,4.265625752380401e-06,-62.54148723687276,sweep
REF,NB8,5937.5,-139.52970649210692,1.2120857338002455e-08,0.0003597933538279764,-62.19019010848087,sweep
REF,NB8,5968.75,-141.0826603136443,7.85198819921816e-09,0.0011685865222980677,-61.857606915956744,sweep
REF,NB8,6000.0,-147.2575839622591,1.7720684442294472e-09,0.0022139753454174537,-61.56753910261677,sweep
REF,NB8,6031.25,-142.19794426941337,5.418011442274263e-09,0.0032096031089091804,-61.36149366829592,sweep
REF,NB8,6062.5,-138.15576398484103,1.33728323249054e-08,0.003827714559137979,-61.243148197341675,sweep
REF,NB8,6093.75,-139.03432626737728,1.0833531628004768e-08,0.0040010849332271035,-61.207177043095804,sweep
REF,NB8,6125.0,-142.36704235237428,5.122121409302222e-09,0.0037420721060340157,-61.2866912555054,sweep
REF,NB8,6156.25,-153.31531552937898,4.1668844698137916e-10,0.0030484877583199397,-61.33858034407708,sweep
REF,NB8,6187.5,-152.94588418987527,4.585755921765507e-10,0.002099083705838703,-61.385143765480706,sweep
REF,NB8,6218.75,-140.421430959082,8.611235272980465e-09,0.0011137625090124304,-61.59723572939882,sweep
REF,NB8,6250.0,-144.52766899286416,3.533978244762042e-09,0.0003243455182785142,-61.83545792945769,sweep
REF,NB8,6281.25,-151.3205530070304,7.774713578709114e-10,2.8560804994481852e-08,-62.05254721246387,sweep
REF,NB8,6312.5,-143.58548963482363,4.877331102173254e-09,0.0003825247094146296,-62.29246224566424,sweep
REF,NB8,6343.75,-140.03259885533862,1.1923854973569718e-08,0.0016608393576764311,-62.6219159273283,sweep
REF,NB8,6375.0,-148.74380731477643,1.7816809351167645e-09,0.003841106916571478,-63.077256863350826,sweep
REF,NB8,6406.25,-146.3761346566827,3.5108495000129007e-09,0.006774833517371788,-63.65540700586958,sweep
REF,NB8,6437.5,-149.7467470498271,1.8647783340151724e-09,0.01023143294141011,-64.27816941666205,sweep
REF,NB8,6468.75,-143.97775199621486,8.138354967662681e-09,0.013365510218392046,-64.90826850021561,sweep
REF,NB8,6500.0,-149.9753962705065,2.322458637853677e-09,0.01571994218094981,-65.46002637163488,sweep
REF,NB8,6531.25,-145.95042271573914,6.755832848796135e-09,0.01681478952533127,-66.07236189400948,sweep
REF,NB8,6562.5,-148.15253604055505,4.748335883490331e-09,0.01579555367458463,-66.74310058160587,sweep
REF,NB8,6593.75,-150.15702693531836,3.3715477236810726e-09,0.012630497321990324,-67.26047026957627,sweep
REF,NB8,6625.0,-144.68905398611784,1.2996830462670953e-08,0.007683098412858827,-67.65257874431585,sweep
REF,NB8,6656.25,-144.2559724282795,1.505695291048709e-08,0.0030481083075084214,-67.85849357013292,sweep
REF,NB8,6687.5,-142.8330255376204,2.0425830076382545e-08,0.0003720720852063744,-67.75997290434339,sweep
REF,NB8,6718.75,-141.34904027791794,2.6374755690890183e-08,0.00025254521810707414,-67.38607495256092,sweep
REF,NB8,6750.0,-150.75220003619907,2.735547267378418e-09,0.0023094047149725475,-66.94779248955459,sweep
REF,NB8,6781.25,-148.50361614655162,4.051861050122707e-09,0.005544468916470898,-66.40531180407282,sweep
REF,NB8,6812.5,-147.00651007113453,4.869104793176969e-09,0.008550261506615007,-65.70615150678401,sweep
REF,NB8,6843.75,-143.25178019399573,1.0000413572712359e-08,0.010610223125243455,-65.07711002268405,sweep
REF,NB8,6875.0,-140.70169518956243,1.579635195374702e-08,0.011697854739435793,-64.51241342518287,sweep
REF,NB8,6906.25,-136.13324949211466,4.05879630157068e-08,0.011904477565237881,-64.04237227184788,sweep
REF,NB8,6937.5,-140.6364711180578,1.3308923773768955e-08,0.011375398561475184,-63.70305071479018,sweep
REF,NB8,6968.75,-144.71426268251582,4.750507467098171e-09,0.01042097748975823,-63.30681295332235,sweep
REF,NB8,7000.0,-142.61552785822974,7.140987284298085e-09,0.008789614453979673,-62.97826067571255,sweep
REF,NB8,7031.25,-146.0276498163567,3.1327859160093303e-09,0.006302608332438746,-62.812107213213444,sweep
REF,NB8,7062.5,-160.1133846939216,1.175787889681182e-10,0.0038010054995323123,-62.64182474150146,sweep
REF,NB8,7093.75,-142.18818666922357,7.114750787213977e-09,0.0018979738702991833,-62.53493381312609,sweep
REF,NB8,7125.0,-142.72805512728198,6.353559270995783e-09,0.0005572432074550886,-62.583376204510266,sweep
REF,NB8,7156.25,-153.05744305016006,6.13219362248349e-10,7.782673079471566e-07,-62.758751861602875,sweep
REF,NB8,7187.5,-149.95790232132674,1.2893819937044086e-09,0.0005865112763186212,-62.88686855107607,sweep
REF,NB8,7218.75,-150.25780788506916,1.229245450338994e-09,0.0027415926907974294,-62.97934420074767,sweep
REF,NB8,7250.0,-149.79582275554873,1.423164484658002e-09,0.006673940501912584,-63.15352394869636,sweep
REF,NB8,7281.25,-163.08577548299,7.110320443345189e-11,0.011877376101206932,-63.429817439795464,sweep
REF,NB8,7312.5,-140.4305702504797,1.4078690831328737e-08,0.018290515416115205,-63.74134318964428,sweep
REF,NB8,7343.75,-140.81647195059008,1.3683384051762585e-08,0.026210527896957443,-64.00355733546508,sweep
REF,NB8,7375.0,-139.89631835967097,1.7970283927163534e-08,0.035040417073068555,-64.26701796908348,sweep
REF,NB8,7406.25,-144.99157836915168,6.197701438845797e-09,0.04297735372399861,-64.73903510110065,sweep
REF,NB8,7437.5,-153.91965023415304,9.126939484540698e-10,0.04725096473659884,-65.34805216404908,sweep
REF,NB8,7468.75,-148.5764183110114,3.5136393573983304e-09,0.04706186957567462,-65.85914036239322,sweep
REF,NB8,7500.0,-161.92720790175264,1.8426811685135207e-10,0.042442379867263694,-66.40686009725607,sweep
REF,NB8,7531.25,-146.48764435671058,7.324164459704918e-09,0.03478975344106385,-66.96037545236968,sweep
REF,NB8,7562.5,-147.04528464487427,7.058953647215875e-09,0.024226612092241633,-67.35783816593158,sweep
REF,NB8,7593.75,-157.64530168384638,6.559455027322068e-10,0.012359147198525629,-67.63912949208166,sweep
REF,NB8,7625.0,-151.405787074468,2.850172845400944e-09,0.003757778029850513,-67.77964927540746,sweep
REF,NB8,7656.25,-159.2442715127777,4.5735604936165e-10,0.00016698321325117247,-67.67196601073047,sweep
REF,NB8,7687.5,-148.61682532713652,5.088178178499692e-09,0.0009489903337243225,-67.50759865807736,sweep
REF,NB8,7718.75,-151.49094426444762,2.492436826308997e-09,0.005511061500391779,-67.28233607878099,sweep
REF,NB8,7750.0,-146.93015345896728,6.583503779436933e-09,0.01339769526613111,-66.939874571214,sweep
REF,NB8,7781.25,-140.73824992177563,2.5399476031560382e-08,0.020757799286592674,-66.61164771789306,sweep
REF,NB8,7812.5,-139.04536994009604,3.519671855254107e-08,0.02053976777449542,-66.33554191397978,sweep
REF,NB8,7843.75,-140.45350686009874,2.3938746339147153e-08,0.01758013255605501,-66.06967110884197,sweep
REF,NB8,7875.0,-141.16862009703053,1.8770424326352323e-08,0.019070449139066966,-65.72851122151494,sweep
REF,NB8,7906.25,-144.80350556751836,7.719287147152643e-09,0.013424803145470331,-65.50442775161474,sweep
REF,NB8,7937.5,-137.5723947867655,4.002133569099511e-08,0.0058146715155718495,-65.42046079573716,sweep
REF,NB8,7968.75,-130.7304082223293,1.8917980695958149e-07,0.00848975440878392,-65.32430622213083,sweep
REF,NB8,8000.0,-154.99301432163236,7.008662957112189e-10,0.011711793645938008,-65.27451629662983,sweep
REF,WB8,0.0,0.6488549724573813,0.7594206904454023,5.987148953671262e-06,-1.005556413631604,sweep
REF,WB8,31.25,1.2455777110942943,0.8213742159823514,4.3631589680859104e-05,-0.7494200782118217,sweep
REF,WB8,62.5,1.6448821057660123,0.9240405231574024,1.5436077137321462e-05,-0.8616152001932755,sweep
REF,WB8,93.75,1.453869694002377,0.9560874681433469,1.1317714987530759e-06,-1.2006936961708568,sweep
REF,WB8,125.0,1.5058584914210384,0.9596366262605506,4.0758570127000014e-08,-1.1647967937562895,sweep
REF,WB8,156.25,1.6276672677311645,0.9565698473045142,6.31361512639073e-07,-1.0290867355814945,sweep
REF,WB8,187.5,1.6940445243914923,0.9584990352853439,8.526916192451505e-07,-0.9714594093874517,sweep
REF,WB8,218.75,1.7450998140344653,0.9582832747725264,3.2892353457611493e-07,-0.9194264020346119,sweep
REF,WB8,250.0,1.8038198380801027,0.9541643293174705,7.01336360937366e-08,-0.8419990623531473,sweep
REF,WB8,281.25,1.8441097402549178,0.9438254688111396,3.6959183698940806e-08,-0.7543943170367133,sweep
REF,WB8,312.5,1.8483123009178666,0.927786490167249,1.3393215813229863e-07,-0.675755274932196,sweep
REF,WB8,343.75,1.7904440436153686,0.9158880550881965,3.238706940057377e-07,-0.6775670394697,sweep
REF,WB8,375.0,1.7064746117099514,0.9113855277961458,2.0720123460902405e-07,-0.7401338009329488,sweep
REF,WB8,406.25,1.6402957962410494,0.9087091490424153,1.7308373269472049e-07,-0.7935403427748022,sweep
REF,WB8,437.5,1.582052694544419,0.903782037688899,1.6294453536456948e-07,-0.8281714946954892,sweep
REF,WB8,468.75,1.5085102994091364,0.8964294064834485,1.372663961065406e-07,-0.866237780327297,sweep
REF,WB8,500.0,1.3994163040859373,0.8864019130264388,7.401886883280469e-08,-0.9264776754246355,sweep
REF,WB8,531.25,1.2845809701296478,0.8773797536922958,7.441973984918448e-08,-0.9968822471969634,sweep
REF,WB8,562.5,1.1810680865392957,0.8690364122005968,3.8185875238207825e-08,-1.0588987817669187,sweep
REF,WB8,593.75,1.0858462084065406,0.8609467920584924,6.832722746682404e-08,-1.1135040459650556,sweep
REF,WB8,625.0,0.9365935830152939,0.8495473590334882,4.860512490614989e-08,-1.2048694911799749,sweep
REF,WB8,656.25,0.7724570130598192,0.8374588939744354,2.1299909872321293e-07,-1.3067651118986454,sweep
REF,WB8,687.5,0.6803022736227922,0.8272581023439266,2.4406478361507214e-07,-1.3456951533844521,sweep
REF,WB8,718.75,0.5627388896207148,0.8176684199216527,3.1885429541502506e-07,-1.4126204901974424,sweep
REF,WB8,750.0,0.4648623971165221,0.8084153814138999,3.3466809080399893e-07,-1.4610704164154253,sweep
REF,WB8,781.25,0.40493630653772017,0.7945210613327163,5.530647708636742e-07,-1.4457049668676643,sweep
REF,WB8,812.5,0.3604402521629101,0.7805728956138774,8.286505536995962e-07,-1.4132815494988518,sweep
REF,WB8,843.75,0.3385851794039884,0.7750100244986993,5.956183107968995e-07,-1.4040751533229132,sweep
REF,WB8,875.0,0.28193303071081,0.7680481004348274,1.0109238745521549e-06,-1.4215382958281415,sweep
REF,WB8,906.25,0.2334040051648873,0.7580914259911611,1.6185080550202182e-06,-1.413398975576106,sweep
REF,WB8,937.5,0.2327514227038904,0.749934941146385,1.174676704349088e-06,-1.3670715982677608,sweep
REF,WB8,968.75,0.3061684324189234,0.7504997701106252,2.1143411124209823e-07,-1.2969243358084448,sweep
REF,WB8,1000.0,0.31170326127451414,0.7496958050721293,6.549530498768605e-07,-1.2867346790215701,sweep
REF,WB8,1031.25,0.2269102361901187,0.7356294268569701,8.082561649452816e-07,-1.2892678333991425,sweep
REF,WB8,1062.5,0.20830825934374203,0.7248582757868189,1.2812361295242172e-06,-1.2438098899998482,sweep
REF,WB8,1093.75,0.17899086787102897,0.7207698008124666,2.0656042272379976e-06,-1.2485620854364905,sweep
REF,WB8,1125.0,0.1411063462927563,0.7158711563862862,8.85627976586701e-07,-1.2568294298409832,sweep
REF,WB8,1156.25,0.08210661171793741,0.7087069600988403,2.0261775264912883e-07,-1.272147500223716,sweep
REF,WB8,1187.5,0.01999067859573462,0.7016909884228726,4.935197067883952e-07,-1.2910554448407774,sweep
REF,WB8,1218.75,-0.03310034585855438,0.6948039379752178,5.632047759004385e-07,-1.3013101911492908,sweep
REF,WB8,1250.0,-0.05352494277842423,0.6859793449603675,6.54186771514173e-07,-1.2662224672137032,sweep
REF,WB8,1281.25,-0.10614606025491734,0.6819867248860312,7.05467675069283e-07,-1.2934924034217732,sweep
REF,WB8,1312.5,-0.18707146049189216,0.6732203433800447,2.047673004354756e-07,-1.3182309034125295,sweep
REF,WB8,1343.75,-0.17915048096374078,0.6631394009602173,1.8128812519075294e-07,-1.2447859400487515,sweep
REF,WB8,1375.0,-0.2019263319075878,0.6575893512083705,4.97192363693676e-07,-1.2310611822812425,sweep
REF,WB8,1406.25,-0.2781227342140267,0.6549906742044285,1.678127083246736e-07,-1.2900610322130632,sweep
REF,WB8,1437.5,-0.33346847720888906,0.6507490737864355,6.722811730579886e-07,-1.3171911964402252,sweep
REF,WB8,1468.75,-0.3408950759062961,0.646769935214823,6.432779438422749e-07,-1.2979804460125688,sweep
REF,WB8,1500.0,-0.3588759463135143,0.647362384106067,6.913787282468868e-07,-1.319937684190073,sweep
REF,WB8,1531.25,-0.3707250822358981,0.6477448816798842,1.585423076204569e-06,-1.334352114816123,sweep
REF,WB8,1562.5,-0.37514879747077523,0.6381644710525177,8.936903111420226e-07,-1.2740621479157046,sweep
REF,WB8,1593.75,-0.35480390336261725,0.6298443832673529,8.597996768241803e-07,-1.1967236443471923,sweep
REF,WB8,1625.0,-0.3681458144589397,0.629180466807537,1.4611433033011316e-06,-1.205485260119691,sweep
REF,WB8,1656.25,-0.43849175713961397,0.6216218538879072,1.9766803497098007e-06,-1.2233416321118573,sweep
REF,WB8,1687.5,-0.508029716771854,0.6100797994249766,4.1047586033837253e-07,-1.211483300988202,sweep
REF,WB8,1718.75,-0.5692815092787173,0.6025482609072702,1.2577065389084795e-06,-1.2187870151773308,sweep
REF,WB8,1750.0,-0.6094740441462986,0.5952130740993602,2.263732350417061e-06,-1.205785797880515,sweep
REF,WB8,1781.25,-0.6367156322787664,0.5865657091201479,1.0719473967686223e-06,-1.1694694684947173,sweep
REF,WB8,1812.5,-0.7364340194149763,0.5774617125388036,4.898939035250995e-07,-1.2012530969457806,sweep
REF,WB8,1843.75,-0.8857700980601858,0.5686889429693004,1.227550981614572e-07,-1.2841050741818063,sweep
REF,WB8,1875.0,-1.0028321430793603,0.5595372820362335,6.323550281634663e-07,-1.330709565041864,sweep
REF,WB8,1906.25,-1.021439769479033,0.5545725801231652,2.430013410588534e-06,-1.3106108305950879,sweep
REF,WB8,1937.5,-0.9290864859333149,0.5553834808977212,2.8229329759813575e-06,-1.2246031999411007,sweep
REF,WB8,1968.75,-0.9173847759288556,0.5491871045605679,2.1566821846162616e-06,-1.1641752190112484,sweep
REF,WB8,2000.0,-0.956925226183336,0.5376385602831477,9.221990896471846e-07,-1.1114164533882658,sweep
REF,WB8,2031.25,-1.0255560443878775,0.5249552393200955,2.179799189834963e-06,-1.0763659227145324,sweep
REF,WB8,2062.5,-1.1293522948932984,0.5102302755704623,5.561358900844099e-06,-1.0566016756487209,sweep
REF,WB8,2093.75,-1.107242791928213,0.5007974433536603,1.7683646980710696e-06,-0.953450955365074,sweep
REF,WB8,2125.0,-1.0790570494045935,0.4899713439551041,1.1139073789984879e-06,-0.8303509921049359,sweep
REF,WB8,2156.25,-1.217484384173869,0.4779402382446889,4.337203321596198e-07,-0.8608074741861309,sweep
REF,WB8,2187.5,-1.3069237497207522,0.4714355370952631,1.7577451740532122e-07,-0.8907340504879802,sweep
REF,WB8,2218.75,-1.2857877060894185,0.46810638885309175,3.2241356995358214e-07,-0.838820524294799,sweep
REF,WB8,2250.0,-1.3025230594663832,0.4660911878779192,1.0845666260213387e-06,-0.8368191127143477,sweep
REF,WB8,2281.25,-1.3926600944315175,0.4605067671137429,5.008646787318354e-06,-0.874607392233758,sweep
REF,WB8,2312.5,-1.4838297725477685,0.45309877417513905,1.0730075901184545e-05,-0.8953457775866135,sweep
REF,WB8,2343.75,-1.5149228365282799,0.4501459576614198,7.197232987736039e-06,-0.8980435143389004,sweep
REF,WB8,2375.0,-1.5229165729224816,0.45138592942500827,4.298043966068275e-07,-0.9179838771793063,sweep
REF,WB8,2406.25,-1.5706540817811954,0.4522560097642044,2.3742413384079365e-06,-0.974084681067003,sweep
REF,WB8,2437.5,-1.6288775270243574,0.4467228302032144,1.0740979503473198e-05,-0.9788461405623514,sweep
REF,WB8,2468.75,-1.6582177839552446,0.4420948995738305,1.0506575584550373e-05,-0.9629599617151297,sweep
REF,WB8,2500.0,-1.677454699091169,0.43730374823269125,4.808050124337615e-07,-0.9348738298385608,sweep
REF,WB8,2531.25,-1.6862533827580575,0.4349063136113531,2.0198019748057366e-06,-0.9197976399055365,sweep
REF,WB8,2562.5,-1.7935793902942299,0.43003657932030037,2.4337702294462904e-06,-0.9782205095614381,sweep
REF,WB8,2593.75,-1.8588061868813168,0.4200835791567534,1.0451250996360771e-06,-0.9417503749241429,sweep
REF,WB8,2625.0,-1.7786864856596742,0.41334149269252973,1.4531635434494434e-06,-0.791363653386284,sweep
REF,WB8,2656.25,-1.7690499661911496,0.40638362553433804,4.468861971585489e-06,-0.7079991044062994,sweep
REF,WB8,2687.5,-1.862846988751541,0.39233554113602753,2.203523840297531e-06,-0.6490106419978754,sweep
REF,WB8,2718.75,-1.962727512124668,0.37716734910819194,1.0620018326889097e-05,-0.5776555386521651,sweep
REF,WB8,2750.0,-1.8992860485362342,0.3713954177312329,9.630637281848826e-06,-0.4472385924871997,sweep
REF,WB8,2781.25,-1.8252587176766113,0.3665975099141903,5.307249434813195e-06,-0.3167409576587815,sweep
REF,WB8,2812.5,-1.8491545280475197,0.36277877259417485,2.4623367575957106e-06,-0.2951603318016793,sweep
REF,WB8,2843.75,-1.826030423662173,0.3621489093640109,9.615361139431709e-06,-0.2644893727201333,sweep
REF,WB8,2875.0,-1.8472419288468833,0.35739240287086593,1.0997863222810716e-05,-0.22828222581814295,sweep
REF,WB8,2906.25,-1.813199667645769,0.36073336052543886,9.518130576166009e-06,-0.23464987652989988,sweep
REF,WB8,2937.5,-1.8214969582293592,0.3593590826748424,1.7198435566385355e-05,-0.2263703506957321,sweep
REF,WB8,2968.75,-2.0044917699026947,0.34510643640604255,2.8466177246024523e-07,-0.23360949438937828,sweep
REF,WB8,3000.0,-2.2320172183972784,0.33297531357820603,5.688622970866058e-06,-0.3057247170094773,sweep
REF,WB8,3031.25,-2.2806657674314486,0.3256837686677451,1.7123283191654093e-06,-0.25821404880549076,sweep
REF,WB8,3062.5,-2.3206605500802606,0.31464753011504915,3.1227086553366832e-06,-0.1484909530307775,sweep
REF,WB8,3093.75,-2.3396606763433696,0.30762711709627616,7.204771989225439e-06,-0.06949396453583084,sweep
REF,WB8,3125.0,-2.3675430924111156,0.30104620838366963,3.086795239192347e-05,-0.0034618424160281743,sweep
REF,WB8,3156.25,-2.4738103670818155,0.29361741471783953,1.6830378541469065e-05,-0.0012156039404890957,sweep
REF,WB8,3187.5,-2.6688298003213533,0.2786972070836413,6.1911578682862685e-06,0.030256901662057224,sweep
REF,WB8,3218.75,-2.831933741403741,0.2652877855254371,1.4571721455440248e-05,0.08130658083597381,sweep
REF,WB8,3250.0,-2.817205658785447,0.26216445916262593,3.3495082667749074e-05,0.1474690548294744,sweep
REF,WB8,3281.25,-2.6759015517383915,0.2614496767018015,1.1264096209639105e-05,0.3006302241695258,sweep
REF,WB8,3312.5,-2.6613524524593677,0.254415159516756,5.214835157642735e-06,0.433630559721743,sweep
REF,WB8,3343.75,-2.8601679008248784,0.24593920452142143,3.9476476063531945e-05,0.38196732645434495,sweep
REF,WB8,3375.0,-2.9967091306718894,0.2419514073584332,2.292554273327621e-05,0.31642221046315766,sweep
REF,WB8,3406.25,-3.0299248942194943,0.2403664441225101,6.846575590593246e-06,0.3117495855538326,sweep
REF,WB8,3437.5,-3.0710971817985735,0.23430831650690867,2.250803085963572e-07,0.3814386488710181,sweep
REF,WB8,3468.75,-2.9769149088950604,0.23425911630890978,1.487744205562323e-05,0.4765329516375367,sweep
REF,WB8,3500.0,-2.9898765910422043,0.23176423265304297,1.125372892816197e-05,0.510072139402309,sweep
REF,WB8,3531.25,-3.1729007104606066,0.22213780577600745,1.22115522583944e-05,0.5112873798360822,sweep
REF,WB8,3562.5,-3.374218120048363,0.20957971559653668,3.037675019687419e-05,0.5627022804457407,sweep
REF,WB8,3593.75,-3.4749720849542207,0.20117738135748064,3.891338024189571e-06,0.6396492741207355,sweep
REF,WB8,3625.0,-3.4554962805015683,0.19631971449095087,1.8413647721942167e-05,0.7652774488940668,sweep
REF,WB8,3656.25,-3.498913767460783,0.19008821584991256,5.629313151099647e-06,0.8619471552330722,sweep
REF,WB8,3687.5,-3.612256027230369,0.1874701115924027,2.625815025190941e-05,0.8088364609976485,sweep
REF,WB8,3718.75,-3.564460603721944,0.1911450934925602,3.864946264173274e-05,0.772320717695434,sweep
REF,WB8,3750.0,-3.5060136639233024,0.19131901542009713,1.949493943607187e-05,0.8268178312563927,sweep
REF,WB8,3781.25,-3.648351679662884,0.18070340231025042,3.1997401141675485e-05,0.932397891610222,sweep
REF,WB8,3812.5,-3.7158725730159365,0.17325628023737183,1.7411343733216468e-05,1.0476504343888866,sweep
REF,WB8,3843.75,-3.78133580414643,0.16728729679244786,5.21677207222373e-05,1.1344474288837967,sweep
REF,WB8,3875.0,-3.8313597841062346,0.16365006252312417,7.970411433903987e-05,1.1798913274711207,sweep
REF,WB8,3906.25,-3.818985982155729,0.16181529331206557,2.916872938223965e-05,1.2412312372349603,sweep
REF,WB8,3937.5,-3.814082989259999,0.1626938239338839,6.096857707596418e-05,1.2226192092512536,sweep
REF,WB8,3968.75,-3.679454861254218,0.16801017210116745,0.00025954416555297444,1.2176022391202932,sweep
REF,WB8,4000.0,-3.598048430327705,0.1692646805073008,0.0003235286503697736,1.266700978758897,sweep
REF,WB8,4031.25,-3.766440317967054,0.16218417438450536,0.00026946528829960883,1.2838878059508265,sweep
REF,WB8,4062.5,-4.094284126936639,0.15154786149217228,2.336048620627868e-05,1.250630616602475,sweep
REF,WB8,4093.75,-4.306150712961195,0.1421992722703546,1.591904737954383e-05,1.3152884160804836,sweep
REF,WB8,4125.0,-4.339546160855477,0.13917239140848617,3.651250112800165e-05,1.3753358082649616,sweep
REF,WB8,4156.25,-4.107284918846209,0.14360918318305532,1.5696540159046425e-05,1.4713058280235045,sweep
REF,WB8,4187.5,-3.9216059379169788,0.14444970557876338,1.974873892856301e-05,1.6316403194339921,sweep
REF,WB8,4218.75,-3.9682746712106587,0.14055770920441835,0.0001204169000636607,1.7035914914797723,sweep
REF,WB8,4250.0,-4.1207273123303105,0.1351566449081667,5.538756400170781e-05,1.721311530641671,sweep
REF,WB8,4281.25,-4.160390125083847,0.1332039958603526,1.1988460101877085e-05,1.744850211992437,sweep
REF,WB8,4312.5,-4.337723389164744,0.12611901272408912,7.187968322165698e-06,1.8048838543325088,sweep
REF,WB8,4343.75,-4.42070331161902,0.1218828735468353,5.715540522720311e-06,1.870282708366731,sweep
REF,WB8,4375.0,-4.494049697323789,0.11966151715443296,4.117008800297577e-06,1.8768181215577884,sweep
REF,WB8,4406.25,-4.758296688916027,0.11130404397047033,5.994737409743663e-05,1.9270067414483492,sweep
REF,WB8,4437.5,-4.889975527982818,0.10605415805733198,3.3585307744856675e-05,2.005160333901546,sweep
REF,WB8,4468.75,-4.770902416928436,0.10694781884424204,3.892715415244628e-05,2.0877911328811978,sweep
REF,WB8,4500.0,-4.792700113287147,0.10313194295589807,4.112237975458291e-05,2.2237807567228716,sweep
REF,WB8,4531.25,-4.989933246736672,0.09760351149950004,2.863608865639573e-05,2.2658251941168457,sweep
REF,WB8,4562.5,-5.186584091381934,0.09308773806205764,4.3851929384999864e-07,2.274904000723324,sweep
REF,WB8,4593.75,-5.3515414146955385,0.08879638550361395,1.259566080603976e-05,2.3149185726783856,sweep
REF,WB8,4625.0,-5.018883283593189,0.09226242571110038,5.843036644276845e-06,2.481280897210283,sweep
REF,WB8,4656.25,-4.783939925628414,0.09660676361738046,3.5866784590476035e-05,2.5163976092662703,sweep
REF,WB8,4687.5,-4.847746738100479,0.09669242926486328,5.9428314922854566e-05,2.44874141492443,sweep
REF,WB8,4718.75,-5.175577895931365,0.09029770790501344,8.282803182351922e-06,2.418067707042504,sweep
REF,WB8,4750.0,-5.143056976005566,0.09324118773877939,5.9484443060938285e-06,2.3112779204667806,sweep
REF,WB8,4781.25,-5.108362987955473,0.09224487056551707,3.4236964898199755e-06,2.3926276211825654,sweep
REF,WB8,4812.5,-5.200183508320574,0.08669294297182019,5.35518033613663e-07,2.5703918966461465,sweep
REF,WB8,4843.75,-5.353586896444954,0.08064582857079731,2.4354953360831306e-06,2.731006887850151,sweep
REF,WB8,4875.0,-5.505971460953015,0.07750742853918093,5.452908688235728e-06,2.7510081207283816,sweep
REF,WB8,4906.25,-5.517666635105343,0.0788182623378948,1.1095658045697161e-05,2.6664776722728916,sweep
REF,WB8,4937.5,-5.909522753541159,0.07247856847687421,1.3294488271926988e-05,2.6387940436189528,sweep
REF,WB8,4968.75,-5.821568038735232,0.06989871699343929,2.7088721261274978e-05,2.8841527860547806,sweep
REF,WB8,5000.0,-5.888379284247942,0.06727221511487919,2.1093529975016942e-05,2.983676300928397,sweep
REF,WB8,5031.25,-5.7534327517173045,0.06955182673581074,5.1065963112519705e-06,2.9738947059946996,sweep
REF,WB8,5062.5,-5.349389228518654,0.07577343652863013,3.2273849748477344e-06,3.005853797578151,sweep
REF,WB8,5093.75,-5.417796506796676,0.07420451846599022,3.6253509367085934e-06,3.028312848761145,sweep
REF,WB8,5125.0,-5.7694428020894435,0.06812962156802582,2.8641165149115652e-06,3.0476102989748552,sweep
REF,WB8,5156.25,-5.807911350763413,0.06792432202032121,2.3106826006162844e-06,3.0222483940372196,sweep
REF,WB8,5187.5,-5.870567314347982,0.06677678485319286,3.6492102091419447e-06,3.03359050337852,sweep
REF,WB8,5218.75,-5.987368552337363,0.06415234525512085,2.1211297094718926e-06,3.0909189373122734,sweep
REF,WB8,5250.0,-6.448177383193889,0.058216698320219216,2.0712188396874795e-06,3.0517597701781347,sweep
REF,WB8,5281.25,-6.715244408069832,0.0557994296801222,1.407894615859406e-07,2.9688708583486734,sweep
REF,WB8,5312.5,-6.754375191508971,0.05505799674443824,1.8607228524980117e-06,2.9878336180081733,sweep
REF,WB8,5343.75,-6.973781172384642,0.05236518407568221,3.817280471435027e-06,2.986205349695031,sweep
REF,WB8,5375.0,-7.04019444729965,0.05171294796430989,6.05068862052234e-07,2.9742254599231592,sweep
REF,WB8,5406.25,-7.172540932462229,0.05009591621633892,4.260493881809757e-06,2.9798486954824,sweep
REF,WB8,5437.5,-7.137526345678528,0.04953317311889641,2.5464824290507254e-07,3.06392502170758,sweep
REF,WB8,5468.75,-7.085183818791565,0.04895915097105331,1.4934342796269432e-07,3.166890269954066,sweep
REF,WB8,5500.0,-7.118299112935537,0.04845972303175204,5.044803122211299e-08,3.178304478040479,sweep
REF,WB8,5531.25,-7.321575381290362,0.04600548737163193,3.530968647089546e-06,3.200741127174551,sweep
REF,WB8,5562.5,-7.731918680853223,0.040917589972568405,4.2565582125165966e-06,3.299393725942808,sweep
REF,WB8,5593.75,-7.860784146665043,0.0392553831639262,5.632748705570781e-06,3.3506365128149946,sweep
REF,WB8,5625.0,-7.7669653478750265,0.03977742612957538,3.0862609193486966e-06,3.3870807405185333,sweep
REF,WB8,5656.25,-7.624984913966123,0.04106768983381704,8.888298368504764e-07,3.390425220016425,sweep
REF,WB8,5687.5,-7.823758158349729,0.03954511507822117,1.3190214512889992e-06,3.3557262719349117,sweep
REF,WB8,5718.75,-8.08825453041161,0.03703904925161307,2.5795684297262147e-06,3.375560033548559,sweep
REF,WB8,5750.0,-8.170389065649413,0.03656553978137033,1.206497623228175e-06,3.349303912876087,sweep
REF,WB8,5781.25,-8.240718978424852,0.03610169014341569,2.9495660015938466e-08,3.3344185449060197,sweep
REF,WB8,5812.5,-7.805986843672603,0.03938908922846404,1.193426291715944e-07,3.390666633777511,sweep
REF,WB8,5843.75,-7.50142988740865,0.04174919264569922,3.017644498716331e-07,3.442502165581574,sweep
REF,WB8,5875.0,-7.909868046980697,0.03891172248953284,8.556000988180385e-08,3.3397402605955313,sweep
REF,WB8,5906.25,-8.244012459139837,0.0372477456379427,1.1509716626214308e-06,3.19540047932148,sweep
REF,WB8,5937.5,-8.539340146263411,0.035071027413762106,4.2072668746178043e-07,3.1615878327534412,sweep
REF,WB8,5968.75,-8.380267182593187,0.03696936558068343,2.651553146785113e-07,3.09172570616297,sweep
REF,WB8,6000.0,-8.062600399358507,0.040476891997183774,2.000344722133354e-07,3.0157408881508383,sweep
REF,WB8,6031.25,-8.03105596604289,0.040696618111559925,1.7651396815810365e-07,3.023773692625208,sweep
REF,WB8,6062.5,-8.061666733360806,0.040446487280143044,5.863822418145337e-07,3.019938036611553,sweep
REF,WB8,6093.75,-8.358748920968006,0.038582877950381636,2.531706666812219e-07,2.9277177548494873,sweep
REF,WB8,6125.0,-8.887392415910604,0.03512335647499592,2.6943880193888543e-08,2.807060336602918,sweep
REF,WB8,6156.25,-8.76518378072258,0.036145474944973534,1.4714009617362223e-07,2.8046897298231293,sweep
REF,WB8,6187.5,-8.55057464279943,0.037572745001642906,4.0815208463757197e-07,2.851108973978151,sweep
REF,WB8,6218.75,-8.824559251723297,0.03614661728014497,2.542753654493207e-07,2.745177007334399,sweep
REF,WB8,6250.0,-8.951140188353548,0.035756941928532564,8.253158315420917e-08,2.6656689871590453,sweep
REF,WB8,6281.25,-9.11161960832888,0.03431759927323287,4.92929123362077e-07,2.68362427218866,sweep
REF,WB8,6312.5,-9.549033469157479,0.030526903004529135,4.5406506791421784e-07,2.7545519303718855,sweep
REF,WB8,6343.75,-10.226794323764224,0.025816395198746848,1.1444379642509169e-06,2.804662536995184,sweep
REF,WB8,6375.0,-9.789508415656309,0.02881861044242765,1.344322220996782e-07,2.764174087144699,sweep
REF,WB8,6406.25,-9.447468550547061,0.03233656308382367,4.437230972436615e-07,2.606005729666641,sweep
REF,WB8,6437.5,-9.626989053207755,0.03178564266726773,4.793842504702635e-07,2.5011138464022724,sweep
REF,WB8,6468.75,-9.9698897568145,0.029734255496089494,3.49893030747817e-08,2.447952421953701,sweep
REF,WB8,6500.0,-10.23945931849665,0.02821115562873669,1.6020408378865624e-07,2.4067447811784493,sweep
REF,WB8,6531.25,-10.545928449324721,0.027060287855305367,2.1874894770900177e-07,2.281160296754707,sweep
REF,WB8,6562.5,-10.68682580338338,0.026732887558668827,1.6817765817607368e-07,2.193128346840603,sweep
REF,WB8,6593.75,-10.721168680876884,0.026287351389369894,3.2557892829147585e-07,2.2317758813934954,sweep
REF,WB8,6625.0,-10.57302996591098,0.02738674955470327,1.7986760422936858e-07,2.201977998384053,sweep
REF,WB8,6656.25,-10.655621077451762,0.027444472645710278,1.2520344941977137e-07,2.1102428888955025,sweep
REF,WB8,6687.5,-10.704122855387386,0.027627813310731823,3.127327665895567e-08,2.032824884985442,sweep
REF,WB8,6718.75,-10.575970967564368,0.028460267107229247,2.001127859426481e-08,2.0320521823177846,sweep
REF,WB8,6750.0,-10.717273968583093,0.028648520573702027,3.845008024811054e-08,1.8621169020500108,sweep
REF,WB8,6781.25,-10.7324578790491,0.0291821634469484,6.016151342473718e-08,1.7667801324264076,sweep
REF,WB8,6812.5,-10.647804843834308,0.029823968590166113,2.8207698405269393e-07,1.756953690558157,sweep
REF,WB8,6843.75,-11.18542774979214,0.026887266518492055,7.264394174932902e-09,1.669518596264328,sweep
REF,WB8,6875.0,-11.605268963047259,0.024993569911510555,2.5409433697534216e-09,1.5668609819438646,sweep
REF,WB8,6906.25,-11.722551877673496,0.025273607826153077,7.063234808066209e-08,1.4011885675544873,sweep
REF,WB8,6937.5,-11.632593162835384,0.027172221352670924,4.068731995781073e-08,1.17656826622188,sweep
REF,WB8,6968.75,-12.396152865361117,0.02372997237210456,1.1522933461361466e-07,1.0012876760427685,sweep
REF,WB8,7000.0,-13.239372421797206,0.020188141062129097,2.68330602048354e-07,0.8600771389489581,sweep
REF,WB8,7031.25,-13.190370853616853,0.021109887943075317,1.8712233928976059e-07,0.7151827340130743,sweep
REF,WB8,7062.5,-13.505692982511256,0.02039800768686431,9.652040470865311e-08,0.5488423736503554,sweep
REF,WB8,7093.75,-13.394158624605254,0.021455826429863913,1.489759030948465e-07,0.44080177033930856,sweep
REF,WB8,7125.0,-13.35956527029708,0.02284376835181448,3.146558627334324e-07,0.20317012162168557,sweep
REF,WB8,7156.25,-13.596546554017731,0.023331948575964233,2.1112330888573318e-07,-0.1256437924229287,sweep
REF,WB8,7187.5,-13.173186811733157,0.026408003572289104,6.074867142598398e-08,-0.2401296451824299,sweep
REF,WB8,7218.75,-13.638845471290736,0.023987391568765153,9.856247900019202e-09,-0.2882628499143005,sweep
REF,WB8,7250.0,-13.790256220477183,0.024221148927320763,7.352449873087983e-08,-0.4817907532486093,sweep
REF,WB8,7281.25,-13.532384369808835,0.02687758647788124,9.718165865108906e-08,-0.6758741811924006,sweep
REF,WB8,7312.5,-13.970754726680553,0.025273884715528064,3.35186802792332e-08,-0.8470618610738812,sweep
REF,WB8,7343.75,-13.935073119724276,0.025786370451682052,2.985985026776756e-08,-0.8985624277300847,sweep
REF,WB8,7375.0,-13.902490943351744,0.025574467047652382,3.0894397960254607e-08,-0.8301439972294845,sweep
REF,WB8,7406.25,-14.518352667791072,0.022850001759569246,2.3126035629389866e-08,-0.9568021790228,sweep
REF,WB8,7437.5,-14.965614379035756,0.021651619808833837,1.1277411405702854e-07,-1.1701054367902501,sweep
REF,WB8,7468.75,-15.464027670070807,0.01962706185709149,3.827201665405308e-08,-1.2421677148834949,sweep
REF,WB8,7500.0,-15.932843319733097,0.01823839574445326,9.128898352754404e-09,-1.3922968022842297,sweep
REF,WB8,7531.25,-16.39716334964695,0.01701075938281942,4.587217331628333e-08,-1.5539874976501675,sweep
REF,WB8,7562.5,-16.46342266236156,0.016871390387648993,7.051986732972124e-08,-1.5845185420406371,sweep
REF,WB8,7593.75,-16.27268342488318,0.018039262706571118,1.1286502592008959e-07,-1.6844583902341532,sweep
REF,WB8,7625.0,-15.471925175740148,0.02245584532202985,2.7178581858359686e-07,-1.8348063902391178,sweep
REF,WB8,7656.25,-14.395950475850409,0.029035067908933423,1.9502004485535715e-07,-1.8747660698354554,sweep
REF,WB8,7687.5,-14.572139147469844,0.028553495258232624,1.52635927890428e-07,-1.9783190622322748,sweep
REF,WB8,7718.75,-15.092809171944472,0.02610088080787463,1.955241141406673e-08,-2.108947938816132,sweep
REF,WB8,7750.0,-15.203475318371071,0.02625078787172861,4.214861361447909e-08,-2.244485876423733,sweep
REF,WB8,7781.25,-16.025587850659797,0.022229029309976587,5.573576195898006e-08,-2.344379968231814,sweep
REF,WB8,7812.5,-16.834627167716963,0.018841677148461203,4.737079687929165e-08,-2.4354098794578976,sweep
REF,WB8,7843.75,-17.06408061444892,0.018298654713690285,1.7780512941759734e-07,-2.5378593702362373,sweep
REF,WB8,7875.0,-16.692174034536606,0.01929468893086194,1.742189827926273e-07,-2.3961389799257073,sweep
REF,WB8,7906.25,-16.261324141217496,0.020984638340186084,2.632369657644634e-07,-2.329926161585379,sweep
REF,WB8,7937.5,-15.673906895054806,0.024286337849732872,7.867113245145311e-06,-2.3771143501768623,sweep
REF,WB8,7968.75,-15.510990486251377,0.024593313630469873,2.046402035016442e-05,-2.2687481013697015,sweep
REF,WB8,8000.0,-15.387449504858097,0.02488399723396392,1.461307728604041e-05,-2.1962380815583833,sweep
