set,model,condition,scope,n_utterances,n_speakers,n_words,substitutions,deletions,insertions,word_errors,wer_pct,cer_pct,mean_utterance_wer_pct,empty_hypotheses
pilot,wav2vec2,REF,pooled,138,69,2887,124,15,10,149,5.161066851402841,1.7354877318970676,6.892939178947401,0
pilot,wav2vec2,REF,dev-clean,72,36,1718,43,7,2,52,3.026775320139697,0.8891852839835501,3.2645769769614765,0
pilot,wav2vec2,REF,dev-other,66,33,1169,81,8,8,97,8.297690333618478,2.995696789142668,10.851152490204774,0
pilot,wav2vec2,LP,pooled,138,69,2887,172,24,12,208,7.204710772428126,2.480218099607687,9.329928335883535,0
pilot,wav2vec2,LP,dev-clean,72,36,1718,55,11,3,69,4.016298020954598,1.211514949427587,5.083598417306447,0
pilot,wav2vec2,LP,dev-other,66,33,1169,117,13,9,139,11.890504704875962,4.369414101290963,13.962288247058542,0
pilot,wav2vec2,OPUS,pooled,138,69,2887,212,25,14,251,8.694146172497403,3.2980916284327417,11.064470930131444,0
pilot,wav2vec2,OPUS,dev-clean,72,36,1718,57,10,2,69,4.016298020954598,1.2559742136267644,4.3664384732864745,0
pilot,wav2vec2,OPUS,dev-other,66,33,1169,155,15,12,182,15.568862275449101,6.3389606090698445,18.371415428507774,0
pilot,wav2vec2,SILK,pooled,138,69,2887,158,25,13,196,6.789054381711119,2.4868674778908173,9.213310186103673,0
pilot,wav2vec2,SILK,dev-clean,72,36,1718,49,11,2,62,3.608847497089639,1.1448260531288208,4.670874756012523,0
pilot,wav2vec2,SILK,dev-other,66,33,1169,109,14,11,134,11.46278870829769,4.485269778219132,14.168694291657655,0
pilot,wav2vec2,NEG_LP,pooled,138,69,2887,124,15,10,149,5.161066851402841,1.7155395970476761,6.814859373665523,0
pilot,wav2vec2,NEG_LP,dev-clean,72,36,1718,43,8,1,52,3.026775320139697,0.8780704679337556,3.241920801729397,0
pilot,wav2vec2,NEG_LP,dev-other,66,33,1169,81,7,9,97,8.297690333618478,2.962595167163191,10.712610543050388,0
pilot,wav2vec2,NEG_CODEC,pooled,138,69,2887,125,16,10,151,5.230342916522342,1.7421371101801981,6.983704639625572,0
pilot,wav2vec2,NEG_CODEC,dev-clean,72,36,1718,42,7,2,51,2.9685681024447033,0.8669556518839613,3.2367991991836984,0
pilot,wav2vec2,NEG_CODEC,dev-other,66,33,1169,83,9,8,100,8.554319931565441,3.0453492221118834,11.071237847380345,0
pilot,whisper,REF,pooled,138,69,2887,52,4,5,61,2.112919986144787,0.8777179333732296,3.13519721864996,0
pilot,whisper,REF,dev-clean,72,36,1718,17,3,1,21,1.2223515715948778,0.44459264199177506,2.4182153224153495,0
pilot,whisper,REF,dev-other,66,33,1169,35,1,4,40,3.4217279726261762,1.5226746110559417,3.9173592872695338,0
pilot,whisper,LP,pooled,138,69,2887,57,4,6,67,2.3207481815032907,1.0173548773189707,3.4113246768910623,0
pilot,whisper,LP,dev-clean,72,36,1718,19,1,1,21,1.2223515715948778,0.5668556185395132,2.1941623957762166,0
pilot,whisper,LP,dev-other,66,33,1169,38,3,5,46,3.9349871685201028,1.6881827209533267,4.739138074470894,0
pilot,whisper,OPUS,pooled,138,69,2887,63,8,6,77,2.667128507100797,1.2500831172285392,3.9352298351794928,0
pilot,whisper,OPUS,dev-clean,72,36,1718,20,4,0,24,1.3969732246798603,0.6780037790374569,2.1901835315032345,0
pilot,whisper,OPUS,dev-other,66,33,1169,43,4,6,53,4.533789563729684,2.1019529956967893,5.83891671191723,0
pilot,whisper,SILK,pooled,138,69,2887,60,3,6,69,2.390024246622792,1.0639005253008844,3.6339164345656623,0
pilot,whisper,SILK,dev-clean,72,36,1718,20,2,1,23,1.3387660069848661,0.6335445148382794,2.3234312750450954,0
pilot,whisper,SILK,dev-other,66,33,1169,40,1,5,46,3.9349871685201028,1.7047335319430652,5.063536608588098,0
pilot,whisper,NEG_LP,pooled,138,69,2887,53,2,5,60,2.0782819535850363,0.8644191768069686,3.1753178326196787,0
pilot,whisper,NEG_LP,dev-clean,72,36,1718,19,1,1,21,1.2223515715948778,0.47793709014115815,2.5318516860517133,0
pilot,whisper,NEG_LP,dev-other,66,33,1169,34,1,4,39,3.3361847733105217,1.4399205561072492,3.8772809016029126,0
pilot,whisper,NEG_CODEC,pooled,138,69,2887,52,4,7,63,2.182196051264288,0.9641598510539264,3.2530808605610613,0
pilot,whisper,NEG_CODEC,dev-clean,72,36,1718,17,2,1,20,1.1641443538998837,0.4557074580415694,2.3550840092840364,0
pilot,whisper,NEG_CODEC,dev-other,66,33,1169,35,2,6,43,3.6783575705731395,1.7212843429328037,4.2327137892269056,0
