utterance,subset,speaker_id,num_samples_ref,ogg_sha256,stage3_ogg_sha256,g1_ogg_identical,num_packets,packets_identical,samples_per_packet,output_gain,pre_skip,lookahead_samples,pre_skip_is_3x_lookahead,final_granule,length_48k,length_48k_convention,ffmpeg_length_48k,length_16k,length_equals_ref,nonfinite_48k,nonfinite_16k,waveform_sha256,r1_refdec_waveform_sha256,r1_refdec_identical,ffmpeg_waveform_sha256,stage3_opus_waveform_sha256,ffmpeg_identical_to_stage3,libopus_lag_vs_ref_samples,ffmpeg_lag_vs_ref_samples,libopus_rms_change_db,ffmpeg_rms_change_db,libopus_peak,libopus_clip_count,decoder_same_length,decoder_bit_identical,decoder_snr_unaligned_db,decoder_snr_one_sample_db,decoder_one_sample_shift,decoder_max_abs_difference,decoder
777-126732-0023,dev-clean,777,112320,ae49cc3575278d7d918dccfc9d8e6ffc77772de6d7587084074d2f32c82ad6ab,ae49cc3575278d7d918dccfc9d8e6ffc77772de6d7587084074d2f32c82ad6ab,True,352,True,960,0,312,104,True,337272,336960,336960,336960,112320,True,0,0,02316a85f650bef6635f19d4f9f9628a05260556f0449725f0064be9c74e10eb,02316a85f650bef6635f19d4f9f9628a05260556f0449725f0064be9c74e10eb,True,204ed80464bb0af8119c63da6c9188f3fa8e027e18c8546156e08d994dbc1702,204ed80464bb0af8119c63da6c9188f3fa8e027e18c8546156e08d994dbc1702,True,0,2,-0.8812538151379278,-0.8892918061238524,0.1837221384048462,0,True,False,10.716605079161257,18.273901186980762,-1,0.097201868891716,libopus 1.4
777-126732-0026,dev-clean,777,31520,a960952d7583bae4b743982cfeb6f5bfde67f79581fc5a56f6e30f81f52f0c2e,a960952d7583bae4b743982cfeb6f5bfde67f79581fc5a56f6e30f81f52f0c2e,True,99,True,960,0,312,104,True,94872,94560,94560,94560,31520,True,0,0,42a162670327c94869035f7457f73af30450e714c01c7944be7c7b88051b3c6b,42a162670327c94869035f7457f73af30450e714c01c7944be7c7b88051b3c6b,True,f2c06a32b0e2014d417f9c7526a5a4cd7510a1a7f872ffccac20adb6e259aeeb,f2c06a32b0e2014d417f9c7526a5a4cd7510a1a7f872ffccac20adb6e259aeeb,True,1,2,-0.7812623278783013,-0.7937622791765181,0.15437231957912445,0,True,False,10.723398400124143,16.228773500773467,-1,0.0628273703623563,libopus 1.4
777-126732-0034,dev-clean,777,55680,369233409c97ccc8cd4fe3561b4a851d7a7960e737dac291312cab7446cb0995,369233409c97ccc8cd4fe3561b4a851d7a7960e737dac291312cab7446cb0995,True,175,True,960,0,312,104,True,167352,167040,167040,167040,55680,True,0,0,61dd1fea7ab797f08b03a6468961eb2cd33c9b115b53cdcb30c99b49d9a9be2c,61dd1fea7ab797f08b03a6468961eb2cd33c9b115b53cdcb30c99b49d9a9be2c,True,640082bd9b9967407b7ee98b2b247b11f8888496151b44761390ff5a100ba830,640082bd9b9967407b7ee98b2b247b11f8888496151b44761390ff5a100ba830,True,0,2,-1.0495235283630802,-1.0628177594804393,0.1830368936061859,0,True,False,10.603284784005293,15.737840564766724,-1,0.07889414019882679,libopus 1.4
777-126732-0052,dev-clean,777,79200,d650d5b6b963f2fc5d0f160c140c2135b3f70e0b0043358d73a7cda83d101f8d,d650d5b6b963f2fc5d0f160c140c2135b3f70e0b0043358d73a7cda83d101f8d,True,248,True,960,0,312,104,True,237912,237600,237600,237600,79200,True,0,0,5d2394cf03bd57ddcaa6d2b9a2add0cc9bc4ab89bc7d4fc53fb0aa7d92723487,5d2394cf03bd57ddcaa6d2b9a2add0cc9bc4ab89bc7d4fc53fb0aa7d92723487,True,9aa264f274785d3897d2ffecd9ec4adeb01d94393082abcec0e5cd452c9dcc9c,9aa264f274785d3897d2ffecd9ec4adeb01d94393082abcec0e5cd452c9dcc9c,True,1,2,-1.1626363189771016,-1.1753730394455888,0.2402852475643158,0,True,False,10.42344505445695,16.642546700666173,-1,0.11223825067281723,libopus 1.4
777-126732-0076,dev-clean,777,68160,80a3e6c576fb1e0a95a259b9d8ffc09045db887f6193160ca682ac659643c186,80a3e6c576fb1e0a95a259b9d8ffc09045db887f6193160ca682ac659643c186,True,214,True,960,0,312,104,True,204792,204480,204480,204480,68160,True,0,0,4ae634e63c69ffe2688537360003eaf937f5c0439fc65062f69e1c93d2d692b2,4ae634e63c69ffe2688537360003eaf937f5c0439fc65062f69e1c93d2d692b2,True,1e90d30ce7b98258711021c7e416e90aff14ee622686f2fd7b01fc1323346555,1e90d30ce7b98258711021c7e416e90aff14ee622686f2fd7b01fc1323346555,True,0,2,-1.0148490409692423,-1.0245361818627465,0.18872015178203583,0,True,False,11.77794439788687,16.799303278878888,-1,0.061445578932762146,libopus 1.4
1993-147149-0006,dev-clean,1993,446080,085b9d8f8fc3b2bf1b6b6d484deedd88e0fc7953988cddf32121cc3240ad32ce,085b9d8f8fc3b2bf1b6b6d484deedd88e0fc7953988cddf32121cc3240ad32ce,True,1395,True,960,0,312,104,True,1338552,1338240,1338240,1338240,446080,True,0,0,847f41497ad6721dfdc859ce1b4432cc524fd94bcf30d375c54f0ec4715fd474,847f41497ad6721dfdc859ce1b4432cc524fd94bcf30d375c54f0ec4715fd474,True,e5665e314050069f66ab3d4a70f157e13cf19a11a0b4934a37db11bd45f13ecb,e5665e314050069f66ab3d4a70f157e13cf19a11a0b4934a37db11bd45f13ecb,True,1,2,-1.449288188940755,-1.4625314427709055,0.04215062037110329,0,True,False,12.725253499656171,16.483557786634627,-1,0.021302337641827762,libopus 1.4
1993-147149-0014,dev-clean,1993,48880,a72d67288deb2f36319632d68653281c4ce2094b7765a8fd71e6fe9962924776,a72d67288deb2f36319632d68653281c4ce2094b7765a8fd71e6fe9962924776,True,154,True,960,0,312,104,True,146952,146640,146640,146640,48880,True,0,0,2c88521238aaaf82e6cda8f651432256c2a3f6b662637a21ec54129a368dd616,2c88521238aaaf82e6cda8f651432256c2a3f6b662637a21ec54129a368dd616,True,9d42f78c383decc346a464af2c7f272ce682caee36c1726901d725b4d0d405cd,9d42f78c383decc346a464af2c7f272ce682caee36c1726901d725b4d0d405cd,True,1,2,-1.82082338961624,-1.8294120199835586,0.03204314783215523,0,True,False,11.342090215631917,16.225792649218622,-1,0.019589047151384875,libopus 1.4
1993-147149-0020,dev-clean,1993,271680,4e4a69007e851e28fa2785251feaf02730332efb125adeb29a3c6642cfffc538,4e4a69007e851e28fa2785251feaf02730332efb125adeb29a3c6642cfffc538,True,850,True,960,0,312,104,True,815352,815040,815040,815040,271680,True,0,0,b2839746e6f40dc08420ac64cc20972897ea9c68157669fecc344bd4a7c9a275,b2839746e6f40dc08420ac64cc20972897ea9c68157669fecc344bd4a7c9a275,True,3bb8b064621d4c82b790aa7a9ab14697715ca5119a41744c3da29a5a4836edca,3bb8b064621d4c82b790aa7a9ab14697715ca5119a41744c3da29a5a4836edca,True,1,2,-0.8243104005066724,-0.8227931146870481,0.08954720944166183,0,True,False,13.402344175883442,19.40029213545095,-1,0.050682224333286285,libopus 1.4
1993-147964-0004,dev-clean,1993,116800,fb03daf6a98758ec1179938e582336627420bfff7fcda366897b68db81d17e03,fb03daf6a98758ec1179938e582336627420bfff7fcda366897b68db81d17e03,True,366,True,960,0,312,104,True,350712,350400,350400,350400,116800,True,0,0,81371666a2cc4be9b5b3f62fcb8d00040897b23e272a5f5c36b43b5ee927742f,81371666a2cc4be9b5b3f62fcb8d00040897b23e272a5f5c36b43b5ee927742f,True,a96aa492ce6b09f7cdb284942c75cf3da51a2645484ef8163dad124548cafeba,a96aa492ce6b09f7cdb284942c75cf3da51a2645484ef8163dad124548cafeba,True,1,2,-0.7458069779280743,-0.7845710439096456,0.45077189803123474,0,True,False,10.278417178655133,11.876271990342266,-1,0.28652916848659515,libopus 1.4
1993-147965-0003,dev-clean,1993,118000,8c80d410aaf5f2a4be2895f82e25e1d54c4bb6c42a5f0c0fe3b309e305d52f40,8c80d410aaf5f2a4be2895f82e25e1d54c4bb6c42a5f0c0fe3b309e305d52f40,True,370,True,960,0,312,104,True,354312,354000,354000,354000,118000,True,0,0,0b8b2f050cb01d88e5d0b203b0e1b582c824e272ed30a293ccf8c343fe9f7dae,0b8b2f050cb01d88e5d0b203b0e1b582c824e272ed30a293ccf8c343fe9f7dae,True,8b90f251ea30b99e35d38e3fdc313b7fcbc741a0eb9bff0e6c0edf75b7d621a8,8b90f251ea30b99e35d38e3fdc313b7fcbc741a0eb9bff0e6c0edf75b7d621a8,True,0,2,-0.42253151807752737,-0.4261952237696419,0.4741860330104828,0,True,False,15.009348725347472,22.44881245309438,-1,0.14134027203544974,libopus 1.4
3170-137482-0012,dev-clean,3170,47760,85ec80bd3d93a5132ff5781dbfd1ab1637de701aba9baa77cfe663fd36a87e57,85ec80bd3d93a5132ff5781dbfd1ab1637de701aba9baa77cfe663fd36a87e57,True,150,True,960,0,312,104,True,143592,143280,143280,143280,47760,True,0,0,3aad1c92ace1be92ddf8f4cb80160c721bdde88fd5b0eb261ae7e16cc22b8a63,3aad1c92ace1be92ddf8f4cb80160c721bdde88fd5b0eb261ae7e16cc22b8a63,True,7f5bb43dbd69d814865b6532ec3d150a93fdf4b55157574707722d45bee2e619,7f5bb43dbd69d814865b6532ec3d150a93fdf4b55157574707722d45bee2e619,True,0,2,-0.7681622518490616,-0.7725217780617621,0.4080650806427002,0,True,False,12.093045253179861,17.89217239640536,-1,0.1495359018445015,libopus 1.4
3170-137482-0019,dev-clean,3170,85280,a0a406b76aab28cc2da727db071b136152960a76a3ae134f74c5001aa4448ea0,a0a406b76aab28cc2da727db071b136152960a76a3ae134f74c5001aa4448ea0,True,267,True,960,0,312,104,True,256152,255840,255840,255840,85280,True,0,0,9b187587bcf19b061bab0160f905ecc6a8beb85814c168cd9b388b1f18f3820b,9b187587bcf19b061bab0160f905ecc6a8beb85814c168cd9b388b1f18f3820b,True,629c5200f3b1de4381f065913c918f0b637a225443edc7e5b0d1c24ad808d3ce,629c5200f3b1de4381f065913c918f0b637a225443edc7e5b0d1c24ad808d3ce,True,0,2,-0.718557978541972,-0.730088455722549,0.4615635275840759,0,True,False,10.848095340847543,17.5938847358567,-1,0.22334736585617065,libopus 1.4
3170-137482-0025,dev-clean,3170,119120,e705716a3546987eedc294837407625ffb11166f91a900ce59d9d360747ce4d1,e705716a3546987eedc294837407625ffb11166f91a900ce59d9d360747ce4d1,True,373,True,960,0,312,104,True,357672,357360,357360,357360,119120,True,0,0,6803f2047e056ce71ff5758801cf60a2ca41d3030225f9edff13dd0ea3f64480,6803f2047e056ce71ff5758801cf60a2ca41d3030225f9edff13dd0ea3f64480,True,733cd6edc4204e882963d35045c688bf34278e50ca098b5de1e40727e335376a,733cd6edc4204e882963d35045c688bf34278e50ca098b5de1e40727e335376a,True,0,2,-0.885340232573163,-0.8843753316958378,0.4488261044025421,0,True,False,11.236848576716286,20.63144157781105,-1,0.2067101113498211,libopus 1.4
3170-137482-0033,dev-clean,3170,39440,bcccc1f5fd0419db82e49236770f81491121c26b097396bc76d4c1408a20adaf,bcccc1f5fd0419db82e49236770f81491121c26b097396bc76d4c1408a20adaf,True,124,True,960,0,312,104,True,118632,118320,118320,118320,39440,True,0,0,c47a37df118058974a8017469d857347c74e2d577ab0729031de1541826d684e,c47a37df118058974a8017469d857347c74e2d577ab0729031de1541826d684e,True,701eac5e1615ee56352f463ce0db78c47e92fd1328f3224f05fba0ab6378c8e0,701eac5e1615ee56352f463ce0db78c47e92fd1328f3224f05fba0ab6378c8e0,True,1,2,-0.8915243674850324,-0.8948038005112037,0.39776811003685,0,True,False,10.468384250821787,18.512478679073617,-1,0.22141706198453903,libopus 1.4
3170-137482-0040,dev-clean,3170,212080,f88bc28725ba3ecf5e8d0e793c0ba9616ee3a46d285ba0fa65883a76f0af4ec6,f88bc28725ba3ecf5e8d0e793c0ba9616ee3a46d285ba0fa65883a76f0af4ec6,True,664,True,960,0,312,104,True,636552,636240,636240,636240,212080,True,0,0,cf8ba4e0f81a7dd93481ff491bbc921978fe742f35af47fb61d8ae4cec04ec3d,cf8ba4e0f81a7dd93481ff491bbc921978fe742f35af47fb61d8ae4cec04ec3d,True,4cb17310908838d425f6691f4ccc0c09d39999641b40dd3d0ebc46ce0585ec5a,4cb17310908838d425f6691f4ccc0c09d39999641b40dd3d0ebc46ce0585ec5a,True,0,2,-0.6962388137539521,-0.6973095026612253,0.4542620778083801,0,True,False,11.6339924567309,20.254896167703343,-1,0.21153855288866907,libopus 1.4
3536-23268-0001,dev-clean,3536,254480,4bac45685868577d2bd235bcf64a9f5b4ec543600d9d0cc6ba54dd661f3bd6a0,4bac45685868577d2bd235bcf64a9f5b4ec543600d9d0cc6ba54dd661f3bd6a0,True,796,True,960,0,312,104,True,763752,763440,763440,763440,254480,True,0,0,84ee0e853a787a97b70541227c89edcddb36bea9a35c4e7dcf37f85acb1925eb,84ee0e853a787a97b70541227c89edcddb36bea9a35c4e7dcf37f85acb1925eb,True,675131acb6def329476073b86172b0cb5ad97671a8742c0a061aa268a21b5d0c,675131acb6def329476073b86172b0cb5ad97671a8742c0a061aa268a21b5d0c,True,0,2,-0.36694103338259565,-0.36607011247542787,0.865227460861206,0,True,False,6.67408654297347,17.95206730329499,-1,0.4382057897746563,libopus 1.4
3536-23268-0019,dev-clean,3536,162640,9a1729850bfc6818ad9f85a3de021d48c357ad2f8623d1bd32deabdadaa7fa9c,9a1729850bfc6818ad9f85a3de021d48c357ad2f8623d1bd32deabdadaa7fa9c,True,509,True,960,0,312,104,True,488232,487920,487920,487920,162640,True,0,0,5b45d4ebae24204188d7d730cc23f3f5ac5d0b1f2e93908ab08cdbeb2bb8b761,5b45d4ebae24204188d7d730cc23f3f5ac5d0b1f2e93908ab08cdbeb2bb8b761,True,d00e6a7415564524ab8b55689b20165682bb1af6c930a0512758be669af45ee5,d00e6a7415564524ab8b55689b20165682bb1af6c930a0512758be669af45ee5,True,0,2,-0.5212599306416834,-0.5240841603084814,0.4684371054172516,0,True,False,7.22179247845132,17.51404223695644,-1,0.27306610718369484,libopus 1.4
3536-8226-0004,dev-clean,3536,234000,1215cd155f54059bb1a50e91406f051b07fe61f6a704d5e7c7863698d4798fff,1215cd155f54059bb1a50e91406f051b07fe61f6a704d5e7c7863698d4798fff,True,732,True,960,0,312,104,True,702312,702000,702000,702000,234000,True,0,0,de6e0b948b98fde7675579cc71158839703d08c083ea05a82db026fb96d2c6aa,de6e0b948b98fde7675579cc71158839703d08c083ea05a82db026fb96d2c6aa,True,9ea95f08115f53bda9da78a0dd657939f08c053edc1254b004c6ea870aae6bea,9ea95f08115f53bda9da78a0dd657939f08c053edc1254b004c6ea870aae6bea,True,0,2,-0.5213393424189248,-0.5225352298358714,0.3230192959308624,0,True,False,6.806092126512163,17.494717564943414,-1,0.19544654339551926,libopus 1.4
3536-8226-0007,dev-clean,3536,37360,c93327f775268119d8874b1bdeb35ae0d86e13e00dd26e678007eda542a52cda,c93327f775268119d8874b1bdeb35ae0d86e13e00dd26e678007eda542a52cda,True,118,True,960,0,312,104,True,112392,112080,112080,112080,37360,True,0,0,cc92be06b7c1eab71348a80cfc868f60c906083d365d158491aa2a7602c0bd6f,cc92be06b7c1eab71348a80cfc868f60c906083d365d158491aa2a7602c0bd6f,True,6e7df82ef8e4571440cfa6622d458f0eb58773188d79aa10657b41c7f4e1f4ee,6e7df82ef8e4571440cfa6622d458f0eb58773188d79aa10657b41c7f4e1f4ee,True,0,2,-0.26353784937070157,-0.26269834002376846,0.32663819193840027,0,True,False,7.774442792533067,18.780354321961305,-1,0.1166691854596138,libopus 1.4
3536-8226-0019,dev-clean,3536,85280,1655968ada9f1d0ae43d39fc6f6629bdee887ce19111da6ade6b19bb3659f612,1655968ada9f1d0ae43d39fc6f6629bdee887ce19111da6ade6b19bb3659f612,True,267,True,960,0,312,104,True,256152,255840,255840,255840,85280,True,0,0,69d257ee0ade845cddf0a2b28125c404689344afa8e56546f7a974e9c199ec2c,69d257ee0ade845cddf0a2b28125c404689344afa8e56546f7a974e9c199ec2c,True,7a671c29ef9cb7c469dfecc10a81c0ff5450bfd567ff550f05399ca9f7b06b97,7a671c29ef9cb7c469dfecc10a81c0ff5450bfd567ff550f05399ca9f7b06b97,True,0,2,-0.5671056898805433,-0.5604922956002845,0.4750654399394989,0,True,False,6.085450140040869,17.92013353007261,-1,0.27215421944856644,libopus 1.4
