check,subset,condition,field,comparison,n,n_exact,max_abs_error,tolerance,status,note
selection,test-clean,all,dataset_index (selection order),exact,50,50,,exact,PASS,
asr,test-clean,WAV,sample,exact,50,50,,exact,PASS,
asr,test-clean,WAV,speaker_id,exact,50,50,,exact,PASS,
asr,test-clean,WAV,chapter_id,exact,50,50,,exact,PASS,
asr,test-clean,WAV,utterance_id,exact,50,50,,exact,PASS,
asr,test-clean,WAV,reference,exact,50,50,,exact,PASS,
asr,test-clean,WAV,prediction,exact,50,50,,exact,PASS,
asr,test-clean,WAV,original_size_bytes,exact,50,50,,exact,PASS,
asr,test-clean,WAV,compressed_size_bytes,exact,50,50,,exact,PASS,
asr,test-clean,WAV,wer (per utterance),tolerance,50,50,0.0,abs <= 0,PASS,
asr,test-clean,WAV,corpus WER over reproduced utterances,tolerance,1,1,0.0,abs <= 0,PASS,
bitrate,test-clean,WAV,actual_bitrate_kbps,tolerance,50,50,0.0,rel <= 1e-12,PASS,
bitrate,test-clean,WAV,compression_ratio,tolerance,50,50,0.0,rel <= 1e-12,PASS,
waveform,test-clean,WAV,num_samples = (frozen original_size_bytes - 78) / 2,exact,50,50,,exact,PASS,
waveform,test-clean,WAV,decoded sample rate seen by ASR,info,,,,,INFO,[16000]. not stored in frozen outputs
errors,test-clean,WAV,edit errors S+D+I (vs error_analysis.py),exact,50,50,,exact,PASS,
errors,test-clean,WAV,S/D/I split differences,info,,,,,INFO,0 utterance(s). JiWER vs error_analysis.py back-trace tie-breaking; totals are the check
asr,test-clean,Opus 12k,sample,exact,50,50,,exact,PASS,
asr,test-clean,Opus 12k,speaker_id,exact,50,50,,exact,PASS,
asr,test-clean,Opus 12k,chapter_id,exact,50,50,,exact,PASS,
asr,test-clean,Opus 12k,utterance_id,exact,50,50,,exact,PASS,
asr,test-clean,Opus 12k,reference,exact,50,50,,exact,PASS,
asr,test-clean,Opus 12k,prediction,exact,50,50,,exact,PASS,
asr,test-clean,Opus 12k,original_size_bytes,exact,50,50,,exact,PASS,
asr,test-clean,Opus 12k,compressed_size_bytes,exact,50,50,,exact,PASS,
asr,test-clean,Opus 12k,wer (per utterance),tolerance,50,50,0.0,abs <= 0,PASS,
asr,test-clean,Opus 12k,corpus WER over reproduced utterances,tolerance,1,1,0.0,abs <= 0,PASS,
bitrate,test-clean,Opus 12k,actual_bitrate_kbps,tolerance,50,50,0.0,rel <= 1e-12,PASS,
bitrate,test-clean,Opus 12k,compression_ratio,tolerance,50,50,0.0,rel <= 1e-12,PASS,
waveform,test-clean,Opus 12k,num_samples = (frozen original_size_bytes - 78) / 2,exact,50,50,,exact,PASS,
waveform,test-clean,Opus 12k,decoded sample rate seen by ASR,info,,,,,INFO,[48000]. not stored in frozen outputs
errors,test-clean,Opus 12k,edit errors S+D+I (vs error_analysis.py),exact,50,50,,exact,PASS,
errors,test-clean,Opus 12k,S/D/I split differences,info,,,,,INFO,0 utterance(s). JiWER vs error_analysis.py back-trace tie-breaking; totals are the check
asr,test-clean,Opus 8k,sample,exact,50,50,,exact,PASS,
asr,test-clean,Opus 8k,speaker_id,exact,50,50,,exact,PASS,
asr,test-clean,Opus 8k,chapter_id,exact,50,50,,exact,PASS,
asr,test-clean,Opus 8k,utterance_id,exact,50,50,,exact,PASS,
asr,test-clean,Opus 8k,reference,exact,50,50,,exact,PASS,
asr,test-clean,Opus 8k,prediction,exact,50,50,,exact,PASS,
asr,test-clean,Opus 8k,original_size_bytes,exact,50,50,,exact,PASS,
asr,test-clean,Opus 8k,compressed_size_bytes,exact,50,50,,exact,PASS,
asr,test-clean,Opus 8k,wer (per utterance),tolerance,50,50,0.0,abs <= 0,PASS,
asr,test-clean,Opus 8k,corpus WER over reproduced utterances,tolerance,1,1,0.0,abs <= 0,PASS,
bitrate,test-clean,Opus 8k,actual_bitrate_kbps,tolerance,50,50,0.0,rel <= 1e-12,PASS,
bitrate,test-clean,Opus 8k,compression_ratio,tolerance,50,50,0.0,rel <= 1e-12,PASS,
waveform,test-clean,Opus 8k,num_samples = (frozen original_size_bytes - 78) / 2,exact,50,50,,exact,PASS,
waveform,test-clean,Opus 8k,decoded sample rate seen by ASR,info,,,,,INFO,[48000]. not stored in frozen outputs
errors,test-clean,Opus 8k,edit errors S+D+I (vs error_analysis.py),exact,50,50,,exact,PASS,
errors,test-clean,Opus 8k,S/D/I split differences,info,,,,,INFO,0 utterance(s). JiWER vs error_analysis.py back-trace tie-breaking; totals are the check
signal,test-clean,Opus 12k,speaker_id,exact,50,50,,exact,PASS,
signal,test-clean,Opus 12k,chapter_id,exact,50,50,,exact,PASS,
signal,test-clean,Opus 12k,utterance_id,exact,50,50,,exact,PASS,
signal,test-clean,Opus 12k,estimated_delay_samples,exact,50,50,,exact,PASS,
signal,test-clean,Opus 12k,retained_bandwidth_hz,exact,50,50,,exact,PASS,
signal,test-clean,Opus 12k,spectral_distortion,tolerance,50,50,0.0,abs <= 1e-09,PASS,
signal,test-clean,Opus 12k,lsd_db,tolerance,50,50,0.0,abs <= 1e-09,PASS,
signal,test-clean,Opus 12k,hf_power_change_db,tolerance,50,50,0.0,abs <= 1e-09,PASS,
signal,test-clean,Opus 12k,estimated_delay_ms,tolerance,50,50,0.0,abs <= 1e-09,PASS,
waveform,test-clean,Opus 12k,"decoded length - reference length (16 kHz samples, min/max)",info,,,,,INFO,0/0. not stored in frozen outputs
waveform,test-clean,Opus 12k,aligned length - reference length (min/max),info,,,,,INFO,0/0. not stored in frozen outputs
signal,test-clean,Opus 8k,speaker_id,exact,50,50,,exact,PASS,
signal,test-clean,Opus 8k,chapter_id,exact,50,50,,exact,PASS,
signal,test-clean,Opus 8k,utterance_id,exact,50,50,,exact,PASS,
signal,test-clean,Opus 8k,estimated_delay_samples,exact,50,50,,exact,PASS,
signal,test-clean,Opus 8k,retained_bandwidth_hz,exact,50,50,,exact,PASS,
signal,test-clean,Opus 8k,spectral_distortion,tolerance,50,50,0.0,abs <= 1e-09,PASS,
signal,test-clean,Opus 8k,lsd_db,tolerance,50,50,0.0,abs <= 1e-09,PASS,
signal,test-clean,Opus 8k,hf_power_change_db,tolerance,50,50,0.0,abs <= 1e-09,PASS,
signal,test-clean,Opus 8k,estimated_delay_ms,tolerance,50,50,0.0,abs <= 1e-09,PASS,
waveform,test-clean,Opus 8k,"decoded length - reference length (16 kHz samples, min/max)",info,,,,,INFO,0/0. not stored in frozen outputs
waveform,test-clean,Opus 8k,aligned length - reference length (min/max),info,,,,,INFO,-2/-2. not stored in frozen outputs
representation,test-clean,Opus 12k,speaker_id,exact,50,50,,exact,PASS,
representation,test-clean,Opus 12k,chapter_id,exact,50,50,,exact,PASS,
representation,test-clean,Opus 12k,utterance_id,exact,50,50,,exact,PASS,
representation,test-clean,Opus 12k,drift_conv,tolerance,50,0,4.984321594347918e-07,<= %.6g rounding + 1e-05,PASS,
representation,test-clean,Opus 12k,drift_layer_1,tolerance,50,0,4.774627685583122e-07,<= %.6g rounding + 1e-05,PASS,
representation,test-clean,Opus 12k,drift_layer_2,tolerance,50,0,4.945907592784904e-07,<= %.6g rounding + 1e-05,PASS,
representation,test-clean,Opus 12k,drift_layer_3,tolerance,50,0,6.370925903498303e-08,<= %.6g rounding + 1e-05,PASS,
representation,test-clean,Opus 12k,drift_layer_4,tolerance,50,0,4.9491119383238136e-08,<= %.6g rounding + 1e-05,PASS,
representation,test-clean,Opus 12k,drift_layer_5,tolerance,50,0,4.942855835049498e-08,<= %.6g rounding + 1e-05,PASS,
representation,test-clean,Opus 12k,drift_layer_6,tolerance,50,0,4.973373413097448e-08,<= %.6g rounding + 1e-05,PASS,
representation,test-clean,Opus 12k,drift_layer_7,tolerance,50,0,4.7856903075821355e-08,<= %.6g rounding + 1e-05,PASS,
representation,test-clean,Opus 12k,drift_layer_8,tolerance,50,0,4.750671386659355e-08,<= %.6g rounding + 1e-05,PASS,
representation,test-clean,Opus 12k,drift_layer_9,tolerance,50,0,4.8794555666809014e-08,<= %.6g rounding + 1e-05,PASS,
representation,test-clean,Opus 12k,drift_layer_10,tolerance,50,0,4.986724853536795e-08,<= %.6g rounding + 1e-05,PASS,
representation,test-clean,Opus 12k,drift_layer_11,tolerance,50,0,4.809875488349935e-09,<= %.6g rounding + 1e-05,PASS,
representation,test-clean,Opus 12k,drift_layer_12,tolerance,50,0,4.9984741210679084e-08,<= %.6g rounding + 1e-05,PASS,
representation,test-clean,Opus 12k,sdrift_conv,tolerance,50,0,4.960021972588713e-07,<= %.6g rounding + 1e-05,PASS,
representation,test-clean,Opus 12k,sdrift_layer_1,tolerance,50,0,4.841117858811472e-07,<= %.6g rounding + 1e-05,PASS,
representation,test-clean,Opus 12k,sdrift_layer_2,tolerance,50,0,4.988746643008746e-07,<= %.6g rounding + 1e-05,PASS,
representation,test-clean,Opus 12k,sdrift_layer_3,tolerance,50,0,4.931030273408465e-07,<= %.6g rounding + 1e-05,PASS,
representation,test-clean,Opus 12k,sdrift_layer_4,tolerance,50,0,4.129562377885865e-07,<= %.6g rounding + 1e-05,PASS,
representation,test-clean,Opus 12k,sdrift_layer_5,tolerance,50,0,4.767150878909332e-07,<= %.6g rounding + 1e-05,PASS,
representation,test-clean,Opus 12k,sdrift_layer_6,tolerance,50,0,4.177246093750586e-07,<= %.6g rounding + 1e-05,PASS,
representation,test-clean,Opus 12k,sdrift_layer_7,tolerance,50,0,2.9336547852087946e-07,<= %.6g rounding + 1e-05,PASS,
representation,test-clean,Opus 12k,sdrift_layer_8,tolerance,50,0,4.830093383589862e-08,<= %.6g rounding + 1e-05,PASS,
representation,test-clean,Opus 12k,sdrift_layer_9,tolerance,50,0,4.8374938964312886e-08,<= %.6g rounding + 1e-05,PASS,
representation,test-clean,Opus 12k,sdrift_layer_10,tolerance,50,0,4.919738769496029e-08,<= %.6g rounding + 1e-05,PASS,
representation,test-clean,Opus 12k,sdrift_layer_11,tolerance,50,0,4.917297363390971e-08,<= %.6g rounding + 1e-05,PASS,
representation,test-clean,Opus 12k,sdrift_layer_12,tolerance,50,0,4.992370605805263e-08,<= %.6g rounding + 1e-05,PASS,
waveform,test-clean,Opus 12k,Wav2Vec2 frames: compressed - WAV (min/max),info,,,,,INFO,0/0. frozen code truncates to the shorter sequence
representation,test-clean,Opus 8k,speaker_id,exact,50,50,,exact,PASS,
representation,test-clean,Opus 8k,chapter_id,exact,50,50,,exact,PASS,
representation,test-clean,Opus 8k,utterance_id,exact,50,50,,exact,PASS,
representation,test-clean,Opus 8k,drift_conv,tolerance,50,0,4.962425231846979e-07,<= %.6g rounding + 1e-05,PASS,
representation,test-clean,Opus 8k,drift_layer_1,tolerance,50,0,4.984817504882777e-07,<= %.6g rounding + 1e-05,PASS,
representation,test-clean,Opus 8k,drift_layer_2,tolerance,50,0,4.872703552316615e-07,<= %.6g rounding + 1e-05,PASS,
representation,test-clean,Opus 8k,drift_layer_3,tolerance,50,0,4.946060180588407e-07,<= %.6g rounding + 1e-05,PASS,
representation,test-clean,Opus 8k,drift_layer_4,tolerance,50,0,4.975700378384573e-07,<= %.6g rounding + 1e-05,PASS,
representation,test-clean,Opus 8k,drift_layer_5,tolerance,50,0,4.805259704587783e-07,<= %.6g rounding + 1e-05,PASS,
representation,test-clean,Opus 8k,drift_layer_6,tolerance,50,0,4.962425231846979e-07,<= %.6g rounding + 1e-05,PASS,
representation,test-clean,Opus 8k,drift_layer_7,tolerance,50,0,4.884223938073085e-07,<= %.6g rounding + 1e-05,PASS,
representation,test-clean,Opus 8k,drift_layer_8,tolerance,50,0,4.912223816044836e-07,<= %.6g rounding + 1e-05,PASS,
representation,test-clean,Opus 8k,drift_layer_9,tolerance,50,0,2.70645141603465e-07,<= %.6g rounding + 1e-05,PASS,
representation,test-clean,Opus 8k,drift_layer_10,tolerance,50,0,2.624511718785083e-07,<= %.6g rounding + 1e-05,PASS,
representation,test-clean,Opus 8k,drift_layer_11,tolerance,50,0,4.653091430564804e-08,<= %.6g rounding + 1e-05,PASS,
representation,test-clean,Opus 8k,drift_layer_12,tolerance,50,0,4.860916137661153e-08,<= %.6g rounding + 1e-05,PASS,
representation,test-clean,Opus 8k,sdrift_conv,tolerance,50,0,4.927177429392415e-07,<= %.6g rounding + 1e-05,PASS,
representation,test-clean,Opus 8k,sdrift_layer_1,tolerance,50,0,4.95605468775473e-07,<= %.6g rounding + 1e-05,PASS,
representation,test-clean,Opus 8k,sdrift_layer_2,tolerance,50,0,4.989814758049604e-07,<= %.6g rounding + 1e-05,PASS,
representation,test-clean,Opus 8k,sdrift_layer_3,tolerance,50,0,4.89250183088874e-07,<= %.6g rounding + 1e-05,PASS,
representation,test-clean,Opus 8k,sdrift_layer_4,tolerance,50,0,4.979095458712557e-07,<= %.6g rounding + 1e-05,PASS,
representation,test-clean,Opus 8k,sdrift_layer_5,tolerance,50,0,4.457588195783124e-07,<= %.6g rounding + 1e-05,PASS,
representation,test-clean,Opus 8k,sdrift_layer_6,tolerance,50,0,4.873352050793756e-07,<= %.6g rounding + 1e-05,PASS,
representation,test-clean,Opus 8k,sdrift_layer_7,tolerance,50,0,4.902648925719788e-07,<= %.6g rounding + 1e-05,PASS,
representation,test-clean,Opus 8k,sdrift_layer_8,tolerance,50,0,4.754981994675722e-07,<= %.6g rounding + 1e-05,PASS,
representation,test-clean,Opus 8k,sdrift_layer_9,tolerance,50,0,4.909400939945296e-07,<= %.6g rounding + 1e-05,PASS,
representation,test-clean,Opus 8k,sdrift_layer_10,tolerance,50,0,4.385261535705398e-07,<= %.6g rounding + 1e-05,PASS,
representation,test-clean,Opus 8k,sdrift_layer_11,tolerance,50,0,3.93772125240055e-07,<= %.6g rounding + 1e-05,PASS,
representation,test-clean,Opus 8k,sdrift_layer_12,tolerance,50,0,4.978332519556261e-07,<= %.6g rounding + 1e-05,PASS,
waveform,test-clean,Opus 8k,Wav2Vec2 frames: compressed - WAV (min/max),info,,,,,INFO,0/0. frozen code truncates to the shorter sequence
packets,test-clean,Opus 12k,TOC configuration packet counts (SILK-WB),exact,1,1,,exact,PASS,frozen table_opus_modes.csv covers the same 50 utterances
packets,test-clean,Opus 8k,TOC configuration packet counts (SILK-NB),exact,1,1,,exact,PASS,frozen table_opus_modes.csv covers the same 50 utterances
determinism,test-clean,WAV,wav_hidden_state_repeat_max_abs_diff,info,,,,,INFO,max 0 over 5 utterances. GPU run-to-run variation
determinism,test-clean,all,opus_12k_decoded_identical_across_encodes,exact,50,50,,exact,PASS,independent encodes of the same utterance
determinism,test-clean,all,opus_12k_file_size_identical_across_encodes,exact,50,50,,exact,PASS,independent encodes of the same utterance
determinism,test-clean,all,opus_8k_decoded_identical_across_encodes,exact,50,50,,exact,PASS,independent encodes of the same utterance
determinism,test-clean,all,opus_8k_file_size_identical_across_encodes,exact,50,50,,exact,PASS,independent encodes of the same utterance
selection,test-other,all,dataset_index (selection order),exact,50,50,,exact,PASS,
asr,test-other,WAV,sample,exact,50,50,,exact,PASS,
asr,test-other,WAV,speaker_id,exact,50,50,,exact,PASS,
asr,test-other,WAV,chapter_id,exact,50,50,,exact,PASS,
asr,test-other,WAV,utterance_id,exact,50,50,,exact,PASS,
asr,test-other,WAV,reference,exact,50,50,,exact,PASS,
asr,test-other,WAV,prediction,exact,50,50,,exact,PASS,
asr,test-other,WAV,original_size_bytes,exact,50,50,,exact,PASS,
asr,test-other,WAV,compressed_size_bytes,exact,50,50,,exact,PASS,
asr,test-other,WAV,wer (per utterance),tolerance,50,50,0.0,abs <= 0,PASS,
asr,test-other,WAV,corpus WER over reproduced utterances,tolerance,1,1,0.0,abs <= 0,PASS,
bitrate,test-other,WAV,actual_bitrate_kbps,tolerance,50,50,0.0,rel <= 1e-12,PASS,
bitrate,test-other,WAV,compression_ratio,tolerance,50,50,0.0,rel <= 1e-12,PASS,
waveform,test-other,WAV,num_samples = (frozen original_size_bytes - 78) / 2,exact,50,50,,exact,PASS,
waveform,test-other,WAV,decoded sample rate seen by ASR,info,,,,,INFO,[16000]. not stored in frozen outputs
errors,test-other,WAV,edit errors S+D+I (vs error_analysis.py),exact,50,50,,exact,PASS,
errors,test-other,WAV,S/D/I split differences,info,,,,,INFO,0 utterance(s). JiWER vs error_analysis.py back-trace tie-breaking; totals are the check
asr,test-other,Opus 12k,sample,exact,50,50,,exact,PASS,
asr,test-other,Opus 12k,speaker_id,exact,50,50,,exact,PASS,
asr,test-other,Opus 12k,chapter_id,exact,50,50,,exact,PASS,
asr,test-other,Opus 12k,utterance_id,exact,50,50,,exact,PASS,
asr,test-other,Opus 12k,reference,exact,50,50,,exact,PASS,
asr,test-other,Opus 12k,prediction,exact,50,50,,exact,PASS,
asr,test-other,Opus 12k,original_size_bytes,exact,50,50,,exact,PASS,
asr,test-other,Opus 12k,compressed_size_bytes,exact,50,50,,exact,PASS,
asr,test-other,Opus 12k,wer (per utterance),tolerance,50,50,0.0,abs <= 0,PASS,
asr,test-other,Opus 12k,corpus WER over reproduced utterances,tolerance,1,1,0.0,abs <= 0,PASS,
bitrate,test-other,Opus 12k,actual_bitrate_kbps,tolerance,50,50,0.0,rel <= 1e-12,PASS,
bitrate,test-other,Opus 12k,compression_ratio,tolerance,50,50,0.0,rel <= 1e-12,PASS,
waveform,test-other,Opus 12k,num_samples = (frozen original_size_bytes - 78) / 2,exact,50,50,,exact,PASS,
waveform,test-other,Opus 12k,decoded sample rate seen by ASR,info,,,,,INFO,[48000]. not stored in frozen outputs
errors,test-other,Opus 12k,edit errors S+D+I (vs error_analysis.py),exact,50,50,,exact,PASS,
errors,test-other,Opus 12k,S/D/I split differences,info,,,,,INFO,0 utterance(s). JiWER vs error_analysis.py back-trace tie-breaking; totals are the check
asr,test-other,Opus 8k,sample,exact,50,50,,exact,PASS,
asr,test-other,Opus 8k,speaker_id,exact,50,50,,exact,PASS,
asr,test-other,Opus 8k,chapter_id,exact,50,50,,exact,PASS,
asr,test-other,Opus 8k,utterance_id,exact,50,50,,exact,PASS,
asr,test-other,Opus 8k,reference,exact,50,50,,exact,PASS,
asr,test-other,Opus 8k,prediction,exact,50,50,,exact,PASS,
asr,test-other,Opus 8k,original_size_bytes,exact,50,50,,exact,PASS,
asr,test-other,Opus 8k,compressed_size_bytes,exact,50,50,,exact,PASS,
asr,test-other,Opus 8k,wer (per utterance),tolerance,50,50,0.0,abs <= 0,PASS,
asr,test-other,Opus 8k,corpus WER over reproduced utterances,tolerance,1,1,0.0,abs <= 0,PASS,
bitrate,test-other,Opus 8k,actual_bitrate_kbps,tolerance,50,50,0.0,rel <= 1e-12,PASS,
bitrate,test-other,Opus 8k,compression_ratio,tolerance,50,50,0.0,rel <= 1e-12,PASS,
waveform,test-other,Opus 8k,num_samples = (frozen original_size_bytes - 78) / 2,exact,50,50,,exact,PASS,
waveform,test-other,Opus 8k,decoded sample rate seen by ASR,info,,,,,INFO,[48000]. not stored in frozen outputs
errors,test-other,Opus 8k,edit errors S+D+I (vs error_analysis.py),exact,50,50,,exact,PASS,
errors,test-other,Opus 8k,S/D/I split differences,info,,,,,INFO,0 utterance(s). JiWER vs error_analysis.py back-trace tie-breaking; totals are the check
signal,test-other,Opus 12k,speaker_id,exact,50,50,,exact,PASS,
signal,test-other,Opus 12k,chapter_id,exact,50,50,,exact,PASS,
signal,test-other,Opus 12k,utterance_id,exact,50,50,,exact,PASS,
signal,test-other,Opus 12k,estimated_delay_samples,exact,50,50,,exact,PASS,
signal,test-other,Opus 12k,retained_bandwidth_hz,exact,50,50,,exact,PASS,
signal,test-other,Opus 12k,spectral_distortion,tolerance,50,50,0.0,abs <= 1e-09,PASS,
signal,test-other,Opus 12k,lsd_db,tolerance,50,50,0.0,abs <= 1e-09,PASS,
signal,test-other,Opus 12k,hf_power_change_db,tolerance,50,50,0.0,abs <= 1e-09,PASS,
signal,test-other,Opus 12k,estimated_delay_ms,tolerance,50,50,0.0,abs <= 1e-09,PASS,
waveform,test-other,Opus 12k,"decoded length - reference length (16 kHz samples, min/max)",info,,,,,INFO,0/0. not stored in frozen outputs
waveform,test-other,Opus 12k,aligned length - reference length (min/max),info,,,,,INFO,0/0. not stored in frozen outputs
signal,test-other,Opus 8k,speaker_id,exact,50,50,,exact,PASS,
signal,test-other,Opus 8k,chapter_id,exact,50,50,,exact,PASS,
signal,test-other,Opus 8k,utterance_id,exact,50,50,,exact,PASS,
signal,test-other,Opus 8k,estimated_delay_samples,exact,50,50,,exact,PASS,
signal,test-other,Opus 8k,retained_bandwidth_hz,exact,50,50,,exact,PASS,
signal,test-other,Opus 8k,spectral_distortion,tolerance,50,50,0.0,abs <= 1e-09,PASS,
signal,test-other,Opus 8k,lsd_db,tolerance,50,50,0.0,abs <= 1e-09,PASS,
signal,test-other,Opus 8k,hf_power_change_db,tolerance,50,50,0.0,abs <= 1e-09,PASS,
signal,test-other,Opus 8k,estimated_delay_ms,tolerance,50,50,0.0,abs <= 1e-09,PASS,
waveform,test-other,Opus 8k,"decoded length - reference length (16 kHz samples, min/max)",info,,,,,INFO,0/0. not stored in frozen outputs
waveform,test-other,Opus 8k,aligned length - reference length (min/max),info,,,,,INFO,-2/-2. not stored in frozen outputs
representation,test-other,Opus 12k,speaker_id,exact,50,50,,exact,PASS,
representation,test-other,Opus 12k,chapter_id,exact,50,50,,exact,PASS,
representation,test-other,Opus 12k,utterance_id,exact,50,50,,exact,PASS,
representation,test-other,Opus 12k,drift_conv,tolerance,50,0,4.992790222230203e-07,<= %.6g rounding + 1e-05,PASS,
representation,test-other,Opus 12k,drift_layer_1,tolerance,50,0,4.4756698608372503e-07,<= %.6g rounding + 1e-05,PASS,
representation,test-other,Opus 12k,drift_layer_2,tolerance,50,0,4.890556335457319e-07,<= %.6g rounding + 1e-05,PASS,
representation,test-other,Opus 12k,drift_layer_3,tolerance,50,0,4.921760559106758e-07,<= %.6g rounding + 1e-05,PASS,
representation,test-other,Opus 12k,drift_layer_4,tolerance,50,0,4.5434570312974376e-07,<= %.6g rounding + 1e-05,PASS,
representation,test-other,Opus 12k,drift_layer_5,tolerance,50,0,4.702339172352188e-07,<= %.6g rounding + 1e-05,PASS,
representation,test-other,Opus 12k,drift_layer_6,tolerance,50,0,4.931602478053243e-07,<= %.6g rounding + 1e-05,PASS,
representation,test-other,Opus 12k,drift_layer_7,tolerance,50,0,4.472579956116274e-07,<= %.6g rounding + 1e-05,PASS,
representation,test-other,Opus 12k,drift_layer_8,tolerance,50,0,4.6723556518246667e-07,<= %.6g rounding + 1e-05,PASS,
representation,test-other,Opus 12k,drift_layer_9,tolerance,50,0,2.734527587838764e-07,<= %.6g rounding + 1e-05,PASS,
representation,test-other,Opus 12k,drift_layer_10,tolerance,50,0,4.9561309813095367e-08,<= %.6g rounding + 1e-05,PASS,
representation,test-other,Opus 12k,drift_layer_11,tolerance,50,0,4.238204956083513e-08,<= %.6g rounding + 1e-05,PASS,
representation,test-other,Opus 12k,drift_layer_12,tolerance,50,0,4.966201782100055e-08,<= %.6g rounding + 1e-05,PASS,
representation,test-other,Opus 12k,sdrift_conv,tolerance,50,0,4.978561401469683e-07,<= %.6g rounding + 1e-05,PASS,
representation,test-other,Opus 12k,sdrift_layer_1,tolerance,50,0,4.994735717800403e-07,<= %.6g rounding + 1e-05,PASS,
representation,test-other,Opus 12k,sdrift_layer_2,tolerance,50,0,4.6979141235525823e-07,<= %.6g rounding + 1e-05,PASS,
representation,test-other,Opus 12k,sdrift_layer_3,tolerance,50,0,4.715843200664427e-07,<= %.6g rounding + 1e-05,PASS,
representation,test-other,Opus 12k,sdrift_layer_4,tolerance,50,0,4.819831848079659e-07,<= %.6g rounding + 1e-05,PASS,
representation,test-other,Opus 12k,sdrift_layer_5,tolerance,50,0,4.96944427497148e-07,<= %.6g rounding + 1e-05,PASS,
representation,test-other,Opus 12k,sdrift_layer_6,tolerance,50,0,4.882965087826818e-07,<= %.6g rounding + 1e-05,PASS,
representation,test-other,Opus 12k,sdrift_layer_7,tolerance,50,0,4.5166015624764633e-07,<= %.6g rounding + 1e-05,PASS,
representation,test-other,Opus 12k,sdrift_layer_8,tolerance,50,0,4.384765625031761e-07,<= %.6g rounding + 1e-05,PASS,
representation,test-other,Opus 12k,sdrift_layer_9,tolerance,50,0,3.671989440984236e-07,<= %.6g rounding + 1e-05,PASS,
representation,test-other,Opus 12k,sdrift_layer_10,tolerance,50,0,4.3835830688954136e-07,<= %.6g rounding + 1e-05,PASS,
representation,test-other,Opus 12k,sdrift_layer_11,tolerance,50,0,3.705749511695444e-07,<= %.6g rounding + 1e-05,PASS,
representation,test-other,Opus 12k,sdrift_layer_12,tolerance,50,0,4.870071411144927e-07,<= %.6g rounding + 1e-05,PASS,
waveform,test-other,Opus 12k,Wav2Vec2 frames: compressed - WAV (min/max),info,,,,,INFO,0/0. frozen code truncates to the shorter sequence
representation,test-other,Opus 8k,speaker_id,exact,50,50,,exact,PASS,
representation,test-other,Opus 8k,chapter_id,exact,50,50,,exact,PASS,
representation,test-other,Opus 8k,utterance_id,exact,50,50,,exact,PASS,
representation,test-other,Opus 8k,drift_conv,tolerance,50,0,4.934921264410086e-07,<= %.6g rounding + 1e-05,PASS,
representation,test-other,Opus 8k,drift_layer_1,tolerance,50,0,4.902687072982914e-07,<= %.6g rounding + 1e-05,PASS,
representation,test-other,Opus 8k,drift_layer_2,tolerance,50,0,4.970512390012338e-07,<= %.6g rounding + 1e-05,PASS,
representation,test-other,Opus 8k,drift_layer_3,tolerance,50,0,4.645576476836055e-07,<= %.6g rounding + 1e-05,PASS,
representation,test-other,Opus 8k,drift_layer_4,tolerance,50,0,4.80091094962054e-07,<= %.6g rounding + 1e-05,PASS,
representation,test-other,Opus 8k,drift_layer_5,tolerance,50,0,4.91439819338968e-07,<= %.6g rounding + 1e-05,PASS,
representation,test-other,Opus 8k,drift_layer_6,tolerance,50,0,4.901313781779937e-07,<= %.6g rounding + 1e-05,PASS,
representation,test-other,Opus 8k,drift_layer_7,tolerance,50,0,4.876213073740088e-07,<= %.6g rounding + 1e-05,PASS,
representation,test-other,Opus 8k,drift_layer_8,tolerance,50,0,4.949417114208376e-07,<= %.6g rounding + 1e-05,PASS,
representation,test-other,Opus 8k,drift_layer_9,tolerance,50,0,4.899253845253027e-07,<= %.6g rounding + 1e-05,PASS,
representation,test-other,Opus 8k,drift_layer_10,tolerance,50,0,4.966773986814221e-07,<= %.6g rounding + 1e-05,PASS,
representation,test-other,Opus 8k,drift_layer_11,tolerance,50,0,4.824905395356405e-08,<= %.6g rounding + 1e-05,PASS,
representation,test-other,Opus 8k,drift_layer_12,tolerance,50,0,3.495979309098285e-07,<= %.6g rounding + 1e-05,PASS,
representation,test-other,Opus 8k,sdrift_conv,tolerance,50,0,4.990768432411308e-07,<= %.6g rounding + 1e-05,PASS,
representation,test-other,Opus 8k,sdrift_layer_1,tolerance,50,0,4.7179412843156854e-07,<= %.6g rounding + 1e-05,PASS,
representation,test-other,Opus 8k,sdrift_layer_2,tolerance,50,0,4.858093261561613e-07,<= %.6g rounding + 1e-05,PASS,
representation,test-other,Opus 8k,sdrift_layer_3,tolerance,50,0,4.99607086201781e-07,<= %.6g rounding + 1e-05,PASS,
representation,test-other,Opus 8k,sdrift_layer_4,tolerance,50,0,4.826278686420604e-07,<= %.6g rounding + 1e-05,PASS,
representation,test-other,Opus 8k,sdrift_layer_5,tolerance,50,0,4.790267944254634e-07,<= %.6g rounding + 1e-05,PASS,
representation,test-other,Opus 8k,sdrift_layer_6,tolerance,50,0,4.815139770519838e-07,<= %.6g rounding + 1e-05,PASS,
representation,test-other,Opus 8k,sdrift_layer_7,tolerance,50,0,4.860153198227302e-07,<= %.6g rounding + 1e-05,PASS,
representation,test-other,Opus 8k,sdrift_layer_8,tolerance,50,0,4.998855590854223e-07,<= %.6g rounding + 1e-05,PASS,
representation,test-other,Opus 8k,sdrift_layer_9,tolerance,50,0,4.496154785149642e-07,<= %.6g rounding + 1e-05,PASS,
representation,test-other,Opus 8k,sdrift_layer_10,tolerance,50,0,4.946517944137696e-07,<= %.6g rounding + 1e-05,PASS,
representation,test-other,Opus 8k,sdrift_layer_11,tolerance,50,0,4.812622070304862e-07,<= %.6g rounding + 1e-05,PASS,
representation,test-other,Opus 8k,sdrift_layer_12,tolerance,50,0,4.990806579535656e-07,<= %.6g rounding + 1e-05,PASS,
waveform,test-other,Opus 8k,Wav2Vec2 frames: compressed - WAV (min/max),info,,,,,INFO,0/0. frozen code truncates to the shorter sequence
packets,test-other,Opus 12k,TOC configuration packet counts,info,,,,,INFO,{'SILK-WB': 15924}. no frozen packet table for this subset/size
packets,test-other,Opus 8k,TOC configuration packet counts,info,,,,,INFO,{'SILK-NB': 15924}. no frozen packet table for this subset/size
determinism,test-other,WAV,wav_hidden_state_repeat_max_abs_diff,info,,,,,INFO,max 0 over 5 utterances. GPU run-to-run variation
determinism,test-other,all,opus_12k_decoded_identical_across_encodes,exact,50,50,,exact,PASS,independent encodes of the same utterance
determinism,test-other,all,opus_12k_file_size_identical_across_encodes,exact,50,50,,exact,PASS,independent encodes of the same utterance
determinism,test-other,all,opus_8k_decoded_identical_across_encodes,exact,50,50,,exact,PASS,independent encodes of the same utterance
determinism,test-other,all,opus_8k_file_size_identical_across_encodes,exact,50,50,,exact,PASS,independent encodes of the same utterance
frozen,all,all,src/ and results/ SHA-256 after run vs before,exact,1,1,,exact,PASS,111 files hashed
frozen,all,all,src/ and results/ SHA-256 at comparison time vs before,exact,1,1,,exact,PASS,111 files hashed
