dataset,dataset_index,speaker_id,chapter_id,utterance_id,check,value
test-clean,1548,5142,36377,17,wav_hidden_state_repeat_max_abs_diff,0.0
test-clean,1548,5142,36377,17,opus_12k_decoded_identical_across_encodes,1.0
test-clean,1548,5142,36377,17,opus_12k_file_size_identical_across_encodes,1.0
test-clean,1548,5142,36377,17,opus_8k_decoded_identical_across_encodes,1.0
test-clean,1548,5142,36377,17,opus_8k_file_size_identical_across_encodes,1.0
test-clean,1092,4077,13751,18,wav_hidden_state_repeat_max_abs_diff,0.0
test-clean,1092,4077,13751,18,opus_12k_decoded_identical_across_encodes,1.0
test-clean,1092,4077,13751,18,opus_12k_file_size_identical_across_encodes,1.0
test-clean,1092,4077,13751,18,opus_8k_decoded_identical_across_encodes,1.0
test-clean,1092,4077,13751,18,opus_8k_file_size_identical_across_encodes,1.0
test-clean,882,2961,960,8,wav_hidden_state_repeat_max_abs_diff,0.0
test-clean,882,2961,960,8,opus_12k_decoded_identical_across_encodes,1.0
test-clean,882,2961,960,8,opus_12k_file_size_identical_across_encodes,1.0
test-clean,882,2961,960,8,opus_8k_decoded_identical_across_encodes,1.0
test-clean,882,2961,960,8,opus_8k_file_size_identical_across_encodes,1.0
test-clean,1107,4077,13754,11,wav_hidden_state_repeat_max_abs_diff,0.0
test-clean,1107,4077,13754,11,opus_12k_decoded_identical_across_encodes,1.0
test-clean,1107,4077,13754,11,opus_12k_file_size_identical_across_encodes,1.0
test-clean,1107,4077,13754,11,opus_8k_decoded_identical_across_encodes,1.0
test-clean,1107,4077,13754,11,opus_8k_file_size_identical_across_encodes,1.0
test-clean,2475,8463,294828,13,wav_hidden_state_repeat_max_abs_diff,0.0
test-clean,2475,8463,294828,13,opus_12k_decoded_identical_across_encodes,1.0
test-clean,2475,8463,294828,13,opus_12k_file_size_identical_across_encodes,1.0
test-clean,2475,8463,294828,13,opus_8k_decoded_identical_across_encodes,1.0
test-clean,2475,8463,294828,13,opus_8k_file_size_identical_across_encodes,1.0
test-clean,2450,8463,294825,8,opus_12k_decoded_identical_across_encodes,1.0
test-clean,2450,8463,294825,8,opus_12k_file_size_identical_across_encodes,1.0
test-clean,2450,8463,294825,8,opus_8k_decoded_identical_across_encodes,1.0
test-clean,2450,8463,294825,8,opus_8k_file_size_identical_across_encodes,1.0
test-clean,1426,5105,28240,9,opus_12k_decoded_identical_across_encodes,1.0
test-clean,1426,5105,28240,9,opus_12k_file_size_identical_across_encodes,1.0
test-clean,1426,5105,28240,9,opus_8k_decoded_identical_across_encodes,1.0
test-clean,1426,5105,28240,9,opus_8k_file_size_identical_across_encodes,1.0
test-clean,2590,908,157963,27,opus_12k_decoded_identical_across_encodes,1.0
test-clean,2590,908,157963,27,opus_12k_file_size_identical_across_encodes,1.0
test-clean,2590,908,157963,27,opus_8k_decoded_identical_across_encodes,1.0
test-clean,2590,908,157963,27,opus_8k_file_size_identical_across_encodes,1.0
test-clean,2285,8224,274381,5,opus_12k_decoded_identical_across_encodes,1.0
test-clean,2285,8224,274381,5,opus_12k_file_size_identical_across_encodes,1.0
test-clean,2285,8224,274381,5,opus_8k_decoded_identical_across_encodes,1.0
test-clean,2285,8224,274381,5,opus_8k_file_size_identical_across_encodes,1.0
test-clean,1736,61,70968,55,opus_12k_decoded_identical_across_encodes,1.0
test-clean,1736,61,70968,55,opus_12k_file_size_identical_across_encodes,1.0
test-clean,1736,61,70968,55,opus_8k_decoded_identical_across_encodes,1.0
test-clean,1736,61,70968,55,opus_8k_file_size_identical_across_encodes,1.0
test-clean,243,1284,1180,31,opus_12k_decoded_identical_across_encodes,1.0
test-clean,243,1284,1180,31,opus_12k_file_size_identical_across_encodes,1.0
test-clean,243,1284,1180,31,opus_8k_decoded_identical_across_encodes,1.0
test-clean,243,1284,1180,31,opus_8k_file_size_identical_across_encodes,1.0
test-clean,468,1995,1836,2,opus_12k_decoded_identical_across_encodes,1.0
test-clean,468,1995,1836,2,opus_12k_file_size_identical_across_encodes,1.0
test-clean,468,1995,1836,2,opus_8k_decoded_identical_across_encodes,1.0
test-clean,468,1995,1836,2,opus_8k_file_size_identical_across_encodes,1.0
test-clean,1715,61,70968,34,opus_12k_decoded_identical_across_encodes,1.0
test-clean,1715,61,70968,34,opus_12k_file_size_identical_across_encodes,1.0
test-clean,1715,61,70968,34,opus_8k_decoded_identical_across_encodes,1.0
test-clean,1715,61,70968,34,opus_8k_file_size_identical_across_encodes,1.0
test-clean,101,1188,133604,37,opus_12k_decoded_identical_across_encodes,1.0
test-clean,101,1188,133604,37,opus_12k_file_size_identical_across_encodes,1.0
test-clean,101,1188,133604,37,opus_8k_decoded_identical_across_encodes,1.0
test-clean,101,1188,133604,37,opus_8k_file_size_identical_across_encodes,1.0
test-clean,1636,5683,32866,12,opus_12k_decoded_identical_across_encodes,1.0
test-clean,1636,5683,32866,12,opus_12k_file_size_identical_across_encodes,1.0
test-clean,1636,5683,32866,12,opus_8k_decoded_identical_across_encodes,1.0
test-clean,1636,5683,32866,12,opus_8k_file_size_identical_across_encodes,1.0
test-clean,371,1580,141083,37,opus_12k_decoded_identical_across_encodes,1.0
test-clean,371,1580,141083,37,opus_12k_file_size_identical_across_encodes,1.0
test-clean,371,1580,141083,37,opus_8k_decoded_identical_across_encodes,1.0
test-clean,371,1580,141083,37,opus_8k_file_size_identical_across_encodes,1.0
test-clean,892,2961,960,18,opus_12k_decoded_identical_across_encodes,1.0
test-clean,892,2961,960,18,opus_12k_file_size_identical_across_encodes,1.0
test-clean,892,2961,960,18,opus_8k_decoded_identical_across_encodes,1.0
test-clean,892,2961,960,18,opus_8k_file_size_identical_across_encodes,1.0
test-clean,1887,6829,68769,27,opus_12k_decoded_identical_across_encodes,1.0
test-clean,1887,6829,68769,27,opus_12k_file_size_identical_across_encodes,1.0
test-clean,1887,6829,68769,27,opus_8k_decoded_identical_across_encodes,1.0
test-clean,1887,6829,68769,27,opus_8k_file_size_identical_across_encodes,1.0
test-clean,428,1580,141084,40,opus_12k_decoded_identical_across_encodes,1.0
test-clean,428,1580,141084,40,opus_12k_file_size_identical_across_encodes,1.0
test-clean,428,1580,141084,40,opus_8k_decoded_identical_across_encodes,1.0
test-clean,428,1580,141084,40,opus_8k_file_size_identical_across_encodes,1.0
test-clean,1525,5142,33396,63,opus_12k_decoded_identical_across_encodes,1.0
test-clean,1525,5142,33396,63,opus_12k_file_size_identical_across_encodes,1.0
test-clean,1525,5142,33396,63,opus_8k_decoded_identical_across_encodes,1.0
test-clean,1525,5142,33396,63,opus_8k_file_size_identical_across_encodes,1.0
test-clean,151,121,127105,17,opus_12k_decoded_identical_across_encodes,1.0
test-clean,151,121,127105,17,opus_12k_file_size_identical_across_encodes,1.0
test-clean,151,121,127105,17,opus_8k_decoded_identical_across_encodes,1.0
test-clean,151,121,127105,17,opus_8k_file_size_identical_across_encodes,1.0
test-clean,2382,8455,210777,26,opus_12k_decoded_identical_across_encodes,1.0
test-clean,2382,8455,210777,26,opus_12k_file_size_identical_across_encodes,1.0
test-clean,2382,8455,210777,26,opus_8k_decoded_identical_across_encodes,1.0
test-clean,2382,8455,210777,26,opus_8k_file_size_identical_across_encodes,1.0
test-clean,68,1188,133604,4,opus_12k_decoded_identical_across_encodes,1.0
test-clean,68,1188,133604,4,opus_12k_file_size_identical_across_encodes,1.0
test-clean,68,1188,133604,4,opus_8k_decoded_identical_across_encodes,1.0
test-clean,68,1188,133604,4,opus_8k_file_size_identical_across_encodes,1.0
test-clean,1477,5142,33396,15,opus_12k_decoded_identical_across_encodes,1.0
test-clean,1477,5142,33396,15,opus_12k_file_size_identical_across_encodes,1.0
test-clean,1477,5142,33396,15,opus_8k_decoded_identical_across_encodes,1.0
test-clean,1477,5142,33396,15,opus_8k_file_size_identical_across_encodes,1.0
test-clean,2433,8463,287645,6,opus_12k_decoded_identical_across_encodes,1.0
test-clean,2433,8463,287645,6,opus_12k_file_size_identical_across_encodes,1.0
test-clean,2433,8463,287645,6,opus_8k_decoded_identical_across_encodes,1.0
test-clean,2433,8463,287645,6,opus_8k_file_size_identical_across_encodes,1.0
test-clean,865,2830,3980,68,opus_12k_decoded_identical_across_encodes,1.0
test-clean,865,2830,3980,68,opus_12k_file_size_identical_across_encodes,1.0
test-clean,865,2830,3980,68,opus_8k_decoded_identical_across_encodes,1.0
test-clean,865,2830,3980,68,opus_8k_file_size_identical_across_encodes,1.0
test-clean,2487,8463,294828,25,opus_12k_decoded_identical_across_encodes,1.0
test-clean,2487,8463,294828,25,opus_12k_file_size_identical_across_encodes,1.0
test-clean,2487,8463,294828,25,opus_8k_decoded_identical_across_encodes,1.0
test-clean,2487,8463,294828,25,opus_8k_file_size_identical_across_encodes,1.0
test-clean,1233,4507,16021,12,opus_12k_decoded_identical_across_encodes,1.0
test-clean,1233,4507,16021,12,opus_12k_file_size_identical_across_encodes,1.0
test-clean,1233,4507,16021,12,opus_8k_decoded_identical_across_encodes,1.0
test-clean,1233,4507,16021,12,opus_8k_file_size_identical_across_encodes,1.0
test-clean,2476,8463,294828,14,opus_12k_decoded_identical_across_encodes,1.0
test-clean,2476,8463,294828,14,opus_12k_file_size_identical_across_encodes,1.0
test-clean,2476,8463,294828,14,opus_8k_decoded_identical_across_encodes,1.0
test-clean,2476,8463,294828,14,opus_8k_file_size_identical_across_encodes,1.0
test-clean,1893,6829,68769,33,opus_12k_decoded_identical_across_encodes,1.0
test-clean,1893,6829,68769,33,opus_12k_file_size_identical_across_encodes,1.0
test-clean,1893,6829,68769,33,opus_8k_decoded_identical_across_encodes,1.0
test-clean,1893,6829,68769,33,opus_8k_file_size_identical_across_encodes,1.0
test-clean,1393,4992,41806,5,opus_12k_decoded_identical_across_encodes,1.0
test-clean,1393,4992,41806,5,opus_12k_file_size_identical_across_encodes,1.0
test-clean,1393,4992,41806,5,opus_8k_decoded_identical_across_encodes,1.0
test-clean,1393,4992,41806,5,opus_8k_file_size_identical_across_encodes,1.0
test-clean,386,1580,141083,52,opus_12k_decoded_identical_across_encodes,1.0
test-clean,386,1580,141083,52,opus_12k_file_size_identical_across_encodes,1.0
test-clean,386,1580,141083,52,opus_8k_decoded_identical_across_encodes,1.0
test-clean,386,1580,141083,52,opus_8k_file_size_identical_across_encodes,1.0
test-clean,2216,7176,92135,29,opus_12k_decoded_identical_across_encodes,1.0
test-clean,2216,7176,92135,29,opus_12k_file_size_identical_across_encodes,1.0
test-clean,2216,7176,92135,29,opus_8k_decoded_identical_across_encodes,1.0
test-clean,2216,7176,92135,29,opus_8k_file_size_identical_across_encodes,1.0
test-clean,720,260,123286,18,opus_12k_decoded_identical_across_encodes,1.0
test-clean,720,260,123286,18,opus_12k_file_size_identical_across_encodes,1.0
test-clean,720,260,123286,18,opus_8k_decoded_identical_across_encodes,1.0
test-clean,720,260,123286,18,opus_8k_file_size_identical_across_encodes,1.0
test-clean,1130,4446,2271,17,opus_12k_decoded_identical_across_encodes,1.0
test-clean,1130,4446,2271,17,opus_12k_file_size_identical_across_encodes,1.0
test-clean,1130,4446,2271,17,opus_8k_decoded_identical_across_encodes,1.0
test-clean,1130,4446,2271,17,opus_8k_file_size_identical_across_encodes,1.0
test-clean,705,260,123286,3,opus_12k_decoded_identical_across_encodes,1.0
test-clean,705,260,123286,3,opus_12k_file_size_identical_across_encodes,1.0
test-clean,705,260,123286,3,opus_8k_decoded_identical_across_encodes,1.0
test-clean,705,260,123286,3,opus_8k_file_size_identical_across_encodes,1.0
test-clean,2352,8230,279154,40,opus_12k_decoded_identical_across_encodes,1.0
test-clean,2352,8230,279154,40,opus_12k_file_size_identical_across_encodes,1.0
test-clean,2352,8230,279154,40,opus_8k_decoded_identical_across_encodes,1.0
test-clean,2352,8230,279154,40,opus_8k_file_size_identical_across_encodes,1.0
test-clean,1215,4446,2275,40,opus_12k_decoded_identical_across_encodes,1.0
test-clean,1215,4446,2275,40,opus_12k_file_size_identical_across_encodes,1.0
test-clean,1215,4446,2275,40,opus_8k_decoded_identical_across_encodes,1.0
test-clean,1215,4446,2275,40,opus_8k_file_size_identical_across_encodes,1.0
test-clean,217,1284,1180,5,opus_12k_decoded_identical_across_encodes,1.0
test-clean,217,1284,1180,5,opus_12k_file_size_identical_across_encodes,1.0
test-clean,217,1284,1180,5,opus_8k_decoded_identical_across_encodes,1.0
test-clean,217,1284,1180,5,opus_8k_file_size_identical_across_encodes,1.0
test-clean,431,1580,141084,43,opus_12k_decoded_identical_across_encodes,1.0
test-clean,431,1580,141084,43,opus_12k_file_size_identical_across_encodes,1.0
test-clean,431,1580,141084,43,opus_8k_decoded_identical_across_encodes,1.0
test-clean,431,1580,141084,43,opus_8k_file_size_identical_across_encodes,1.0
test-clean,952,3570,5695,9,opus_12k_decoded_identical_across_encodes,1.0
test-clean,952,3570,5695,9,opus_12k_file_size_identical_across_encodes,1.0
test-clean,952,3570,5695,9,opus_8k_decoded_identical_across_encodes,1.0
test-clean,952,3570,5695,9,opus_8k_file_size_identical_across_encodes,1.0
test-clean,2242,7729,102255,9,opus_12k_decoded_identical_across_encodes,1.0
test-clean,2242,7729,102255,9,opus_12k_file_size_identical_across_encodes,1.0
test-clean,2242,7729,102255,9,opus_8k_decoded_identical_across_encodes,1.0
test-clean,2242,7729,102255,9,opus_8k_file_size_identical_across_encodes,1.0
test-clean,680,237,134500,21,opus_12k_decoded_identical_across_encodes,1.0
test-clean,680,237,134500,21,opus_12k_file_size_identical_across_encodes,1.0
test-clean,680,237,134500,21,opus_8k_decoded_identical_across_encodes,1.0
test-clean,680,237,134500,21,opus_8k_file_size_identical_across_encodes,1.0
test-clean,1646,5683,32866,22,opus_12k_decoded_identical_across_encodes,1.0
test-clean,1646,5683,32866,22,opus_12k_file_size_identical_across_encodes,1.0
test-clean,1646,5683,32866,22,opus_8k_decoded_identical_across_encodes,1.0
test-clean,1646,5683,32866,22,opus_8k_file_size_identical_across_encodes,1.0
test-clean,1881,6829,68769,21,opus_12k_decoded_identical_across_encodes,1.0
test-clean,1881,6829,68769,21,opus_12k_file_size_identical_across_encodes,1.0
test-clean,1881,6829,68769,21,opus_8k_decoded_identical_across_encodes,1.0
test-clean,1881,6829,68769,21,opus_8k_file_size_identical_across_encodes,1.0
test-clean,1730,61,70968,49,opus_12k_decoded_identical_across_encodes,1.0
test-clean,1730,61,70968,49,opus_12k_file_size_identical_across_encodes,1.0
test-clean,1730,61,70968,49,opus_8k_decoded_identical_across_encodes,1.0
test-clean,1730,61,70968,49,opus_8k_file_size_identical_across_encodes,1.0
test-clean,2262,7729,102255,29,opus_12k_decoded_identical_across_encodes,1.0
test-clean,2262,7729,102255,29,opus_12k_file_size_identical_across_encodes,1.0
test-clean,2262,7729,102255,29,opus_8k_decoded_identical_across_encodes,1.0
test-clean,2262,7729,102255,29,opus_8k_file_size_identical_across_encodes,1.0
test-clean,2148,7127,75947,30,opus_12k_decoded_identical_across_encodes,1.0
test-clean,2148,7127,75947,30,opus_12k_file_size_identical_across_encodes,1.0
test-clean,2148,7127,75947,30,opus_8k_decoded_identical_across_encodes,1.0
test-clean,2148,7127,75947,30,opus_8k_file_size_identical_across_encodes,1.0
test-clean,1162,4446,2273,24,opus_12k_decoded_identical_across_encodes,1.0
test-clean,1162,4446,2273,24,opus_12k_file_size_identical_across_encodes,1.0
test-clean,1162,4446,2273,24,opus_8k_decoded_identical_across_encodes,1.0
test-clean,1162,4446,2273,24,opus_8k_file_size_identical_across_encodes,1.0
test-clean,1238,4507,16021,17,opus_12k_decoded_identical_across_encodes,1.0
test-clean,1238,4507,16021,17,opus_12k_file_size_identical_across_encodes,1.0
test-clean,1238,4507,16021,17,opus_8k_decoded_identical_across_encodes,1.0
test-clean,1238,4507,16021,17,opus_8k_file_size_identical_across_encodes,1.0
test-other,1548,4852,28330,18,wav_hidden_state_repeat_max_abs_diff,0.0
test-other,1548,4852,28330,18,opus_12k_decoded_identical_across_encodes,1.0
test-other,1548,4852,28330,18,opus_12k_file_size_identical_across_encodes,1.0
test-other,1548,4852,28330,18,opus_8k_decoded_identical_across_encodes,1.0
test-other,1548,4852,28330,18,opus_8k_file_size_identical_across_encodes,1.0
test-other,1092,3997,180294,4,wav_hidden_state_repeat_max_abs_diff,0.0
test-other,1092,3997,180294,4,opus_12k_decoded_identical_across_encodes,1.0
test-other,1092,3997,180294,4,opus_12k_file_size_identical_across_encodes,1.0
test-other,1092,3997,180294,4,opus_8k_decoded_identical_across_encodes,1.0
test-other,1092,3997,180294,4,opus_8k_file_size_identical_across_encodes,1.0
test-other,882,3538,163622,14,wav_hidden_state_repeat_max_abs_diff,0.0
test-other,882,3538,163622,14,opus_12k_decoded_identical_across_encodes,1.0
test-other,882,3538,163622,14,opus_12k_file_size_identical_across_encodes,1.0
test-other,882,3538,163622,14,opus_8k_decoded_identical_across_encodes,1.0
test-other,882,3538,163622,14,opus_8k_file_size_identical_across_encodes,1.0
test-other,1107,3997,180294,19,wav_hidden_state_repeat_max_abs_diff,0.0
test-other,1107,3997,180294,19,opus_12k_decoded_identical_across_encodes,1.0
test-other,1107,3997,180294,19,opus_12k_file_size_identical_across_encodes,1.0
test-other,1107,3997,180294,19,opus_8k_decoded_identical_across_encodes,1.0
test-other,1107,3997,180294,19,opus_8k_file_size_identical_across_encodes,1.0
test-other,2475,7975,280057,20,wav_hidden_state_repeat_max_abs_diff,0.0
test-other,2475,7975,280057,20,opus_12k_decoded_identical_across_encodes,1.0
test-other,2475,7975,280057,20,opus_12k_file_size_identical_across_encodes,1.0
test-other,2475,7975,280057,20,opus_8k_decoded_identical_across_encodes,1.0
test-other,2475,7975,280057,20,opus_8k_file_size_identical_across_encodes,1.0
test-other,2677,8188,269288,4,opus_12k_decoded_identical_across_encodes,1.0
test-other,2677,8188,269288,4,opus_12k_file_size_identical_across_encodes,1.0
test-other,2677,8188,269288,4,opus_8k_decoded_identical_across_encodes,1.0
test-other,2677,8188,269288,4,opus_8k_file_size_identical_across_encodes,1.0
test-other,2450,7902,96595,21,opus_12k_decoded_identical_across_encodes,1.0
test-other,2450,7902,96595,21,opus_12k_file_size_identical_across_encodes,1.0
test-other,2450,7902,96595,21,opus_8k_decoded_identical_across_encodes,1.0
test-other,2450,7902,96595,21,opus_8k_file_size_identical_across_encodes,1.0
test-other,1426,4350,9170,44,opus_12k_decoded_identical_across_encodes,1.0
test-other,1426,4350,9170,44,opus_12k_file_size_identical_across_encodes,1.0
test-other,1426,4350,9170,44,opus_8k_decoded_identical_across_encodes,1.0
test-other,1426,4350,9170,44,opus_8k_file_size_identical_across_encodes,1.0
test-other,2590,8131,117016,35,opus_12k_decoded_identical_across_encodes,1.0
test-other,2590,8131,117016,35,opus_12k_file_size_identical_across_encodes,1.0
test-other,2590,8131,117016,35,opus_8k_decoded_identical_across_encodes,1.0
test-other,2590,8131,117016,35,opus_8k_file_size_identical_across_encodes,1.0
test-other,2285,7105,2340,3,opus_12k_decoded_identical_across_encodes,1.0
test-other,2285,7105,2340,3,opus_12k_file_size_identical_across_encodes,1.0
test-other,2285,7105,2340,3,opus_8k_decoded_identical_across_encodes,1.0
test-other,2285,7105,2340,3,opus_8k_file_size_identical_across_encodes,1.0
test-other,1736,5484,24317,4,opus_12k_decoded_identical_across_encodes,1.0
test-other,1736,5484,24317,4,opus_12k_file_size_identical_across_encodes,1.0
test-other,1736,5484,24317,4,opus_8k_decoded_identical_across_encodes,1.0
test-other,1736,5484,24317,4,opus_8k_file_size_identical_across_encodes,1.0
test-other,243,2033,164915,9,opus_12k_decoded_identical_across_encodes,1.0
test-other,243,2033,164915,9,opus_12k_file_size_identical_across_encodes,1.0
test-other,243,2033,164915,9,opus_8k_decoded_identical_across_encodes,1.0
test-other,243,2033,164915,9,opus_8k_file_size_identical_across_encodes,1.0
test-other,468,3005,163390,9,opus_12k_decoded_identical_across_encodes,1.0
test-other,468,3005,163390,9,opus_12k_file_size_identical_across_encodes,1.0
test-other,468,3005,163390,9,opus_8k_decoded_identical_across_encodes,1.0
test-other,468,3005,163390,9,opus_8k_file_size_identical_across_encodes,1.0
test-other,1715,5442,41169,15,opus_12k_decoded_identical_across_encodes,1.0
test-other,1715,5442,41169,15,opus_12k_file_size_identical_across_encodes,1.0
test-other,1715,5442,41169,15,opus_8k_decoded_identical_across_encodes,1.0
test-other,1715,5442,41169,15,opus_8k_file_size_identical_across_encodes,1.0
test-other,101,1998,15444,5,opus_12k_decoded_identical_across_encodes,1.0
test-other,101,1998,15444,5,opus_12k_file_size_identical_across_encodes,1.0
test-other,101,1998,15444,5,opus_8k_decoded_identical_across_encodes,1.0
test-other,101,1998,15444,5,opus_8k_file_size_identical_across_encodes,1.0
test-other,1636,533,131564,12,opus_12k_decoded_identical_across_encodes,1.0
test-other,1636,533,131564,12,opus_12k_file_size_identical_across_encodes,1.0
test-other,1636,533,131564,12,opus_8k_decoded_identical_across_encodes,1.0
test-other,1636,533,131564,12,opus_8k_file_size_identical_across_encodes,1.0
test-other,371,2609,156975,10,opus_12k_decoded_identical_across_encodes,1.0
test-other,371,2609,156975,10,opus_12k_file_size_identical_across_encodes,1.0
test-other,371,2609,156975,10,opus_8k_decoded_identical_across_encodes,1.0
test-other,371,2609,156975,10,opus_8k_file_size_identical_across_encodes,1.0
test-other,892,3538,163622,24,opus_12k_decoded_identical_across_encodes,1.0
test-other,892,3538,163622,24,opus_12k_file_size_identical_across_encodes,1.0
test-other,892,3538,163622,24,opus_8k_decoded_identical_across_encodes,1.0
test-other,892,3538,163622,24,opus_8k_file_size_identical_across_encodes,1.0
test-other,2707,8188,269288,34,opus_12k_decoded_identical_across_encodes,1.0
test-other,2707,8188,269288,34,opus_12k_file_size_identical_across_encodes,1.0
test-other,2707,8188,269288,34,opus_8k_decoded_identical_across_encodes,1.0
test-other,2707,8188,269288,34,opus_8k_file_size_identical_across_encodes,1.0
test-other,1887,5764,299665,83,opus_12k_decoded_identical_across_encodes,1.0
test-other,1887,5764,299665,83,opus_12k_file_size_identical_across_encodes,1.0
test-other,1887,5764,299665,83,opus_8k_decoded_identical_across_encodes,1.0
test-other,1887,5764,299665,83,opus_8k_file_size_identical_across_encodes,1.0
test-other,428,2609,169640,13,opus_12k_decoded_identical_across_encodes,1.0
test-other,428,2609,169640,13,opus_12k_file_size_identical_across_encodes,1.0
test-other,428,2609,169640,13,opus_8k_decoded_identical_across_encodes,1.0
test-other,428,2609,169640,13,opus_8k_file_size_identical_across_encodes,1.0
test-other,1525,4852,28319,23,opus_12k_decoded_identical_across_encodes,1.0
test-other,1525,4852,28319,23,opus_12k_file_size_identical_across_encodes,1.0
test-other,1525,4852,28319,23,opus_8k_decoded_identical_across_encodes,1.0
test-other,1525,4852,28319,23,opus_8k_file_size_identical_across_encodes,1.0
test-other,151,1998,29454,27,opus_12k_decoded_identical_across_encodes,1.0
test-other,151,1998,29454,27,opus_12k_file_size_identical_across_encodes,1.0
test-other,151,1998,29454,27,opus_8k_decoded_identical_across_encodes,1.0
test-other,151,1998,29454,27,opus_8k_file_size_identical_across_encodes,1.0
test-other,2382,7902,96592,37,opus_12k_decoded_identical_across_encodes,1.0
test-other,2382,7902,96592,37,opus_12k_file_size_identical_across_encodes,1.0
test-other,2382,7902,96592,37,opus_8k_decoded_identical_across_encodes,1.0
test-other,2382,7902,96592,37,opus_8k_file_size_identical_across_encodes,1.0
test-other,68,1688,142285,68,opus_12k_decoded_identical_across_encodes,1.0
test-other,68,1688,142285,68,opus_12k_file_size_identical_across_encodes,1.0
test-other,68,1688,142285,68,opus_8k_decoded_identical_across_encodes,1.0
test-other,68,1688,142285,68,opus_8k_file_size_identical_across_encodes,1.0
test-other,1477,4852,28312,7,opus_12k_decoded_identical_across_encodes,1.0
test-other,1477,4852,28312,7,opus_12k_file_size_identical_across_encodes,1.0
test-other,1477,4852,28312,7,opus_8k_decoded_identical_across_encodes,1.0
test-other,1477,4852,28312,7,opus_8k_file_size_identical_across_encodes,1.0
test-other,2433,7902,96595,4,opus_12k_decoded_identical_across_encodes,1.0
test-other,2433,7902,96595,4,opus_12k_file_size_identical_across_encodes,1.0
test-other,2433,7902,96595,4,opus_8k_decoded_identical_across_encodes,1.0
test-other,2433,7902,96595,4,opus_8k_file_size_identical_across_encodes,1.0
test-other,2649,8131,117017,32,opus_12k_decoded_identical_across_encodes,1.0
test-other,2649,8131,117017,32,opus_12k_file_size_identical_across_encodes,1.0
test-other,2649,8131,117017,32,opus_8k_decoded_identical_across_encodes,1.0
test-other,2649,8131,117017,32,opus_8k_file_size_identical_across_encodes,1.0
test-other,865,3538,163619,12,opus_12k_decoded_identical_across_encodes,1.0
test-other,865,3538,163619,12,opus_12k_file_size_identical_across_encodes,1.0
test-other,865,3538,163619,12,opus_8k_decoded_identical_across_encodes,1.0
test-other,865,3538,163619,12,opus_8k_file_size_identical_across_encodes,1.0
test-other,2487,7975,280063,11,opus_12k_decoded_identical_across_encodes,1.0
test-other,2487,7975,280063,11,opus_12k_file_size_identical_across_encodes,1.0
test-other,2487,7975,280063,11,opus_8k_decoded_identical_across_encodes,1.0
test-other,2487,7975,280063,11,opus_8k_file_size_identical_across_encodes,1.0
test-other,1233,4198,12281,14,opus_12k_decoded_identical_across_encodes,1.0
test-other,1233,4198,12281,14,opus_12k_file_size_identical_across_encodes,1.0
test-other,1233,4198,12281,14,opus_8k_decoded_identical_across_encodes,1.0
test-other,1233,4198,12281,14,opus_8k_file_size_identical_across_encodes,1.0
test-other,2476,7975,280063,0,opus_12k_decoded_identical_across_encodes,1.0
test-other,2476,7975,280063,0,opus_12k_file_size_identical_across_encodes,1.0
test-other,2476,7975,280063,0,opus_8k_decoded_identical_across_encodes,1.0
test-other,2476,7975,280063,0,opus_8k_file_size_identical_across_encodes,1.0
test-other,1893,5764,299665,89,opus_12k_decoded_identical_across_encodes,1.0
test-other,1893,5764,299665,89,opus_12k_file_size_identical_across_encodes,1.0
test-other,1893,5764,299665,89,opus_8k_decoded_identical_across_encodes,1.0
test-other,1893,5764,299665,89,opus_8k_file_size_identical_across_encodes,1.0
test-other,1393,4350,9170,11,opus_12k_decoded_identical_across_encodes,1.0
test-other,1393,4350,9170,11,opus_12k_file_size_identical_across_encodes,1.0
test-other,1393,4350,9170,11,opus_8k_decoded_identical_across_encodes,1.0
test-other,1393,4350,9170,11,opus_8k_file_size_identical_across_encodes,1.0
test-other,386,2609,156975,25,opus_12k_decoded_identical_across_encodes,1.0
test-other,386,2609,156975,25,opus_12k_file_size_identical_across_encodes,1.0
test-other,386,2609,156975,25,opus_8k_decoded_identical_across_encodes,1.0
test-other,386,2609,156975,25,opus_8k_file_size_identical_across_encodes,1.0
test-other,2216,7018,75789,8,opus_12k_decoded_identical_across_encodes,1.0
test-other,2216,7018,75789,8,opus_12k_file_size_identical_across_encodes,1.0
test-other,2216,7018,75789,8,opus_8k_decoded_identical_across_encodes,1.0
test-other,2216,7018,75789,8,opus_8k_file_size_identical_across_encodes,1.0
test-other,720,3528,168669,25,opus_12k_decoded_identical_across_encodes,1.0
test-other,720,3528,168669,25,opus_12k_file_size_identical_across_encodes,1.0
test-other,720,3528,168669,25,opus_8k_decoded_identical_across_encodes,1.0
test-other,720,3528,168669,25,opus_8k_file_size_identical_across_encodes,1.0
test-other,1130,3997,180297,8,opus_12k_decoded_identical_across_encodes,1.0
test-other,1130,3997,180297,8,opus_12k_file_size_identical_across_encodes,1.0
test-other,1130,3997,180297,8,opus_8k_decoded_identical_across_encodes,1.0
test-other,1130,3997,180297,8,opus_8k_file_size_identical_across_encodes,1.0
test-other,705,3528,168669,10,opus_12k_decoded_identical_across_encodes,1.0
test-other,705,3528,168669,10,opus_12k_file_size_identical_across_encodes,1.0
test-other,705,3528,168669,10,opus_8k_decoded_identical_across_encodes,1.0
test-other,705,3528,168669,10,opus_8k_file_size_identical_across_encodes,1.0
test-other,2352,7902,96592,7,opus_12k_decoded_identical_across_encodes,1.0
test-other,2352,7902,96592,7,opus_12k_file_size_identical_across_encodes,1.0
test-other,2352,7902,96592,7,opus_8k_decoded_identical_across_encodes,1.0
test-other,2352,7902,96592,7,opus_8k_file_size_identical_across_encodes,1.0
test-other,1215,4198,12259,40,opus_12k_decoded_identical_across_encodes,1.0
test-other,1215,4198,12259,40,opus_12k_file_size_identical_across_encodes,1.0
test-other,1215,4198,12259,40,opus_8k_decoded_identical_across_encodes,1.0
test-other,1215,4198,12259,40,opus_8k_file_size_identical_across_encodes,1.0
test-other,217,2033,164914,6,opus_12k_decoded_identical_across_encodes,1.0
test-other,217,2033,164914,6,opus_12k_file_size_identical_across_encodes,1.0
test-other,217,2033,164914,6,opus_8k_decoded_identical_across_encodes,1.0
test-other,217,2033,164914,6,opus_8k_file_size_identical_across_encodes,1.0
test-other,431,2609,169640,16,opus_12k_decoded_identical_across_encodes,1.0
test-other,431,2609,169640,16,opus_12k_file_size_identical_across_encodes,1.0
test-other,431,2609,169640,16,opus_8k_decoded_identical_across_encodes,1.0
test-other,431,2609,169640,16,opus_8k_file_size_identical_across_encodes,1.0
test-other,952,367,130732,32,opus_12k_decoded_identical_across_encodes,1.0
test-other,952,367,130732,32,opus_12k_file_size_identical_across_encodes,1.0
test-other,952,367,130732,32,opus_8k_decoded_identical_across_encodes,1.0
test-other,952,367,130732,32,opus_8k_file_size_identical_across_encodes,1.0
test-other,2242,7105,2330,2,opus_12k_decoded_identical_across_encodes,1.0
test-other,2242,7105,2330,2,opus_12k_file_size_identical_across_encodes,1.0
test-other,2242,7105,2330,2,opus_8k_decoded_identical_across_encodes,1.0
test-other,2242,7105,2330,2,opus_8k_file_size_identical_across_encodes,1.0
test-other,680,3331,159609,24,opus_12k_decoded_identical_across_encodes,1.0
test-other,680,3331,159609,24,opus_12k_file_size_identical_across_encodes,1.0
test-other,680,3331,159609,24,opus_8k_decoded_identical_across_encodes,1.0
test-other,680,3331,159609,24,opus_8k_file_size_identical_across_encodes,1.0
test-other,1646,533,131564,22,opus_12k_decoded_identical_across_encodes,1.0
test-other,1646,533,131564,22,opus_12k_file_size_identical_across_encodes,1.0
test-other,1646,533,131564,22,opus_8k_decoded_identical_across_encodes,1.0
test-other,1646,533,131564,22,opus_8k_file_size_identical_across_encodes,1.0
test-other,1881,5764,299665,77,opus_12k_decoded_identical_across_encodes,1.0
test-other,1881,5764,299665,77,opus_12k_file_size_identical_across_encodes,1.0
test-other,1881,5764,299665,77,opus_8k_decoded_identical_across_encodes,1.0
test-other,1881,5764,299665,77,opus_8k_file_size_identical_across_encodes,1.0
test-other,1730,5442,41169,30,opus_12k_decoded_identical_across_encodes,1.0
test-other,1730,5442,41169,30,opus_12k_file_size_identical_across_encodes,1.0
test-other,1730,5442,41169,30,opus_8k_decoded_identical_across_encodes,1.0
test-other,1730,5442,41169,30,opus_8k_file_size_identical_across_encodes,1.0
test-other,2262,7105,2330,22,opus_12k_decoded_identical_across_encodes,1.0
test-other,2262,7105,2330,22,opus_12k_file_size_identical_across_encodes,1.0
test-other,2262,7105,2330,22,opus_8k_decoded_identical_across_encodes,1.0
test-other,2262,7105,2330,22,opus_8k_file_size_identical_across_encodes,1.0
