dataset,dataset_index,speaker_id,chapter_id,utterance_id,codec,bitrate,configuration,packets
test-clean,1548,5142,36377,17,opus,12k,SILK-WB,235
test-clean,1548,5142,36377,17,opus,8k,SILK-NB,235
test-clean,1092,4077,13751,18,opus,12k,SILK-WB,1307
test-clean,1092,4077,13751,18,opus,8k,SILK-NB,1307
test-clean,882,2961,960,8,opus,12k,SILK-WB,774
test-clean,882,2961,960,8,opus,8k,SILK-NB,774
test-clean,1107,4077,13754,11,opus,12k,SILK-WB,707
test-clean,1107,4077,13754,11,opus,8k,SILK-NB,707
test-clean,2475,8463,294828,13,opus,12k,SILK-WB,361
test-clean,2475,8463,294828,13,opus,8k,SILK-NB,361
test-clean,2450,8463,294825,8,opus,12k,SILK-WB,200
test-clean,2450,8463,294825,8,opus,8k,SILK-NB,200
test-clean,1426,5105,28240,9,opus,12k,SILK-WB,583
test-clean,1426,5105,28240,9,opus,8k,SILK-NB,583
test-clean,2590,908,157963,27,opus,12k,SILK-WB,262
test-clean,2590,908,157963,27,opus,8k,SILK-NB,262
test-clean,2285,8224,274381,5,opus,12k,SILK-WB,1309
test-clean,2285,8224,274381,5,opus,8k,SILK-NB,1309
test-clean,1736,61,70968,55,opus,12k,SILK-WB,199
test-clean,1736,61,70968,55,opus,8k,SILK-NB,199
test-clean,243,1284,1180,31,opus,12k,SILK-WB,242
test-clean,243,1284,1180,31,opus,8k,SILK-NB,242
test-clean,468,1995,1836,2,opus,12k,SILK-WB,117
test-clean,468,1995,1836,2,opus,8k,SILK-NB,117
test-clean,1715,61,70968,34,opus,12k,SILK-WB,212
test-clean,1715,61,70968,34,opus,8k,SILK-NB,212
test-clean,101,1188,133604,37,opus,12k,SILK-WB,726
test-clean,101,1188,133604,37,opus,8k,SILK-NB,726
test-clean,1636,5683,32866,12,opus,12k,SILK-WB,414
test-clean,1636,5683,32866,12,opus,8k,SILK-NB,414
test-clean,371,1580,141083,37,opus,12k,SILK-WB,287
test-clean,371,1580,141083,37,opus,8k,SILK-NB,287
test-clean,892,2961,960,18,opus,12k,SILK-WB,420
test-clean,892,2961,960,18,opus,8k,SILK-NB,420
test-clean,1887,6829,68769,27,opus,12k,SILK-WB,154
test-clean,1887,6829,68769,27,opus,8k,SILK-NB,154
test-clean,428,1580,141084,40,opus,12k,SILK-WB,300
test-clean,428,1580,141084,40,opus,8k,SILK-NB,300
test-clean,1525,5142,33396,63,opus,12k,SILK-WB,127
test-clean,1525,5142,33396,63,opus,8k,SILK-NB,127
test-clean,151,121,127105,17,opus,12k,SILK-WB,136
test-clean,151,121,127105,17,opus,8k,SILK-NB,136
test-clean,2382,8455,210777,26,opus,12k,SILK-WB,151
test-clean,2382,8455,210777,26,opus,8k,SILK-NB,151
test-clean,68,1188,133604,4,opus,12k,SILK-WB,533
test-clean,68,1188,133604,4,opus,8k,SILK-NB,533
test-clean,1477,5142,33396,15,opus,12k,SILK-WB,216
test-clean,1477,5142,33396,15,opus,8k,SILK-NB,216
test-clean,2433,8463,287645,6,opus,12k,SILK-WB,386
test-clean,2433,8463,287645,6,opus,8k,SILK-NB,386
test-clean,865,2830,3980,68,opus,12k,SILK-WB,251
test-clean,865,2830,3980,68,opus,8k,SILK-NB,251
test-clean,2487,8463,294828,25,opus,12k,SILK-WB,100
test-clean,2487,8463,294828,25,opus,8k,SILK-NB,100
test-clean,1233,4507,16021,12,opus,12k,SILK-WB,138
test-clean,1233,4507,16021,12,opus,8k,SILK-NB,138
test-clean,2476,8463,294828,14,opus,12k,SILK-WB,287
test-clean,2476,8463,294828,14,opus,8k,SILK-NB,287
test-clean,1893,6829,68769,33,opus,12k,SILK-WB,202
test-clean,1893,6829,68769,33,opus,8k,SILK-NB,202
test-clean,1393,4992,41806,5,opus,12k,SILK-WB,187
test-clean,1393,4992,41806,5,opus,8k,SILK-NB,187
test-clean,386,1580,141083,52,opus,12k,SILK-WB,173
test-clean,386,1580,141083,52,opus,8k,SILK-NB,173
test-clean,2216,7176,92135,29,opus,12k,SILK-WB,150
test-clean,2216,7176,92135,29,opus,8k,SILK-NB,150
test-clean,720,260,123286,18,opus,12k,SILK-WB,284
test-clean,720,260,123286,18,opus,8k,SILK-NB,284
test-clean,1130,4446,2271,17,opus,12k,SILK-WB,614
test-clean,1130,4446,2271,17,opus,8k,SILK-NB,614
test-clean,705,260,123286,3,opus,12k,SILK-WB,369
test-clean,705,260,123286,3,opus,8k,SILK-NB,369
test-clean,2352,8230,279154,40,opus,12k,SILK-WB,836
test-clean,2352,8230,279154,40,opus,8k,SILK-NB,836
test-clean,1215,4446,2275,40,opus,12k,SILK-WB,349
test-clean,1215,4446,2275,40,opus,8k,SILK-NB,349
test-clean,217,1284,1180,5,opus,12k,SILK-WB,328
test-clean,217,1284,1180,5,opus,8k,SILK-NB,328
test-clean,431,1580,141084,43,opus,12k,SILK-WB,104
test-clean,431,1580,141084,43,opus,8k,SILK-NB,104
test-clean,952,3570,5695,9,opus,12k,SILK-WB,252
test-clean,952,3570,5695,9,opus,8k,SILK-NB,252
test-clean,2242,7729,102255,9,opus,12k,SILK-WB,929
test-clean,2242,7729,102255,9,opus,8k,SILK-NB,929
test-clean,680,237,134500,21,opus,12k,SILK-WB,257
test-clean,680,237,134500,21,opus,8k,SILK-NB,257
test-clean,1646,5683,32866,22,opus,12k,SILK-WB,160
test-clean,1646,5683,32866,22,opus,8k,SILK-NB,160
test-clean,1881,6829,68769,21,opus,12k,SILK-WB,396
test-clean,1881,6829,68769,21,opus,8k,SILK-NB,396
test-clean,1730,61,70968,49,opus,12k,SILK-WB,413
test-clean,1730,61,70968,49,opus,8k,SILK-NB,413
test-clean,2262,7729,102255,29,opus,12k,SILK-WB,354
test-clean,2262,7729,102255,29,opus,8k,SILK-NB,354
test-clean,2148,7127,75947,30,opus,12k,SILK-WB,139
test-clean,2148,7127,75947,30,opus,8k,SILK-NB,139
test-clean,1162,4446,2273,24,opus,12k,SILK-WB,242
test-clean,1162,4446,2273,24,opus,8k,SILK-NB,242
test-clean,1238,4507,16021,17,opus,12k,SILK-WB,530
test-clean,1238,4507,16021,17,opus,8k,SILK-NB,530
test-other,1548,4852,28330,18,opus,12k,SILK-WB,335
test-other,1548,4852,28330,18,opus,8k,SILK-NB,335
test-other,1092,3997,180294,4,opus,12k,SILK-WB,217
test-other,1092,3997,180294,4,opus,8k,SILK-NB,217
test-other,882,3538,163622,14,opus,12k,SILK-WB,172
test-other,882,3538,163622,14,opus,8k,SILK-NB,172
test-other,1107,3997,180294,19,opus,12k,SILK-WB,173
test-other,1107,3997,180294,19,opus,8k,SILK-NB,173
test-other,2475,7975,280057,20,opus,12k,SILK-WB,177
test-other,2475,7975,280057,20,opus,8k,SILK-NB,177
test-other,2677,8188,269288,4,opus,12k,SILK-WB,142
test-other,2677,8188,269288,4,opus,8k,SILK-NB,142
test-other,2450,7902,96595,21,opus,12k,SILK-WB,270
test-other,2450,7902,96595,21,opus,8k,SILK-NB,270
test-other,1426,4350,9170,44,opus,12k,SILK-WB,123
test-other,1426,4350,9170,44,opus,8k,SILK-NB,123
test-other,2590,8131,117016,35,opus,12k,SILK-WB,172
test-other,2590,8131,117016,35,opus,8k,SILK-NB,172
test-other,2285,7105,2340,3,opus,12k,SILK-WB,544
test-other,2285,7105,2340,3,opus,8k,SILK-NB,544
test-other,1736,5484,24317,4,opus,12k,SILK-WB,411
test-other,1736,5484,24317,4,opus,8k,SILK-NB,411
test-other,243,2033,164915,9,opus,12k,SILK-WB,453
test-other,243,2033,164915,9,opus,8k,SILK-NB,453
test-other,468,3005,163390,9,opus,12k,SILK-WB,558
test-other,468,3005,163390,9,opus,8k,SILK-NB,558
test-other,1715,5442,41169,15,opus,12k,SILK-WB,1005
test-other,1715,5442,41169,15,opus,8k,SILK-NB,1005
test-other,101,1998,15444,5,opus,12k,SILK-WB,419
test-other,101,1998,15444,5,opus,8k,SILK-NB,419
test-other,1636,533,131564,12,opus,12k,SILK-WB,158
test-other,1636,533,131564,12,opus,8k,SILK-NB,158
test-other,371,2609,156975,10,opus,12k,SILK-WB,430
test-other,371,2609,156975,10,opus,8k,SILK-NB,430
test-other,892,3538,163622,24,opus,12k,SILK-WB,121
test-other,892,3538,163622,24,opus,8k,SILK-NB,121
test-other,2707,8188,269288,34,opus,12k,SILK-WB,319
test-other,2707,8188,269288,34,opus,8k,SILK-NB,319
test-other,1887,5764,299665,83,opus,12k,SILK-WB,268
test-other,1887,5764,299665,83,opus,8k,SILK-NB,268
test-other,428,2609,169640,13,opus,12k,SILK-WB,231
test-other,428,2609,169640,13,opus,8k,SILK-NB,231
test-other,1525,4852,28319,23,opus,12k,SILK-WB,499
test-other,1525,4852,28319,23,opus,8k,SILK-NB,499
test-other,151,1998,29454,27,opus,12k,SILK-WB,189
test-other,151,1998,29454,27,opus,8k,SILK-NB,189
test-other,2382,7902,96592,37,opus,12k,SILK-WB,191
test-other,2382,7902,96592,37,opus,8k,SILK-NB,191
test-other,68,1688,142285,68,opus,12k,SILK-WB,336
test-other,68,1688,142285,68,opus,8k,SILK-NB,336
test-other,1477,4852,28312,7,opus,12k,SILK-WB,206
test-other,1477,4852,28312,7,opus,8k,SILK-NB,206
test-other,2433,7902,96595,4,opus,12k,SILK-WB,119
test-other,2433,7902,96595,4,opus,8k,SILK-NB,119
test-other,2649,8131,117017,32,opus,12k,SILK-WB,114
test-other,2649,8131,117017,32,opus,8k,SILK-NB,114
test-other,865,3538,163619,12,opus,12k,SILK-WB,216
test-other,865,3538,163619,12,opus,8k,SILK-NB,216
test-other,2487,7975,280063,11,opus,12k,SILK-WB,138
test-other,2487,7975,280063,11,opus,8k,SILK-NB,138
test-other,1233,4198,12281,14,opus,12k,SILK-WB,184
test-other,1233,4198,12281,14,opus,8k,SILK-NB,184
test-other,2476,7975,280063,0,opus,12k,SILK-WB,458
test-other,2476,7975,280063,0,opus,8k,SILK-NB,458
test-other,1893,5764,299665,89,opus,12k,SILK-WB,211
test-other,1893,5764,299665,89,opus,8k,SILK-NB,211
test-other,1393,4350,9170,11,opus,12k,SILK-WB,188
test-other,1393,4350,9170,11,opus,8k,SILK-NB,188
test-other,386,2609,156975,25,opus,12k,SILK-WB,290
test-other,386,2609,156975,25,opus,8k,SILK-NB,290
test-other,2216,7018,75789,8,opus,12k,SILK-WB,864
test-other,2216,7018,75789,8,opus,8k,SILK-NB,864
test-other,720,3528,168669,25,opus,12k,SILK-WB,119
test-other,720,3528,168669,25,opus,8k,SILK-NB,119
test-other,1130,3997,180297,8,opus,12k,SILK-WB,318
test-other,1130,3997,180297,8,opus,8k,SILK-NB,318
test-other,705,3528,168669,10,opus,12k,SILK-WB,677
test-other,705,3528,168669,10,opus,8k,SILK-NB,677
test-other,2352,7902,96592,7,opus,12k,SILK-WB,258
test-other,2352,7902,96592,7,opus,8k,SILK-NB,258
test-other,1215,4198,12259,40,opus,12k,SILK-WB,232
test-other,1215,4198,12259,40,opus,8k,SILK-NB,232
test-other,217,2033,164914,6,opus,12k,SILK-WB,850
test-other,217,2033,164914,6,opus,8k,SILK-NB,850
test-other,431,2609,169640,16,opus,12k,SILK-WB,213
test-other,431,2609,169640,16,opus,8k,SILK-NB,213
test-other,952,367,130732,32,opus,12k,SILK-WB,334
test-other,952,367,130732,32,opus,8k,SILK-NB,334
test-other,2242,7105,2330,2,opus,12k,SILK-WB,831
test-other,2242,7105,2330,2,opus,8k,SILK-NB,831
test-other,680,3331,159609,24,opus,12k,SILK-WB,409
test-other,680,3331,159609,24,opus,8k,SILK-NB,409
test-other,1646,533,131564,22,opus,12k,SILK-WB,100
test-other,1646,533,131564,22,opus,8k,SILK-NB,100
test-other,1881,5764,299665,77,opus,12k,SILK-WB,186
test-other,1881,5764,299665,77,opus,8k,SILK-NB,186
test-other,1730,5442,41169,30,opus,12k,SILK-WB,386
test-other,1730,5442,41169,30,opus,8k,SILK-NB,386
test-other,2262,7105,2330,22,opus,12k,SILK-WB,110
test-other,2262,7105,2330,22,opus,8k,SILK-NB,110
