dataset,dataset_index,speaker_id,chapter_id,utterance_id,codec,bitrate,sample,reference,prediction,wer,original_size_bytes,compressed_size_bytes,actual_bitrate_kbps,compression_ratio,num_samples,processed_sample_rate,processed_num_samples
test-clean,1548,5142,36377,17,wav,uncompressed,1,THE ONLY CHEERFUL CONVERSATION WAS THE CONVERSATION ACROSS THE TABLE BETWEEN NAOMI AND ME,THE ONLY CHEERFUL CONVERSATION WAS THE CONVERSATION ACROSS THE TABLE BETWEEN NAOME AND ME,0.07142857142857142,149998,149998,256.1331910352188,1.0,74960,16000,74960
test-clean,1548,5142,36377,17,opus,12k,1,THE ONLY CHEERFUL CONVERSATION WAS THE CONVERSATION ACROSS THE TABLE BETWEEN NAOMI AND ME,THE ONLY CHEERFUL CONVERSATION WAS THE CONVERSATION ACROSS THE TABLE BETWEEN NAOME AND ME,0.07142857142857142,149998,7281,12.432870864461046,20.601291031451723,74960,48000,224880
test-clean,1548,5142,36377,17,opus,8k,1,THE ONLY CHEERFUL CONVERSATION WAS THE CONVERSATION ACROSS THE TABLE BETWEEN NAOMI AND ME,THE ONLY CHEERFUL CONVERSATION WAS THE CONVERSATION ACROSS THE TABLE BETWEEN AOME AND ME,0.07142857142857142,149998,4922,8.40469583778015,30.475010158472166,74960,48000,224880
test-clean,1092,4077,13751,18,wav,uncompressed,2,AMERICAN SCHOOL BOYS READ WITH EMOTIONS OF HORROR OF THE ALBIGENSES DRIVEN BEATEN AND KILLED WITH A PAPAL LEGATE DIRECTING THE BUTCHERY AND OF THE VAUDOIS HUNTED AND HOUNDED LIKE BEASTS AS THE EFFECT OF A ROYAL DECREE AND THEY YET SHALL READ IN THE HISTORY OF THEIR OWN COUNTRY OF SCENES AS TERRIBLE AS THESE IN THE EXHIBITION OF INJUSTICE AND INHUMAN HATE,AMERICAN SCHOOLBOYS READ WITH EMOTIONS OF HORROR OF THE ALBAGINZES DRIVEN BEATEN AND KILLED WITH A PAPEL LEGATE DIRECTING THE BUTCHERY AND OF THE VOUDOIS HUNTED AND HOUNDED LIKE BEASTS AS THE EFFECT OF A ROYAL DECREE AND THEY YET SHALL READ IN THE HISTORY OF THEIR OWN COUNTRY OF SCENES AS TERRIBLE AS THESE IN THE EXHIBITION OF INJUSTICE AND INHUMAN HATE,0.078125,835758,835758,256.0238943136129,1.0,417840,16000,417840
test-clean,1092,4077,13751,18,opus,12k,2,AMERICAN SCHOOL BOYS READ WITH EMOTIONS OF HORROR OF THE ALBIGENSES DRIVEN BEATEN AND KILLED WITH A PAPAL LEGATE DIRECTING THE BUTCHERY AND OF THE VAUDOIS HUNTED AND HOUNDED LIKE BEASTS AS THE EFFECT OF A ROYAL DECREE AND THEY YET SHALL READ IN THE HISTORY OF THEIR OWN COUNTRY OF SCENES AS TERRIBLE AS THESE IN THE EXHIBITION OF INJUSTICE AND INHUMAN HATE,AMERICAN SCHOOLBOYS READ WITH EMOTIONS OF HORROR OF THE ALBAGINZES DRIVEN BEATEN AND KILLED WITH HE PAPL LEGATE DIRECTING THE BUTCHERY AND OF THE VAU DOIS HUNTED AND HOUNDED LIKE BEASTS AS THE EFFECT OF A ROYAL DECREE AND THEY YET SHALL READ IN THE HISTORY OF THEIR OWN COUNTRY OF SCENES AS TERRIBLE AS THESE IN THE EXHIBITION OF INJUSTICE AND INHUMAN HATE,0.109375,835758,39939,12.234807581849513,20.925861939457672,417840,48000,1253520
test-clean,1092,4077,13751,18,opus,8k,2,AMERICAN SCHOOL BOYS READ WITH EMOTIONS OF HORROR OF THE ALBIGENSES DRIVEN BEATEN AND KILLED WITH A PAPAL LEGATE DIRECTING THE BUTCHERY AND OF THE VAUDOIS HUNTED AND HOUNDED LIKE BEASTS AS THE EFFECT OF A ROYAL DECREE AND THEY YET SHALL READ IN THE HISTORY OF THEIR OWN COUNTRY OF SCENES AS TERRIBLE AS THESE IN THE EXHIBITION OF INJUSTICE AND INHUMAN HATE,AMERICAN SCHOOLBOYS READ WITH EMOTIONS OF HORROR OF THE ALBAGINZES DRIVEN BEATEN AND KILLED WITH A PAPEL LEGATE DIRECTING THE BUTCHERY AND OF THE LEUDOIS HUNTED AND HOUNDED LIKE BEASTS AS THE EFFECT OF A ROYAL DECREE AND THEY YET SHALL READ IN THE HISTORY OF THEIR OWN COUNTRY OF SCENES AS TERRIBLE AS THESE IN THE EXHIBITION OF INJUSTICE AND INHUMAN HATE,0.078125,835758,26626,8.156538387899676,31.38879290918651,417840,48000,1253520
test-clean,882,2961,960,8,wav,uncompressed,3,WE DO NOT KNOW HOW PLATO WOULD HAVE ARRANGED HIS OWN DIALOGUES OR WHETHER THE THOUGHT OF ARRANGING ANY OF THEM BESIDES THE TWO TRILOGIES WHICH HE HAS EXPRESSLY CONNECTED WAS EVER PRESENT TO HIS MIND,WE DO NOT KNOW HOW PLATO WOULD HAVE ARRANGED HIS OWN DIALEGTS OR WHETHER THE THOUGHT OF ARRANGING ANY OF THEM BESIDES THE TWO TRILOGIES WHICH HE HAS EXPRESSLY CONNECTED WAS EVER PRESENT TO HIS MIND,0.027777777777777776,494638,494638,256.0403752830799,1.0,247280,16000,247280
test-clean,882,2961,960,8,opus,12k,3,WE DO NOT KNOW HOW PLATO WOULD HAVE ARRANGED HIS OWN DIALOGUES OR WHETHER THE THOUGHT OF ARRANGING ANY OF THEM BESIDES THE TWO TRILOGIES WHICH HE HAS EXPRESSLY CONNECTED WAS EVER PRESENT TO HIS MIND,WE DO NOT KNOW HOW PLATO WOULD HAVE ARRANGED HIS OWN DIALECTS OR WHETHER THE THOUGHT OF ARRANGING ANY OF THEM BESIDES THE TWO TRILOGIES WHICH HE HAS EXPRESSLY CONNECTED WAS EVER PRESENT TO HIS MIND,0.027777777777777776,494638,23581,12.206276285991589,20.976124846274544,247280,48000,741840
test-clean,882,2961,960,8,opus,8k,3,WE DO NOT KNOW HOW PLATO WOULD HAVE ARRANGED HIS OWN DIALOGUES OR WHETHER THE THOUGHT OF ARRANGING ANY OF THEM BESIDES THE TWO TRILOGIES WHICH HE HAS EXPRESSLY CONNECTED WAS EVER PRESENT TO HIS MIND,WE DO NOT KNOW HOW PLATO WOULD HAVE ARRANGED HIS OWN DIALOGUES OR WHETHER THE THOUGHT OF ARRANGING ANY OF THEM BESIDES THE TWOTRILOGIES WHICH HE HAS EXPRESSLY CONNECTED WAS EVER PRESENT O HIS MIND,0.08333333333333333,494638,15305,7.922355224846329,32.318719372754,247280,48000,741840
test-clean,1107,4077,13754,11,wav,uncompressed,4,FEDERAL JUDGES AND UNITED STATES ATTORNEYS IN UTAH WHO WERE NOT MORMONS NOR LOVERS OF MORMONISM REFUSED TO ENTERTAIN COMPLAINTS OR PROSECUTE CASES UNDER THE LAW BECAUSE OF ITS MANIFEST INJUSTICE AND INADEQUACY,FEDERAL JUDGES AND UNITED STATES ATTORNEYS IN UTAH WHO WERE NOT MORMONS NOR LOVERS OF MORMANISM REFUSED TO ENTERTAIN COMPLAINTS OR PROSECUTE CASES UNDER THE LAW BECAUSE OF ITS MANIFEST INJUSTICE AND INADEQUACY,0.030303030303030304,452238,452238,256.04416135881104,1.0,226080,16000,226080
test-clean,1107,4077,13754,11,opus,12k,4,FEDERAL JUDGES AND UNITED STATES ATTORNEYS IN UTAH WHO WERE NOT MORMONS NOR LOVERS OF MORMONISM REFUSED TO ENTERTAIN COMPLAINTS OR PROSECUTE CASES UNDER THE LAW BECAUSE OF ITS MANIFEST INJUSTICE AND INADEQUACY,FEDERAL JUDGES AND UNITED STATES ATTORNEYS IN UTAH WHO WERE NOT MORMONS NOR LOVERS OF MORMANISM REFUSED TO ENTERTAIN COMPLAINTS OR PROSECUTE CASES UNDER THE LAW BECAUSE OF ITS MANIFEST INJUSTICE AND INADEQUACY,0.030303030303030304,452238,21610,12.234961075725407,20.927255900046276,226080,48000,678240
test-clean,1107,4077,13754,11,opus,8k,4,FEDERAL JUDGES AND UNITED STATES ATTORNEYS IN UTAH WHO WERE NOT MORMONS NOR LOVERS OF MORMONISM REFUSED TO ENTERTAIN COMPLAINTS OR PROSECUTE CASES UNDER THE LAW BECAUSE OF ITS MANIFEST INJUSTICE AND INADEQUACY,FEDERAL JUDGES AND UNITED STATES ATTORNEYS IN UTAH WHO WERE NOT MORMONS NOR LOVERS OF MORMANISM REFUSED TO ENTERTAIN COMPLAINTS OR PROSECUTE CASES UNDER THE LAW BECAUSE OF ITS MANIFEST INJUSTICE AND INADEQUACY,0.030303030303030304,452238,14443,8.17721160651097,31.311915806965313,226080,48000,678240
test-clean,2475,8463,294828,13,wav,uncompressed,5,HE WAS A FANATIC ON FORMALITY AND HE ONLY ADDRESSED ME IN THE THIRD PERSON TO THE POINT WHERE IT GOT TIRESOME,HE WAS A FANATIC ONFORMALITY AND HE ONLY ADDRESSED ME IN THE THIRD PERSON TO THE POINT WHERE IT GOT HIRESOME,0.13636363636363635,230478,230478,256.08666666666664,1.0,115200,16000,115200
test-clean,2475,8463,294828,13,opus,12k,5,HE WAS A FANATIC ON FORMALITY AND HE ONLY ADDRESSED ME IN THE THIRD PERSON TO THE POINT WHERE IT GOT TIRESOME,HE WAS A FANATIC ONFORMALITY AND HE ONLY ADDRESSED ME IN THE THIRD PERSON TO THE POINT WHERE IT GOT HIRESOME,0.13636363636363635,230478,11055,12.283333333333333,20.848303934871097,115200,48000,345600
test-clean,2475,8463,294828,13,opus,8k,5,HE WAS A FANATIC ON FORMALITY AND HE ONLY ADDRESSED ME IN THE THIRD PERSON TO THE POINT WHERE IT GOT TIRESOME,HE WAS A FANATIC ONFORMALITY AND HE ONLY ADDRESSED ME IN THE THIRD PERSON TO THE POINT WHERE IT GOT TIRESOME,0.09090909090909091,230478,7174,7.971111111111111,32.12684694730973,115200,48000,345600
test-clean,2450,8463,294825,8,wav,uncompressed,6,BUT MUCH OF THE NOVEL'S BROODING POWER COMES FROM CAPTAIN NEMO,BUT MUCH OF THE NOVELS BROODING POWER COMES FROM CAPTAIN NEMO,0.09090909090909091,127438,127438,256.156783919598,1.0,63680,16000,63680
test-clean,2450,8463,294825,8,opus,12k,6,BUT MUCH OF THE NOVEL'S BROODING POWER COMES FROM CAPTAIN NEMO,BUT MUCH OF THE NOVELS BROODING POWER COMES FROM CAPTAIN NEMO,0.09090909090909091,127438,6250,12.562814070351758,20.39008,63680,48000,191040
test-clean,2450,8463,294825,8,opus,8k,6,BUT MUCH OF THE NOVEL'S BROODING POWER COMES FROM CAPTAIN NEMO,BUT MUCH AS A NOVEL'S BROODING POWER COMES FROM CAPTAIN NEMO,0.18181818181818182,127438,4030,8.100502512562814,31.622332506203474,63680,48000,191040
test-clean,1426,5105,28240,9,wav,uncompressed,7,SLIGHTLY CHANGING HER COURSE SHE FIRST STRUCK HER MAINSAIL AND IN ORDER TO FACILITATE THE MOVEMENTS OF HER HELMSMAN SOON CARRIED NOTHING BUT HER TWO TOPSAILS BRIGANTINE AND JIB,SLIGHTLY CHANGING HER COURSE SHE FIRST STRUCK HER MAINSAIL AND IN ORDER TO FACILITATE THE MOVEMENTS OF HER HELMSMEN SOON CARRIED NOTHING BUT HER TWO TOPSAILS BRIGANTINE AND JIB,0.034482758620689655,372878,372878,256.05356223175966,1.0,186400,16000,186400
test-clean,1426,5105,28240,9,opus,12k,7,SLIGHTLY CHANGING HER COURSE SHE FIRST STRUCK HER MAINSAIL AND IN ORDER TO FACILITATE THE MOVEMENTS OF HER HELMSMAN SOON CARRIED NOTHING BUT HER TWO TOPSAILS BRIGANTINE AND JIB,SLIGHTLY CHANGING HER COURSE SHE FIRST STRUCK HER MAIN SAIL AND IN ORDER TO FACILITATE THE MOVEMENTS OF HER HELMSMEN SOON CARRIED NOTHING BUT HER TWO TOPSAILS BRIGANTINE AND JIB,0.10344827586206896,372878,17904,12.294592274678111,20.826519213583556,186400,48000,559200
test-clean,1426,5105,28240,9,opus,8k,7,SLIGHTLY CHANGING HER COURSE SHE FIRST STRUCK HER MAINSAIL AND IN ORDER TO FACILITATE THE MOVEMENTS OF HER HELMSMAN SOON CARRIED NOTHING BUT HER TWO TOPSAILS BRIGANTINE AND JIB,SLIGHTLY CHANGING HER COURSE SHE FIRST STRUCK HER MAINSAIL AND IN ORDER TO FACILITATE THE MOVEMENTS OF HER HELMSMAN SOON CARRIED NOTHING BUT HER TWO TOPSAILS BRIGANTINE AND JIB,0.0,372878,11833,8.125665236051502,31.51170455505789,186400,48000,559200
test-clean,2590,908,157963,27,wav,uncompressed,8,AND LAY ME DOWN IN THY COLD BED AND LEAVE MY SHINING LOT,AND LAY ME DOWN IN THY COLD BED AND LEAVE MY SHINING LOT,0.0,167278,167278,256.1194258373206,1.0,83600,16000,83600
test-clean,2590,908,157963,27,opus,12k,8,AND LAY ME DOWN IN THY COLD BED AND LEAVE MY SHINING LOT,AND LAY ME DOWN IN THY COLD BED AND LEAVE MY SHINING LOT,0.0,167278,7869,12.048229665071771,21.25784724869742,83600,48000,250800
test-clean,2590,908,157963,27,opus,8k,8,AND LAY ME DOWN IN THY COLD BED AND LEAVE MY SHINING LOT,AND LAY ME DOWN IN THY COLD BED AND LEAVE MY SHINING LOT,0.0,167278,5196,7.955598086124403,32.193610469591995,83600,48000,250800
test-clean,2285,8224,274381,5,wav,uncompressed,9,DREADING THE SUPERIOR POWER OF ARGYLE WHO HAVING JOINED HIS VASSALS TO A FORCE LEVIED BY THE PUBLIC WAS APPROACHING WITH A CONSIDERABLE ARMY MONTROSE HASTENED NORTHWARDS IN ORDER TO ROUSE AGAIN THE MARQUIS OF HUNTLEY AND THE GORDONS WHO HAVING BEFORE HASTILY TAKEN ARMS HAD BEEN INSTANTLY SUPPRESSED BY THE COVENANTERS,DREADING THE SUPERIOR POWER OF ARGYLE WHO HAVING JOINED HIS VASSALS TO A FORCE LEVIED BY THE PUBLIC WAS APPROACHING WITH A CONSIDERABLE ARMY MONTRES HASTENED NORTHWARD IN ORDER TO ROUSE AGAIN THE MARQUIS OF HUNTLEY AND THE GORDONS WHO HAVING BEFORE HASTILY TAKEN ARMS HAD BEEN INSTANTLY SUPPRESSED BY THE COVENANTERS,0.038461538461538464,837198,837198,256.02385321100917,1.0,418560,16000,418560
test-clean,2285,8224,274381,5,opus,12k,9,DREADING THE SUPERIOR POWER OF ARGYLE WHO HAVING JOINED HIS VASSALS TO A FORCE LEVIED BY THE PUBLIC WAS APPROACHING WITH A CONSIDERABLE ARMY MONTROSE HASTENED NORTHWARDS IN ORDER TO ROUSE AGAIN THE MARQUIS OF HUNTLEY AND THE GORDONS WHO HAVING BEFORE HASTILY TAKEN ARMS HAD BEEN INSTANTLY SUPPRESSED BY THE COVENANTERS,DREADING THE SUPERIOR POWER OF ARGYLE WHO HAVING JOINED HIS VASSALS TO A FORCE LEVIED BY THE PUBLIC WAS APPROACHING WITH A CONSIDERABLE ARMY MONTRES HASTENED NORTHWARD IN ORDER TO ROUSE AGAIN THE MARQUIS OF HUNTLEY AND THE GORDONS WHO HAVING BEFORE HASTILY TAKEN ARMS HAD BEEN INSTANTLY SUPPRESSED BY THE COVENANTERS,0.038461538461538464,837198,40528,12.39388379204893,20.65727398341887,418560,48000,1255680
test-clean,2285,8224,274381,5,opus,8k,9,DREADING THE SUPERIOR POWER OF ARGYLE WHO HAVING JOINED HIS VASSALS TO A FORCE LEVIED BY THE PUBLIC WAS APPROACHING WITH A CONSIDERABLE ARMY MONTROSE HASTENED NORTHWARDS IN ORDER TO ROUSE AGAIN THE MARQUIS OF HUNTLEY AND THE GORDONS WHO HAVING BEFORE HASTILY TAKEN ARMS HAD BEEN INSTANTLY SUPPRESSED BY THE COVENANTERS,DREADING THE SUPERIOR POWER OF ARGYLE WHO HAVING JOINED HIS VASSALS TO A FORCE LEVIED BY THE PUBLIC WAS APPROACHING WITH A CONSIDERABLE ARMY MONTROS HASTENED NORTHWARD IN ORDER TO ROUSE AGAIN THE MARQUIS OF HUNTLEY AND THE GORDONS WHO HAVING BEFORE HASTILY TAKEN ARMS HAD BEEN INSTANTLY SUPPRESSED BY THE COVENANTERS,0.038461538461538464,837198,27104,8.288685015290518,30.8883559622196,418560,48000,1255680
test-clean,1736,61,70968,55,wav,uncompressed,10,ROBIN WAS GLAD WHEN AT LENGTH THEY WERE LEFT TO THEIR OWN DEVICES,ROBIN WAS GLAD WHEN AT LENGTH THEY WERE LEFT TO THEIR OWN DEVICES,0.0,126958,126958,256.15737704918035,1.0,63440,16000,63440
test-clean,1736,61,70968,55,opus,12k,10,ROBIN WAS GLAD WHEN AT LENGTH THEY WERE LEFT TO THEIR OWN DEVICES,ROBIN WAS GLAD WHEN AT LENGTH THEY WERE LEFT TO THEIR OWN DEVICES,0.0,126958,6185,12.479192938209332,20.526758286176232,63440,48000,190320
test-clean,1736,61,70968,55,opus,8k,10,ROBIN WAS GLAD WHEN AT LENGTH THEY WERE LEFT TO THEIR OWN DEVICES,ROBIN WAS GLAD WHEN AT LENGTH THEY WERE LEFT TO THEIR OWN DEVICES,0.0,126958,4130,8.332912988650694,30.74043583535109,63440,48000,190320
test-clean,243,1284,1180,31,wav,uncompressed,11,AT THE EMERALD CITY WHERE OUR PRINCESS OZMA LIVES GREEN IS THE POPULAR COLOR,AT THE EMERALD CITY WHERE OR PRINCESS OZMA LIVES GREEN IS THE POPULAR COLOR,0.07142857142857142,154478,154478,256.12932642487044,1.0,77200,16000,77200
test-clean,243,1284,1180,31,opus,12k,11,AT THE EMERALD CITY WHERE OUR PRINCESS OZMA LIVES GREEN IS THE POPULAR COLOR,AT THE EMERALD CITY WHERE ARE PRINCESS OZMA LIVES GREEN IS THE POPULAR COLOUR,0.14285714285714285,154478,7725,12.808290155440414,19.99715210355987,77200,48000,231600
test-clean,243,1284,1180,31,opus,8k,11,AT THE EMERALD CITY WHERE OUR PRINCESS OZMA LIVES GREEN IS THE POPULAR COLOR,AT THE EMERALD CITY WHERE OUR PRINCESS OZMALIS GREEN IS THE POPULAR COLOUR,0.21428571428571427,154478,5209,8.636683937823834,29.655980034555576,77200,48000,231600
test-clean,468,1995,1836,2,wav,uncompressed,12,WHY SHOULD HE NOT BE AS OTHER MEN,WHY SHOULD HE NOT BE AS OTHER MEN,0.0,74158,74158,256.2695464362851,1.0,37040,16000,37040
test-clean,468,1995,1836,2,opus,12k,12,WHY SHOULD HE NOT BE AS OTHER MEN,WHY SHOULD HE NOT BE AS OTHER MEN,0.0,74158,3556,12.288552915766738,20.85433070866142,37040,48000,111120
test-clean,468,1995,1836,2,opus,8k,12,WHY SHOULD HE NOT BE AS OTHER MEN,WHY SHOULD HE NOT BE AS OTHER MEN,0.0,74158,2441,8.435421166306696,30.38017206063089,37040,48000,111120
test-clean,1715,61,70968,34,wav,uncompressed,13,A MONTFICHET A MONTFICHET GAMEWELL TO THE RESCUE,A MONTFICHET A MONTFICHET GAME WELL TO THE RESCUE,0.25,135438,135438,256.1475177304964,1.0,67680,16000,67680
test-clean,1715,61,70968,34,opus,12k,13,A MONTFICHET A MONTFICHET GAMEWELL TO THE RESCUE,A MONTFICHE A MONTFICHET GAME WELL TO THE RESCUE,0.375,135438,6738,12.743262411347516,20.100623330365092,67680,48000,203040
test-clean,1715,61,70968,34,opus,8k,13,A MONTFICHET A MONTFICHET GAMEWELL TO THE RESCUE,A MONTFICHET A MONTFICHET GAMEWELL TO THE RESCUE,0.0,135438,4545,8.595744680851062,29.799339933993398,67680,48000,203040
test-clean,101,1188,133604,37,wav,uncompressed,14,EVERY LINE IN WHICH THE MASTER TRACES IT EVEN WHERE SEEMINGLY NEGLIGENT IS LOVELY AND SET DOWN WITH A MEDITATIVE CALMNESS WHICH MAKES THESE TWO ETCHINGS CAPABLE OF BEING PLACED BESIDE THE MOST TRANQUIL WORK OF HOLBEIN OR DUERER,EVERY LINE IN WHICH THE MASTER TRACES IT EVEN WHERE SEEMINGLY NEGLIGENT IS LOVELY AND SET DOWN WITH A MEDITATIVE CALMNESS WHICH MAKES THESE TWO ETCHINGS CAPABLE OF BEING PLACED BESIDE THE MOST TRANQUIL WORK OF HOLBINE OR DUR,0.05128205128205128,464398,464398,256.0430048242591,1.0,232160,16000,232160
test-clean,101,1188,133604,37,opus,12k,14,EVERY LINE IN WHICH THE MASTER TRACES IT EVEN WHERE SEEMINGLY NEGLIGENT IS LOVELY AND SET DOWN WITH A MEDITATIVE CALMNESS WHICH MAKES THESE TWO ETCHINGS CAPABLE OF BEING PLACED BESIDE THE MOST TRANQUIL WORK OF HOLBEIN OR DUERER,EVERY LINE IN WHICH THE MASTER TRACES IT EVEN WHERE SEEMINGLY NEGLIGENT IS LOVELY AND SET DOWN WITH A MEDITATIVE CALMNESS WHICH MAKES THESE TWO ETCHINGS CAPABLE OF BEING PLACED BESIDE THE MOST TRANQUIL WORK OF HOLBINE OR DUR,0.05128205128205128,464398,22258,12.271812543073741,20.864318447299848,232160,48000,696480
test-clean,101,1188,133604,37,opus,8k,14,EVERY LINE IN WHICH THE MASTER TRACES IT EVEN WHERE SEEMINGLY NEGLIGENT IS LOVELY AND SET DOWN WITH A MEDITATIVE CALMNESS WHICH MAKES THESE TWO ETCHINGS CAPABLE OF BEING PLACED BESIDE THE MOST TRANQUIL WORK OF HOLBEIN OR DUERER,EVERY LINE IN WHICH THE MASTER TRACES IT EVEN WHERE SEEMINGLY NEGLIGENT IS LOVELY AND SET DOWN WITH A MEDITATIVE CALMNESS WHICH MAKES THESE TWO ETCHINGS CAPABLE OF BEING PLACED BESIDE THE MOST TRANQUIL WORK OF HOLBINE OUDEUR,0.07692307692307693,464398,14740,8.126809097174363,31.50597014925373,232160,48000,696480
test-clean,1636,5683,32866,12,wav,uncompressed,15,NOW THAT'S IMPOSSIBLE RADIE FOR I REALLY DON'T THINK I ONCE THOUGHT OF HIM ALL THIS EVENING EXCEPT JUST WHILE WE WERE TALKING,NOW THAT'S IMPOSSIBLE RADIE FOR I REALLY DON'T THINK I ONCE THOUGHT OF HIM ALL THIS EVENING EXCEPT JUST WHILE WE WERE TALKING,0.0,264398,264398,256.0755447941889,1.0,132160,16000,132160
test-clean,1636,5683,32866,12,opus,12k,15,NOW THAT'S IMPOSSIBLE RADIE FOR I REALLY DON'T THINK I ONCE THOUGHT OF HIM ALL THIS EVENING EXCEPT JUST WHILE WE WERE TALKING,NOW THAT'S IMPOSSIBLE RADIE FOR I REALLY DON'T THINK I ONCE THOUGHT OF HIM ALL THIS EVENING EXCEPT JUST WHILE WE WERE TALKING,0.0,264398,12865,12.46004842615012,20.55172949863972,132160,48000,396480
test-clean,1636,5683,32866,12,opus,8k,15,NOW THAT'S IMPOSSIBLE RADIE FOR I REALLY DON'T THINK I ONCE THOUGHT OF HIM ALL THIS EVENING EXCEPT JUST WHILE WE WERE TALKING,NOW THAT'S IMPOSSIBLE RADIE FOR I REALLY DON'T THINK I ONCE THOUGHT OF HIM ALL THIS EVENING EXCEPT JUST WHILE WE WERE TALKING,0.0,264398,8535,8.266343825665858,30.97809021675454,132160,48000,396480
test-clean,371,1580,141083,37,wav,uncompressed,16,WHAT COULD HE DO HE CAUGHT UP EVERYTHING WHICH WOULD BETRAY HIM AND HE RUSHED INTO YOUR BEDROOM TO CONCEAL HIMSELF,WHAT COULD HE DO HE CAUGHT UP EVERYTHING WHICH WOULD BETRAY HIM AND HE RUSHED INTO YOUR BEDROOM TO CONCEAL HIMSELF,0.0,183438,183438,256.1089005235602,1.0,91680,16000,91680
test-clean,371,1580,141083,37,opus,12k,16,WHAT COULD HE DO HE CAUGHT UP EVERYTHING WHICH WOULD BETRAY HIM AND HE RUSHED INTO YOUR BEDROOM TO CONCEAL HIMSELF,WHAT COULD HE DO HE CAUGHT UP EVERYTHING WHICH WOULD BETRAY HIM AND HE RUSHED INTO YOUR BEDROOM TO CONCEAL HIMSELF,0.0,183438,8949,12.494240837696333,20.498156218571907,91680,48000,275040
test-clean,371,1580,141083,37,opus,8k,16,WHAT COULD HE DO HE CAUGHT UP EVERYTHING WHICH WOULD BETRAY HIM AND HE RUSHED INTO YOUR BEDROOM TO CONCEAL HIMSELF,WHAT COULD HE DO HE CAUGHT UP EVERYTHING WHICH WOULD BETRAY HIM AND HE RUSHED INTO YOUR BEDROOM TO CONCEAL HIMSELF,0.0,183438,6005,8.38394415357766,30.547543713572022,91680,48000,275040
test-clean,892,2961,960,18,wav,uncompressed,17,BUT IN THE REST OF THE WORK THE POWER OF LANGUAGE SEEMS TO FAIL HIM AND THE DRAMATIC FORM IS WHOLLY GIVEN UP,BUT IN THE REST OF THE WORK THE POWER OF LANGUAGE SEEMS TO FAIL HIM AND THE DRAMATIC FORM IS WHOLLY GIVEN UP,0.0,268238,268238,256.07446300715986,1.0,134080,16000,134080
test-clean,892,2961,960,18,opus,12k,17,BUT IN THE REST OF THE WORK THE POWER OF LANGUAGE SEEMS TO FAIL HIM AND THE DRAMATIC FORM IS WHOLLY GIVEN UP,BUT IN THE REST OF THE WORK THE POWER OF LANGUAGE SEEMS TO FAIL HIM AND THE DRAMATIC FORM IS WHOLLY GIVEN UP,0.0,268238,12745,12.167064439140809,21.04652805021577,134080,48000,402240
test-clean,892,2961,960,18,opus,8k,17,BUT IN THE REST OF THE WORK THE POWER OF LANGUAGE SEEMS TO FAIL HIM AND THE DRAMATIC FORM IS WHOLLY GIVEN UP,BUT IN THE REST OF THE WORK THE POWER OF LANGUAGE SEEMS TO FAIL HIM AND THE DRAMATIC FORM IS WHOLLY GIVEN UP,0.0,268238,8263,7.8883054892601425,32.46254387026504,134080,48000,402240
test-clean,1887,6829,68769,27,wav,uncompressed,18,WHOSE NAME DID YOU SIGN TO THE CHECK ASKED KENNETH,WHOSE NAME DID YOU SIGN TO THE CHECK ASKED KENNETH,0.0,98158,98158,256.2035889070147,1.0,49040,16000,49040
test-clean,1887,6829,68769,27,opus,12k,18,WHOSE NAME DID YOU SIGN TO THE CHECK ASKED KENNETH,WHOSE NAME DID YOU SIGN TO THE CHECK ASKED KENNETH,0.0,98158,4737,12.364110929853181,20.72155372598691,49040,48000,147120
test-clean,1887,6829,68769,27,opus,8k,18,WHOSE NAME DID YOU SIGN TO THE CHECK ASKED KENNETH,WHOSE NAME DID YOU SIGN TO THE CHECK ASKED KENNETH,0.0,98158,3186,8.315823817292006,30.809165097300692,49040,48000,147120
test-clean,428,1580,141084,40,wav,uncompressed,19,HE RETURNED CARRYING HIS JUMPING SHOES WHICH ARE PROVIDED AS YOU ARE AWARE WITH SEVERAL SHARP SPIKES,HE RETURNED CARRYING HIS JUMPING SHOES WHICH ARE PROVIDED AS YOU ARE WEAR WITH SEVERAL SHARP SPIKES,0.058823529411764705,191598,191598,256.1042606516291,1.0,95760,16000,95760
test-clean,428,1580,141084,40,opus,12k,19,HE RETURNED CARRYING HIS JUMPING SHOES WHICH ARE PROVIDED AS YOU ARE AWARE WITH SEVERAL SHARP SPIKES,HE RETURNED CARRYING HIS JUMPING SHOES WHICH ARE PROVIDED AS YOU ARE WEAR WITH SEVERAL SHARP SPIKES,0.058823529411764705,191598,9189,12.282706766917292,20.850799869409077,95760,48000,287280
test-clean,428,1580,141084,40,opus,8k,19,HE RETURNED CARRYING HIS JUMPING SHOES WHICH ARE PROVIDED AS YOU ARE AWARE WITH SEVERAL SHARP SPIKES,HE RETURNED CARRYING HIS JUMPING SHOES WHICH ARE PROVIDED AS YOU ARE WEAR WITH SEVERAL SHARP SPIKES,0.058823529411764705,191598,6073,8.117627401837929,31.549151984192328,95760,48000,287280
test-clean,1525,5142,33396,63,wav,uncompressed,20,AND WOULD HE NOT BE A GOOD GIFT FOR OUR BABY,AND WOULD HE NOT BE A GOOD GIFT FOR OUR BABY,0.0,80558,80558,256.24811133200797,1.0,40240,16000,40240
test-clean,1525,5142,33396,63,opus,12k,20,AND WOULD HE NOT BE A GOOD GIFT FOR OUR BABY,AND WOULD HE NOT BE A GOOD GIFT FOR OUR BABY,0.0,80558,3866,12.29741550695825,20.837558199689603,40240,48000,120720
test-clean,1525,5142,33396,63,opus,8k,20,AND WOULD HE NOT BE A GOOD GIFT FOR OUR BABY,AND WOULD HE NOT BE A GOOD GIFT FOR OUR BABY,0.0,80558,2624,8.346719681908548,30.70045731707317,40240,48000,120720
test-clean,151,121,127105,17,wav,uncompressed,21,IT WAS ALMOST THE TONE OF HOPE EVERYBODY WILL STAY,IT WAS ALMOST THE TONE OF HOPE EVERYBODY WILL STAY,0.0,86318,86318,256.2315398886828,1.0,43120,16000,43120
test-clean,151,121,127105,17,opus,12k,21,IT WAS ALMOST THE TONE OF HOPE EVERYBODY WILL STAY,IT WAS ALMOST THE TONE OF HOPE EVERYBODY WILL STAY,0.0,86318,4227,12.547680890538034,20.420629287911048,43120,48000,129360
test-clean,151,121,127105,17,opus,8k,21,IT WAS ALMOST THE TONE OF HOPE EVERYBODY WILL STAY,IT WAS ALMOST THE TONE OF HOPE EVERYBODY WILL STAY,0.0,86318,2784,8.264192949907235,31.005028735632184,43120,48000,129360
test-clean,2382,8455,210777,26,wav,uncompressed,22,AND THE DEATH OF WHICH I DREAMT COULD NOT ALAS,AND THE DEATH OF WHICH I DREAMT COULD NOT ALAS,0.0,96078,96078,256.208,1.0,48000,16000,48000
test-clean,2382,8455,210777,26,opus,12k,22,AND THE DEATH OF WHICH I DREAMT COULD NOT ALAS,AND THE DEATH OF WHICH I DREANT COULD NOT ALAS,0.1,96078,4795,12.786666666666665,20.037122002085507,48000,48000,144000
test-clean,2382,8455,210777,26,opus,8k,22,AND THE DEATH OF WHICH I DREAMT COULD NOT ALAS,AND THE DEATH OF WHICH I DRUNK COULD NOT ALAS,0.1,96078,3179,8.477333333333334,30.22271154451085,48000,48000,144000
test-clean,68,1188,133604,4,wav,uncompressed,23,SOME OF THE TOUCHES INDEED WHEN THE TINT HAS BEEN MIXED WITH MUCH WATER HAVE BEEN LAID IN LITTLE DROPS OR PONDS SO THAT THE PIGMENT MIGHT CRYSTALLIZE HARD AT THE EDGE,SOME OF THE TOUCHES INDEED WHEN THE TINT HAS BEEN MIXED WITH MUCH WATER HAVE BEEN LAID IN LITTLE DROPS OR PONDS SO THAT THE PIGMENT MIGHT CRYSTALLIZE HARD AT THE EDGE,0.0,340878,340878,256.0585915492958,1.0,170400,16000,170400
test-clean,68,1188,133604,4,opus,12k,23,SOME OF THE TOUCHES INDEED WHEN THE TINT HAS BEEN MIXED WITH MUCH WATER HAVE BEEN LAID IN LITTLE DROPS OR PONDS SO THAT THE PIGMENT MIGHT CRYSTALLIZE HARD AT THE EDGE,SOME OF THE TOUCHES INDEED WHEN THE TINT HAS BEEN MIXED WITH MUCH WATER HAVE BEEN LAID IN LITTLE DROPS OR PONDS SO THAT THE PIGMENT MIGHT CRYSTALLIZE HARD AT THE EDGE,0.0,340878,16169,12.145727699530516,21.082194322468922,170400,48000,511200
test-clean,68,1188,133604,4,opus,8k,23,SOME OF THE TOUCHES INDEED WHEN THE TINT HAS BEEN MIXED WITH MUCH WATER HAVE BEEN LAID IN LITTLE DROPS OR PONDS SO THAT THE PIGMENT MIGHT CRYSTALLIZE HARD AT THE EDGE,SOME OF THE TOUCHES INDEED WHEN THE TINT HAS BEEN MIXED WITH MUCH WATER HAVE BEEN LAID IN LITTLE DROPS OR PONDS SO THAT THE PIGMENT MIGHT CRYSTALLIZE HARD AT THE EDGE,0.0,340878,10640,7.992488262910798,32.0374060150376,170400,48000,511200
test-clean,1477,5142,33396,15,wav,uncompressed,24,AS OUR BOAT FLASHED DOWN THE ROLLERS INTO THE WATER I MADE THIS SONG AND SANG IT,AS OUR BOAT FLASHED DOWN THE ROLLERS INTO THE WATER I MADE THIS SONG AND SANG IT,0.0,137998,137998,256.1447795823666,1.0,68960,16000,68960
test-clean,1477,5142,33396,15,opus,12k,24,AS OUR BOAT FLASHED DOWN THE ROLLERS INTO THE WATER I MADE THIS SONG AND SANG IT,AS OUR BOAT FLASHED DOWN THE ROLLERS INTO THE WATER I MADE THIS SONG AND SANG IT,0.0,137998,6690,12.417633410672856,20.627503736920776,68960,48000,206880
test-clean,1477,5142,33396,15,opus,8k,24,AS OUR BOAT FLASHED DOWN THE ROLLERS INTO THE WATER I MADE THIS SONG AND SANG IT,AS OUR BOAT FLASHED DOWN THE ROLLERS INTO THE WATER I MADE THE SONG AND SANG IT,0.058823529411764705,137998,4492,8.337819025522043,30.720837043633125,68960,48000,206880
test-clean,2433,8463,287645,6,wav,uncompressed,25,THE DOCTOR WHO ATTENDED THE INJURED CREATURE IN THIS CASE WAS SIMPLY TOLD THAT SHE SLIPPED AND FELL DOWN STAIRS AS SHE WAS COMING DOWN,THE DOCTOR WHO ATTENDED THE INJURED CREATURE IN THIS CASE WAS SIMPLY TOLD THAT SHE SLIPPED AND FELL DOWN THE STAIRS AS SHE WAS COMING DOWN,0.04,246798,246798,256.0809338521401,1.0,123360,16000,123360
test-clean,2433,8463,287645,6,opus,12k,25,THE DOCTOR WHO ATTENDED THE INJURED CREATURE IN THIS CASE WAS SIMPLY TOLD THAT SHE SLIPPED AND FELL DOWN STAIRS AS SHE WAS COMING DOWN,THE DOCTOR WHO ATTENDED THE INJURED CREATURE IN THIS CASE WAS SIMPLY TOLD THAT SHE SLIPPED AND FELL DOWN THE STAIRS AS SHE WAS COMING DOWN,0.04,246798,12254,12.71491569390402,20.140199118655133,123360,48000,370080
test-clean,2433,8463,287645,6,opus,8k,25,THE DOCTOR WHO ATTENDED THE INJURED CREATURE IN THIS CASE WAS SIMPLY TOLD THAT SHE SLIPPED AND FELL DOWN STAIRS AS SHE WAS COMING DOWN,THE DOCTOR WHO ATTENDED THE INJURED CREATURE IN THIS CASE WAS SIMPLY TOLD THAT SHE SLIPPED AND FELL DOWN THE STAIRS AS SHE WAS COMING DOWN,0.04,246798,8191,8.499092088197147,30.130387010133074,123360,48000,370080
test-clean,865,2830,3980,68,wav,uncompressed,26,THE GREATNESS OF THE RANSOM CHRIST THE SON OF GOD INDICATES THIS,THE GREATNESS OF THE RANSOM CHRISTS THE SON OF GOD INDICATES THIS,0.08333333333333333,160078,160078,256.1248,1.0,80000,16000,80000
test-clean,865,2830,3980,68,opus,12k,26,THE GREATNESS OF THE RANSOM CHRIST THE SON OF GOD INDICATES THIS,THE GREATNESS OF THE RANSOM CHRISTS THE SON OF GOD INDICATES THIS,0.08333333333333333,160078,7502,12.003200000000001,21.33804318848307,80000,48000,240000
test-clean,865,2830,3980,68,opus,8k,26,THE GREATNESS OF THE RANSOM CHRIST THE SON OF GOD INDICATES THIS,THE GREATNESS OF THE RANSOM CHRISTS THE SON OF GOD INDICATES THIS,0.08333333333333333,160078,4916,7.865600000000001,32.562652563059395,80000,48000,240000
test-clean,2487,8463,294828,25,wav,uncompressed,27,BUT WE'RE GOING JUST THE SAME,BUT WE'RE GOING JUST THE SAME,0.0,63758,63758,256.31356783919597,1.0,31840,16000,31840
test-clean,2487,8463,294828,25,opus,12k,27,BUT WE'RE GOING JUST THE SAME,BUT WE'RE GOING JUST THE SAME,0.0,63758,3143,12.635175879396986,20.285714285714285,31840,48000,95520
test-clean,2487,8463,294828,25,opus,8k,27,BUT WE'RE GOING JUST THE SAME,BUT WE'RE GOING JUST THE SAME,0.0,63758,2062,8.289447236180903,30.920465567410282,31840,48000,95520
test-clean,1233,4507,16021,12,wav,uncompressed,28,WHY SHOULD ONE HALT ON THE WAY,WHY SHOULD ONE HALT ON THE WAY,0.0,87598,87598,256.22815356489946,1.0,43760,16000,43760
test-clean,1233,4507,16021,12,opus,12k,28,WHY SHOULD ONE HALT ON THE WAY,WHY SHOULD ONE HALT ON THE WAY,0.0,87598,4219,12.340767824497258,20.76273998577862,43760,48000,131280
test-clean,1233,4507,16021,12,opus,8k,28,WHY SHOULD ONE HALT ON THE WAY,WHY SHOULD ONE HALT ON THE WAY,0.0,87598,2866,8.383180987202927,30.564549895324493,43760,48000,131280
test-clean,2476,8463,294828,14,wav,uncompressed,29,THERE WAS GOOD REASON TO STOP AND THINK EVEN FOR THE WORLD'S MOST EMOTIONLESS MAN,THERE WAS GOOD REASON TO STOP AND THINK EVEN FOR THE WORLD'S MOST EMOTIONLESS MAN,0.0,183278,183278,256.1089956331878,1.0,91600,16000,91600
test-clean,2476,8463,294828,14,opus,12k,29,THERE WAS GOOD REASON TO STOP AND THINK EVEN FOR THE WORLD'S MOST EMOTIONLESS MAN,THERE WAS GOOD REASON TO STOP AND THINK EVEN FOR THE WORLD'S MOST EMOTIONLESS MAN,0.0,183278,8979,12.54707423580786,20.411849871923376,91600,48000,274800
test-clean,2476,8463,294828,14,opus,8k,29,THERE WAS GOOD REASON TO STOP AND THINK EVEN FOR THE WORLD'S MOST EMOTIONLESS MAN,THERE WAS GOOD REASON TO STOP AND THINK EVEN FOR THE WORLD'S MOST EMOTIONLESS MAN,0.0,183278,5808,8.115982532751092,31.556129476584022,91600,48000,274800
test-clean,1893,6829,68769,33,wav,uncompressed,30,IT WAS BETTER FOR HIM TO THINK THE GIRL UNFEELING THAN TO KNOW THE TRUTH,IT WAS BETTER FOR HIM TO THINK THE GIRL UNFAILING THAN TO KNOW THE TRUTH,0.06666666666666667,128718,128718,256.155223880597,1.0,64320,16000,64320
test-clean,1893,6829,68769,33,opus,12k,30,IT WAS BETTER FOR HIM TO THINK THE GIRL UNFEELING THAN TO KNOW THE TRUTH,IT WAS BETTER FOR HIM TO THINK THE GIRL UNFEELING THAN TO KNOW THE TRUTH,0.0,128718,6257,12.45174129353234,20.57183953971552,64320,48000,192960
test-clean,1893,6829,68769,33,opus,8k,30,IT WAS BETTER FOR HIM TO THINK THE GIRL UNFEELING THAN TO KNOW THE TRUTH,IT WAS BETTER FOR HIM TO THINK THE GIRL UNSAILING THAN TO KNOW THE TRUTH,0.06666666666666667,128718,4203,8.364179104477612,30.62526766595289,64320,48000,192960
test-clean,1393,4992,41806,5,wav,uncompressed,31,NEXT CAME OLIVE'S TURN TO HELP IN THE CEREMONIES,NEXT CAME OLIVE'S TURNED TO HELP IN THE CEREMONIES,0.1111111111111111,119438,119438,256.16729222520104,1.0,59680,16000,59680
test-clean,1393,4992,41806,5,opus,12k,31,NEXT CAME OLIVE'S TURN TO HELP IN THE CEREMONIES,NEXT CAME OLIVE'S TURNED TO HELP IN THE CEREMONIES,0.1111111111111111,119438,5806,12.45254691689008,20.571477781605235,59680,48000,179040
test-clean,1393,4992,41806,5,opus,8k,31,NEXT CAME OLIVE'S TURN TO HELP IN THE CEREMONIES,NEXT CAME OLIVE TURNE TO HELP IN THE CEREMONIES,0.2222222222222222,119438,3887,8.336729222520107,30.72755338307178,59680,48000,179040
test-clean,386,1580,141083,52,wav,uncompressed,32,OH I WOULD NOT VENTURE TO SAY SIR,OH I WOULD NOT VENTURE TO SAY SIR,0.0,110478,110478,256.1808695652174,1.0,55200,16000,55200
test-clean,386,1580,141083,52,opus,12k,32,OH I WOULD NOT VENTURE TO SAY SIR,OH I WOULD NOT VENTURE TO SAY SIR,0.0,110478,5272,12.224927536231885,20.955614567526556,55200,48000,165600
test-clean,386,1580,141083,52,opus,8k,32,OH I WOULD NOT VENTURE TO SAY SIR,OH I WOULD NOT VENTURE TO SAY SIR,0.0,110478,3588,8.32,30.79096989966555,55200,48000,165600
test-clean,2216,7176,92135,29,wav,uncompressed,33,I WANT TO GET AWAY FROM IT ALL SWOONS,I WANT TO GET AWAY FROM IT ALL SWOON,0.1111111111111111,95598,95598,256.2090452261307,1.0,47760,16000,47760
test-clean,2216,7176,92135,29,opus,12k,33,I WANT TO GET AWAY FROM IT ALL SWOONS,I WANT TO GET AWAY FROM IT ALL SWOON,0.1111111111111111,95598,4715,12.636515912897822,20.275291622481443,47760,48000,143280
test-clean,2216,7176,92135,29,opus,8k,33,I WANT TO GET AWAY FROM IT ALL SWOONS,I WANT TO GET AWAY FROM IT ALL SWOON,0.1111111111111111,95598,3146,8.431490787269682,30.387158296249204,47760,48000,143280
test-clean,720,260,123286,18,wav,uncompressed,34,I SAW AT THE HAMBURG MUSEUM THE SKELETON OF ONE OF THESE CREATURES THIRTY FEET IN LENGTH,I SAW AT THE HAMBURG MUSEUM THE SKELETON OF ONE OF THESE CREATURES THIRTY FEET IN LENGTH,0.0,181518,181518,256.1100529100529,1.0,90720,16000,90720
test-clean,720,260,123286,18,opus,12k,34,I SAW AT THE HAMBURG MUSEUM THE SKELETON OF ONE OF THESE CREATURES THIRTY FEET IN LENGTH,I SAW AT THE HAMBURG MUSEUM THE SKELETON OF ONE OF THESE CREATURES THIRTY FEET IN LENGTH,0.0,181518,8601,12.135449735449736,21.10429019881409,90720,48000,272160
test-clean,720,260,123286,18,opus,8k,34,I SAW AT THE HAMBURG MUSEUM THE SKELETON OF ONE OF THESE CREATURES THIRTY FEET IN LENGTH,I SAW AT THE HAMBERG MUSEUM THE SKELETON OF ONE OF THESE CREATURES THIRTY FEET IN LENGTH,0.058823529411764705,181518,5743,8.102998236331569,31.606825700853214,90720,48000,272160
test-clean,1130,4446,2271,17,wav,uncompressed,35,ONE NIGHT WHEN HE AND WINIFRED WERE SITTING TOGETHER ON THE BRIDGE HE TOLD HER THAT THINGS HAD HAPPENED WHILE HE WAS STUDYING ABROAD THAT HE WAS SORRY FOR ONE THING IN PARTICULAR AND HE ASKED HER WHETHER SHE THOUGHT SHE OUGHT TO KNOW ABOUT THEM,ONE NIGHT WHEN HE AND WINTIFORD WERE SITTING TOGETHER ON THE BRIDGE HE TOLD HER THAT THINGS HAD HAPPENED WHILE HE WAS STUDYING ABROAD THAT HE WAS SORRY FOR ONE THING IN PARTICULAR AND HE ASKED HER WHETHER SHE THOUGHT SHE OUGHT TO KNOW ABOUT THEM,0.021739130434782608,392398,392398,256.05089722675365,1.0,196160,16000,196160
test-clean,1130,4446,2271,17,opus,12k,35,ONE NIGHT WHEN HE AND WINIFRED WERE SITTING TOGETHER ON THE BRIDGE HE TOLD HER THAT THINGS HAD HAPPENED WHILE HE WAS STUDYING ABROAD THAT HE WAS SORRY FOR ONE THING IN PARTICULAR AND HE ASKED HER WHETHER SHE THOUGHT SHE OUGHT TO KNOW ABOUT THEM,ONE NIGHT WHEN HE AND WINTIFORD WERE SITTING TOGETHER ON THE BRIDGE HE TOLD HER THET THINGS HAD HAPPENED WHILE HE WAS STUDYING ABROAD THAT HE WAS SORRY FOR ONE THING IN PARTICULAR AND HE ASKED HER WHETHER SHE THOUGHT SHE OUGHT TO KNOW ABOUT THEM,0.043478260869565216,392398,18937,12.356933115823818,20.72123356392248,196160,48000,588480
test-clean,1130,4446,2271,17,opus,8k,35,ONE NIGHT WHEN HE AND WINIFRED WERE SITTING TOGETHER ON THE BRIDGE HE TOLD HER THAT THINGS HAD HAPPENED WHILE HE WAS STUDYING ABROAD THAT HE WAS SORRY FOR ONE THING IN PARTICULAR AND HE ASKED HER WHETHER SHE THOUGHT SHE OUGHT TO KNOW ABOUT THEM,ONE NIGHT WHEN HE AND WINTIFORD WERE SITTING TOGETHER ON THE BRIDGE HE TOLD HER THET THINGS HAD HAPPENED WHILE HE WAS STUDYING ABROAD THAT HE WAS SORRY FOR ONE THING IN PARTICULAR AND HE ASKED HER WHETHER SHE THOUGHT SHE OUGHT TO KNOW ABOUT THEM,0.043478260869565216,392398,12454,8.126590538336051,31.50778866227718,196160,48000,588480
test-clean,705,260,123286,3,wav,uncompressed,36,YOU SEEM ANXIOUS MY UNCLE I SAID SEEING HIM CONTINUALLY WITH HIS GLASS TO HIS EYE ANXIOUS,YOU SEEM ANXIOUS MY UNCLE I SAID SEEING HIM CONTINUALLY WITH HIS GLASS TO HIS EYE ANXIOUS,0.0,235918,235918,256.0846675712347,1.0,117920,16000,117920
test-clean,705,260,123286,3,opus,12k,36,YOU SEEM ANXIOUS MY UNCLE I SAID SEEING HIM CONTINUALLY WITH HIS GLASS TO HIS EYE ANXIOUS,YOU SEEM ANXIOUS MY UNCLE I SAID SEEING HIM CONTINUALLY WITH HIS GLASS TO HIS EYE ANXIOUS,0.0,235918,10442,11.334599728629579,22.593181382876843,117920,48000,353760
test-clean,705,260,123286,3,opus,8k,36,YOU SEEM ANXIOUS MY UNCLE I SAID SEEING HIM CONTINUALLY WITH HIS GLASS TO HIS EYE ANXIOUS,YOU SEEM ANXIOUS MY UNCLE I SAID SEEING HIM CONTINUALLY WITH HIS GLASS TO HIS EYE ANXIOUS,0.0,235918,7051,7.653731343283582,33.458800170188624,117920,48000,353760
test-clean,2352,8230,279154,40,wav,uncompressed,37,THERE ARE HOWEVER SEVERAL POINTS IN WHICH SUCH AN ACCOUNT OF RECOGNITION IS INADEQUATE TO BEGIN WITH IT MIGHT SEEM AT FIRST SIGHT MORE CORRECT TO DEFINE RECOGNITION AS I HAVE SEEN THIS BEFORE THAN AS THIS HAS EXISTED BEFORE,THERE ARE HOWEVER SEVERAL POINTS IN WHICH SUCH AN ACCOUNT OF RECOGNITION IS INADEQUATE TO BEGIN WITH IT MIGHT SEEM AT FIRST SIGHT MORE CORRECT TO DEFINE RECOGNITION AS I HAVE SEEN THIS BEFORE THAN AS THIS HAS EXISTED BEFORE,0.0,534318,534318,256.037376460018,1.0,267120,16000,267120
test-clean,2352,8230,279154,40,opus,12k,37,THERE ARE HOWEVER SEVERAL POINTS IN WHICH SUCH AN ACCOUNT OF RECOGNITION IS INADEQUATE TO BEGIN WITH IT MIGHT SEEM AT FIRST SIGHT MORE CORRECT TO DEFINE RECOGNITION AS I HAVE SEEN THIS BEFORE THAN AS THIS HAS EXISTED BEFORE,THERE ARE HOWEVER SEVERAL POINTS IN WHICH SUCH AN ACCOUNT OF RECOGNITION IS INADEQUATE TO BEGIN WITH IT MIGHT SEEM AT FIRST SIGHT MORE CORRECT TO DEFINE RECOGNITION AS I HAVE SEEN THIS BEFORE THAN AS THIS HAS EXISTED BEFORE,0.0,534318,25294,12.12051512428871,21.124298252550012,267120,48000,801360
test-clean,2352,8230,279154,40,opus,8k,37,THERE ARE HOWEVER SEVERAL POINTS IN WHICH SUCH AN ACCOUNT OF RECOGNITION IS INADEQUATE TO BEGIN WITH IT MIGHT SEEM AT FIRST SIGHT MORE CORRECT TO DEFINE RECOGNITION AS I HAVE SEEN THIS BEFORE THAN AS THIS HAS EXISTED BEFORE,THERE ARE HOWEVER SEVERAL POINTS IN WHICH SUCH AN ACCOUNT OF RECOGNITION IS INADEQUATE TO BEGIN WITH IT MIGHT SEEM AT FIRST SIGHT MORE CORRECT TO DEFINE RECOGNITION AS I HAVE SEEN THIS BEFORE THAN AS THIS HAS EXISTED BEFORE,0.0,534318,16658,7.982270140760707,32.07575939488534,267120,48000,801360
test-clean,1215,4446,2275,40,wav,uncompressed,38,THE SIGHT OF YOU BARTLEY TO SEE YOU LIVING AND HAPPY AND SUCCESSFUL CAN I NEVER MAKE YOU UNDERSTAND WHAT THAT MEANS TO ME,THE SIGHT OF YOU BARTLEY TO SEE YOU LIVING AND HAPPY AND SUCCESSFUL CAN I NEVER MAKE YOU UNDERSTAND WHAT THAT MEANS TO ME,0.0,222958,222958,256.0895908111989,1.0,111440,16000,111440
test-clean,1215,4446,2275,40,opus,12k,38,THE SIGHT OF YOU BARTLEY TO SEE YOU LIVING AND HAPPY AND SUCCESSFUL CAN I NEVER MAKE YOU UNDERSTAND WHAT THAT MEANS TO ME,THE SIGHT OF YOU BARTLEY TO SEE YOU LIVING AND HAPPY AND SUCCESSFUL CAN I NEVER MAKE YOU UNDERSTAND WHAT THAT MEANS TO ME,0.0,222958,10640,12.22110552763819,20.9546992481203,111440,48000,334320
test-clean,1215,4446,2275,40,opus,8k,38,THE SIGHT OF YOU BARTLEY TO SEE YOU LIVING AND HAPPY AND SUCCESSFUL CAN I NEVER MAKE YOU UNDERSTAND WHAT THAT MEANS TO ME,THE SIGHT OF YOU BARTLEY TO SEE YOU LIVING AND HAPPY AND SUCCESSFUL CAN I NEVER MAKE YOU UNDERSTAND WHAT THAT MEANS TO ME,0.0,222958,7132,8.191816223977028,31.261637689287717,111440,48000,334320
test-clean,217,1284,1180,5,wav,uncompressed,39,NO ONE WOULD DISTURB THEIR LITTLE HOUSE EVEN IF ANYONE CAME SO FAR INTO THE THICK FOREST WHILE THEY WERE GONE,NO ONE WOULD DISTURB THEIR LITTLE HOUSE EVEN IF ANYONE CAME SO FAR INTO THE THICK FOREST WHILE THEY WERE GONE,0.0,209678,209678,256.09526717557253,1.0,104800,16000,104800
test-clean,217,1284,1180,5,opus,12k,39,NO ONE WOULD DISTURB THEIR LITTLE HOUSE EVEN IF ANYONE CAME SO FAR INTO THE THICK FOREST WHILE THEY WERE GONE,NO ONE WOULD DISTURB THEIR LITTLE HOUSE EVEN IF ANY ONE CAME SO FAR INTO THE THICK FOREST WHILE THEY WERE GONE,0.09523809523809523,209678,10221,12.483664122137405,20.5144310732805,104800,48000,314400
test-clean,217,1284,1180,5,opus,8k,39,NO ONE WOULD DISTURB THEIR LITTLE HOUSE EVEN IF ANYONE CAME SO FAR INTO THE THICK FOREST WHILE THEY WERE GONE,NO ONE WOULD DISTURB THEIR LITTLE HOUSE EVEN IF ANY ONE CAME SO FAR INTO THE THICK FOREST WHILE THEY WERE GONE,0.09523809523809523,209678,6900,8.427480916030534,30.388115942028985,104800,48000,314400
test-clean,431,1580,141084,43,wav,uncompressed,40,HE PUT HIS SHOES ON THE TABLE,HE PUT HIS SHOES ON THE TABLE,0.0,66158,66158,256.30217917675543,1.0,33040,16000,33040
test-clean,431,1580,141084,43,opus,12k,40,HE PUT HIS SHOES ON THE TABLE,HE PUT HIS SHOES ON THE TABLE,0.0,66158,3111,12.05230024213075,21.26583092253295,33040,48000,99120
test-clean,431,1580,141084,43,opus,8k,40,HE PUT HIS SHOES ON THE TABLE,HE PUT HIS SHOES ON THE TABLE,0.0,66158,2126,8.2363196125908,31.118532455315147,33040,48000,99120
test-clean,952,3570,5695,9,wav,uncompressed,41,EACH WILL THEREFORE SERVE ABOUT EQUALLY WELL DURING THE EARLIER STAGES OF SOCIAL GROWTH,EACH WILL THEREFORE SERVE ABOUT EQUALLY WELL DURING THE EARLIER STAGES OF SOCIAL GROWTH,0.0,160878,160878,256.1241791044776,1.0,80400,16000,80400
test-clean,952,3570,5695,9,opus,12k,41,EACH WILL THEREFORE SERVE ABOUT EQUALLY WELL DURING THE EARLIER STAGES OF SOCIAL GROWTH,EACH WILL THEREFORE SERVE ABOUT EQUALLY WELL DURING THE EARLIER STAGES OF SOCIAL GROWTH,0.0,160878,7696,12.25233830845771,20.90410602910603,80400,48000,241200
test-clean,952,3570,5695,9,opus,8k,41,EACH WILL THEREFORE SERVE ABOUT EQUALLY WELL DURING THE EARLIER STAGES OF SOCIAL GROWTH,EACH WILL THEREFORE SERVE ABOUT EQUALLY WELL DURING THE EARLIER STAGES OF SOCIAL GROWTH,0.0,160878,5101,8.120995024875622,31.538521858459127,80400,48000,241200
test-clean,2242,7729,102255,9,wav,uncompressed,42,ALL DISSENT ALL NON COMPLIANCE ALL HESITATION ALL MERE SILENCE EVEN WERE IN THEIR STRONGHOLD TOWNS LIKE LEAVENWORTH BRANDED AS ABOLITIONISM DECLARED TO BE HOSTILITY TO THE PUBLIC WELFARE AND PUNISHED WITH PROSCRIPTION PERSONAL VIOLENCE EXPULSION AND FREQUENTLY DEATH,ALL DESCENT ALL NON COMPLIANCE ALL HESITATION ALL MERE SILENCE EVEN WERE IN THEIR STRONGHOLD TALENTS LIKE LEVENWORTH BRANDED AS ABOLITIONISM DECLARED TO BE HOSTILITY TO THE PUBLIC WELFARE AND PUNISHED WITH PROSCRIPTION PERSONAL VIOLENCE EXPULSION AND FREQUENTLY DEATH,0.07692307692307693,593998,593998,256.0336206896552,1.0,296960,16000,296960
test-clean,2242,7729,102255,9,opus,12k,42,ALL DISSENT ALL NON COMPLIANCE ALL HESITATION ALL MERE SILENCE EVEN WERE IN THEIR STRONGHOLD TOWNS LIKE LEAVENWORTH BRANDED AS ABOLITIONISM DECLARED TO BE HOSTILITY TO THE PUBLIC WELFARE AND PUNISHED WITH PROSCRIPTION PERSONAL VIOLENCE EXPULSION AND FREQUENTLY DEATH,ALL DESCENT ALL NON COMPLIANCE ALL HESITATION ALL MERE SILENCE EVEN WERE IN THEIR STRONGHOLD TALENTS LIKE LEVENWORTH BRANDED AS ABOLITIONISM DECLARED TO BE HOSTILITY TO THE PUBLIC WELFARE AND PUNISHED WITH PROSCRIPTION PERSONAL VIOLENCE EXPULSION AND FREQUENTLY DEATH,0.07692307692307693,593998,29056,12.524137931034483,20.443213105726873,296960,48000,890880
test-clean,2242,7729,102255,9,opus,8k,42,ALL DISSENT ALL NON COMPLIANCE ALL HESITATION ALL MERE SILENCE EVEN WERE IN THEIR STRONGHOLD TOWNS LIKE LEAVENWORTH BRANDED AS ABOLITIONISM DECLARED TO BE HOSTILITY TO THE PUBLIC WELFARE AND PUNISHED WITH PROSCRIPTION PERSONAL VIOLENCE EXPULSION AND FREQUENTLY DEATH,ALL DESCENT ALL NON COMPLIANCE ALL HESITATION ALL MERE SILENCE EVEN WERE IN THEIR STRONGHOLD TOWNS LIKE LEVENWORTH BRANDED AS ABOLITIONISM DECLARED TO BE HOSTILITY TO THE PUBLIC WELFARE AND PUNISHED WITH PROSCRIPTION PERSONAL VIOLENCE EXPULSION AND FREQUENTLY DEATH,0.05128205128205128,593998,19325,8.329741379310345,30.737283311772316,296960,48000,890880
test-clean,680,237,134500,21,wav,uncompressed,43,OH EVER SO MUCH ONLY HE SEEMS KIND OF STAID AND SCHOOL TEACHERY,OH EVER SO MUCH ONLY HE SEEMS KIND OF STAYAT AND SCHOOL TEACHRY,0.15384615384615385,163918,163918,256.121875,1.0,81920,16000,81920
test-clean,680,237,134500,21,opus,12k,43,OH EVER SO MUCH ONLY HE SEEMS KIND OF STAID AND SCHOOL TEACHERY,OH EVER SO MUCH ONLY HE SEEMS KIND OF STAYAT AN SCHOOL TEACHRY,0.23076923076923078,163918,7804,12.19375,21.004356740133264,81920,48000,245760
test-clean,680,237,134500,21,opus,8k,43,OH EVER SO MUCH ONLY HE SEEMS KIND OF STAID AND SCHOOL TEACHERY,OH EVER SO MUCH ONLY YOU SEEM KIND OF STAYAT IN SCHOOL TEATREE,0.38461538461538464,163918,5214,8.146875,31.438051400076716,81920,48000,245760
test-clean,1646,5683,32866,22,wav,uncompressed,44,ITS CURTAINS WERE OF THICK AND FADED TAPESTRY,ITS CURTAINS WERE OF THICK AND FADED TAPESTRY,0.0,102158,102158,256.19561128526647,1.0,51040,16000,51040
test-clean,1646,5683,32866,22,opus,12k,44,ITS CURTAINS WERE OF THICK AND FADED TAPESTRY,ITS CURTAINS WERE OF THICK AND FADED TAPESTRY,0.0,102158,4942,12.393730407523512,20.671388101983002,51040,48000,153120
test-clean,1646,5683,32866,22,opus,8k,44,ITS CURTAINS WERE OF THICK AND FADED TAPESTRY,ITS CURTAINS WERE OF THICK AND FADED TAPESTRY,0.0,102158,3288,8.245768025078371,31.069951338199512,51040,48000,153120
test-clean,1881,6829,68769,21,wav,uncompressed,45,A FRESH WHOLESOME LOOKING BOY WAS TOM GATES WITH STEADY GRAY EYES AN INTELLIGENT FOREHEAD BUT A SENSITIVE RATHER WEAK MOUTH,A FRESH WHOLESOME LOOKING BOY WITH TOM GATES WITH STEADY GRAY EYES AN INTELLIGENT FOREHEAD BUT A SENSITIVE RATHER WEAK MOUTH,0.047619047619047616,252718,252718,256.0790373654212,1.0,126320,16000,126320
test-clean,1881,6829,68769,21,opus,12k,45,A FRESH WHOLESOME LOOKING BOY WAS TOM GATES WITH STEADY GRAY EYES AN INTELLIGENT FOREHEAD BUT A SENSITIVE RATHER WEAK MOUTH,A FRESH WHOLESOME LOOKING BOY WITH TOM GATES WITH STEADY GRAY EYES AN INTELLIGENT FOREHEAD BUT A SENSITIVE RATHER WEAK MOUTH,0.047619047619047616,252718,12292,12.45547815072831,20.559550927432475,126320,48000,378960
test-clean,1881,6829,68769,21,opus,8k,45,A FRESH WHOLESOME LOOKING BOY WAS TOM GATES WITH STEADY GRAY EYES AN INTELLIGENT FOREHEAD BUT A SENSITIVE RATHER WEAK MOUTH,A FRESHWHOLESOME LOOKING BOY WITH TOM GATES WITH STEADY GRAY EYES AN INTELLIGENT FOREHEAD BUT A SENSITIVE RATHER WEAK MOUTH,0.14285714285714285,252718,8224,8.333375554148194,30.729328793774318,126320,48000,378960
test-clean,1730,61,70968,49,wav,uncompressed,46,HAVE YOUR WILL CHILD IF THE BOY ALSO WILLS IT MONTFICHET ANSWERED FEELING TOO ILL TO OPPOSE ANYTHING VERY STRONGLY JUST THEN,HAVE YOUR WILL CHILD IF THE BOY ALSO WILLS IT AN MONTFIGET ANSWERED FEELING TOO ILL TO OPPOSE ANYTHING VERY STRONGLY JUST THEN,0.09090909090909091,264078,264078,256.07563636363636,1.0,132000,16000,132000
test-clean,1730,61,70968,49,opus,12k,46,HAVE YOUR WILL CHILD IF THE BOY ALSO WILLS IT MONTFICHET ANSWERED FEELING TOO ILL TO OPPOSE ANYTHING VERY STRONGLY JUST THEN,HAVE YOUR WILL CHILD IF THE BOY ALL SO WILLS IT AND MONTFICHET ANSWERED FEELING TOO ILL TO OPPOSE ANYTHING VERY STRONGLY JUST THEN,0.13636363636363635,264078,12833,12.444121212121212,20.578040988077614,132000,48000,396000
test-clean,1730,61,70968,49,opus,8k,46,HAVE YOUR WILL CHILD IF THE BOY ALSO WILLS IT MONTFICHET ANSWERED FEELING TOO ILL TO OPPOSE ANYTHING VERY STRONGLY JUST THEN,HAVE YOUR WILL CHILD IF THE BOY ALL SO WILLED IT MONTFICHET ANSWERED FEELING TOO ILL TO OPPOSE ANYTHING VERY STRONGLY JUST THEN,0.13636363636363635,264078,8646,8.384,30.543372657876475,132000,48000,396000
test-clean,2262,7729,102255,29,wav,uncompressed,47,TEN DAYS WERE CONSUMED IN THESE NEGOTIATIONS BUT THE SPIRIT OF VENGEANCE REFUSED TO YIELD,TEN DAYS WERE CONSUMED IN THESE NEGOTIATIONS BUT THE SPIRIT OF VENGEANCE REFUSED TO YIELD,0.0,225998,225998,256.08838526912183,1.0,112960,16000,112960
test-clean,2262,7729,102255,29,opus,12k,47,TEN DAYS WERE CONSUMED IN THESE NEGOTIATIONS BUT THE SPIRIT OF VENGEANCE REFUSED TO YIELD,TEN DAYS WERE CONSUMED IN THESE NEGOTIATIONS BUT THE SPIRIT OF VENGEANCE REFUSED TO YIELD,0.0,225998,10879,12.327478753541078,20.773784355179703,112960,48000,338880
test-clean,2262,7729,102255,29,opus,8k,47,TEN DAYS WERE CONSUMED IN THESE NEGOTIATIONS BUT THE SPIRIT OF VENGEANCE REFUSED TO YIELD,TEN DAYS WERE CONSUMED IN THESE NEGOTIATIONS BUT THE SPIRIT OF DENGEANCE REFUSED TO YIELD,0.06666666666666667,225998,7233,8.196033994334279,31.245403013963777,112960,48000,338880
test-clean,2148,7127,75947,30,wav,uncompressed,48,SHE WAS HERE JUST NOW SAID THE COUNT,SHE WAS HERE JUST NOW SAID THE COUNT,0.0,88398,88398,256.2260869565218,1.0,44160,16000,44160
test-clean,2148,7127,75947,30,opus,12k,48,SHE WAS HERE JUST NOW SAID THE COUNT,SHE WAS HERE JUST NOW SAID THE COUNT,0.0,88398,4236,12.278260869565218,20.86827195467422,44160,48000,132480
test-clean,2148,7127,75947,30,opus,8k,48,SHE WAS HERE JUST NOW SAID THE COUNT,SHE WAS HERE JUST NOW SAID THE COUNT,0.0,88398,2815,8.159420289855072,31.402486678507994,44160,48000,132480
test-clean,1162,4446,2273,24,wav,uncompressed,49,BARTLEY STARTED WHEN HILDA RANG THE LITTLE BELL BESIDE HER DEAR ME WHY DID YOU DO THAT,BARTLEY STARTED WHEN HILDA RANG THE LITTLE BELL BESIDE HER DEAR ME WHY DID YOU DO THAT,0.0,154478,154478,256.12932642487044,1.0,77200,16000,77200
test-clean,1162,4446,2273,24,opus,12k,49,BARTLEY STARTED WHEN HILDA RANG THE LITTLE BELL BESIDE HER DEAR ME WHY DID YOU DO THAT,BARTLEY STARTED WHEN HILDA RANG THE LITTLE BELL BESIDE HER DEAR ME WHY DID YOU DO THAT,0.0,154478,7256,12.030673575129534,21.289691289966925,77200,48000,231600
test-clean,1162,4446,2273,24,opus,8k,49,BARTLEY STARTED WHEN HILDA RANG THE LITTLE BELL BESIDE HER DEAR ME WHY DID YOU DO THAT,BARTLEY STARTED WHEN HILDA RANG THE LITTLE BELL BESIDE HER DEAR ME WHY DID YOU DO THAT,0.0,154478,4967,8.23544041450777,31.10086571371049,77200,48000,231600
test-clean,1238,4507,16021,17,wav,uncompressed,50,HE WOULD BE LIKE A PHILOLOGIST REFUSING TO EXAMINE A FACT IN LANGUAGE A PHILOSOPHER HESITATING TO SCRUTINIZE A FACT IN HUMANITY,HE WOULD BE LIKE A PHILOLOGIST REFUSING TO EXAMINE A FACT IN LANGUAGE A PHILOSOPHER HESITATING TO SCRUTINIZE A FACT IN HUMANITY,0.0,338798,338798,256.05895134624467,1.0,169360,16000,169360
test-clean,1238,4507,16021,17,opus,12k,50,HE WOULD BE LIKE A PHILOLOGIST REFUSING TO EXAMINE A FACT IN LANGUAGE A PHILOSOPHER HESITATING TO SCRUTINIZE A FACT IN HUMANITY,HE WOULD BE LIKE A PHILOLOGIST REFUSING TO EXAMINE A FACT IN LANGUAGE A PHILOSOPHER HESITATING TO SCRUTINIZE A FACT IN HUMANITY,0.0,338798,16232,12.267926310817193,20.87222769837358,169360,48000,508080
test-clean,1238,4507,16021,17,opus,8k,50,HE WOULD BE LIKE A PHILOLOGIST REFUSING TO EXAMINE A FACT IN LANGUAGE A PHILOSOPHER HESITATING TO SCRUTINIZE A FACT IN HUMANITY,HE WOULD BE LIKE A PHILOLOGIST REFUSING TO EXAMINE A FACT IN LANGUAGE A PHILOSOPHER HESITATING TO SCRUTINIZE A FACT IN HUMANITY,0.0,338798,10811,8.170807746811525,31.338266580334846,169360,48000,508080
test-other,1548,4852,28330,18,wav,uncompressed,1,HE THEN WENT ON TO DESCRIBE WHAT ELSE WAS TO FOLLOW THE COVERING OF THE SHIP WITH LEAVES TO MAKE IT BLEND WITH ITS SURROUNDINGS,HE THEN WENT ON TO DESCRIBE WHAT ELSE WAS TO FOLLOW THE COVERING OF THE SHIP WITH LEAVES TO MAKE IT BLEND WITH ITS SURROUNDINGS,0.0,213998,213998,256.0933433059088,1.0,106960,16000,106960
test-other,1548,4852,28330,18,opus,12k,1,HE THEN WENT ON TO DESCRIBE WHAT ELSE WAS TO FOLLOW THE COVERING OF THE SHIP WITH LEAVES TO MAKE IT BLEND WITH ITS SURROUNDINGS,HE THEN WENT ON TO DESCRIBE WHAT ELSE WAS TO FOLLOW THE COVERING OF A SHIP WITH LEAVES TO MAKE IT BLEND WITH ITS SURROUNDINGS,0.04,213998,10426,12.476888556469708,20.525417226165356,106960,48000,320880
test-other,1548,4852,28330,18,opus,8k,1,HE THEN WENT ON TO DESCRIBE WHAT ELSE WAS TO FOLLOW THE COVERING OF THE SHIP WITH LEAVES TO MAKE IT BLEND WITH ITS SURROUNDINGS,HE THEN WENT ON TO THE SCRY WHAT ELSE WAS TO FOLLOW THE COVERING OF THE SHIFP WITH LEAVES TO MAKE IT BLEND WITH ITS SURROUNDINGS,0.12,213998,6879,8.232161555721767,31.108882104957114,106960,48000,320880
test-other,1092,3997,180294,4,wav,uncompressed,2,I DON'T KNOW HOW IT IS BUT IT SEEMS TO ME AS IF I DO,I DON'T KNOW HOW IT IS BUT IT SEEMS TO ME AS IF I DO,0.0,138158,138158,256.1446118192352,1.0,69040,16000,69040
test-other,1092,3997,180294,4,opus,12k,2,I DON'T KNOW HOW IT IS BUT IT SEEMS TO ME AS IF I DO,I DON'T KNOW HOW IT IS BUT IT SEEMS TO ME AS IF I DO,0.0,138158,6709,12.438470451911932,20.592934863616037,69040,48000,207120
test-other,1092,3997,180294,4,opus,8k,2,I DON'T KNOW HOW IT IS BUT IT SEEMS TO ME AS IF I DO,I DON'T KNOW HOW IT IS BUT IT SEEMS TO ME AS IF I DO,0.0,138158,4423,8.200231749710312,31.236264978521366,69040,48000,207120
test-other,882,3538,163622,14,wav,uncompressed,3,AND THUS THEY JOURNEYED ONWARDS A LONG LONG WAY,AND THUS THEY JOURNEYED ONWARDS ALONG LONG WAY,0.2222222222222222,109678,109678,256.1821897810219,1.0,54800,16000,54800
test-other,882,3538,163622,14,opus,12k,3,AND THUS THEY JOURNEYED ONWARDS A LONG LONG WAY,AND THUS THEY JOURNEYED ONWARDS A LONG LONG WAY,0.0,109678,5311,12.405255474452556,20.65110148747882,54800,48000,164400
test-other,882,3538,163622,14,opus,8k,3,AND THUS THEY JOURNEYED ONWARDS A LONG LONG WAY,AND THUS THEY JOURNEYED ONWARDS ALONG LONG WAY,0.2222222222222222,109678,3611,8.434452554744526,30.37330379396289,54800,48000,164400
test-other,1107,3997,180294,19,wav,uncompressed,4,THE WOMAN BECOMES THE MAN'S MISTRESS AND LOVES HIM,THE WOMAN BECOMES THE MAN'S MISTRESS AND LOVES HIM,0.0,110316,110316,256.18113536167203,1.0,55119,16000,55119
test-other,1107,3997,180294,19,opus,12k,4,THE WOMAN BECOMES THE MAN'S MISTRESS AND LOVES HIM,THE WOMAN BECOMES THE MAN'S MISTRESS AND LOVES HIM,0.0,110316,5414,12.572651898619352,20.376062061322497,55119,48000,165357
test-other,1107,3997,180294,19,opus,8k,4,THE WOMAN BECOMES THE MAN'S MISTRESS AND LOVES HIM,THE WOMAN BECOMES THE MAN'S MISTRESS AND LOVES HIM,0.0,110316,3605,8.371704856764454,30.600832177531206,55119,48000,165357
test-other,2475,7975,280057,20,wav,uncompressed,5,WHEN I WAS TAKEN PRISONER I EXPECTED TO BE SHOT WITHOUT CEREMONY,WHEN I WAS TAKEN PRISONER I EXPECTED TO BE SHOT WITHOUT CEREMONY,0.0,112878,112878,256.1770212765957,1.0,56400,16000,56400
test-other,2475,7975,280057,20,opus,12k,5,WHEN I WAS TAKEN PRISONER I EXPECTED TO BE SHOT WITHOUT CEREMONY,WHEN I WAS SAKEND PRISONER I EXPECTED TO BE SHOT WITHOUT CEREMONY,0.08333333333333333,112878,5674,12.877163120567376,19.89390200916461,56400,48000,169200
test-other,2475,7975,280057,20,opus,8k,5,WHEN I WAS TAKEN PRISONER I EXPECTED TO BE SHOT WITHOUT CEREMONY,WHEN I WAS SECOND PRISONER I EXPECTED TO BE SHOT WITHOUT CEREMONY,0.08333333333333333,112878,3817,8.662695035460992,29.572439088289233,56400,48000,169200
test-other,2677,8188,269288,4,wav,uncompressed,6,WHAT DO YOU MEAN REPLIED LESLIE,WHAT DO YOU MEAN REPLIED LISLY,0.16666666666666666,90638,90638,256.2204946996466,1.0,45280,16000,45280
test-other,2677,8188,269288,4,opus,12k,6,WHAT DO YOU MEAN REPLIED LESLIE,WHAT DO YOU MEAN REPLIED LISLEY,0.16666666666666666,90638,4102,11.595759717314488,22.096050706972207,45280,48000,135840
test-other,2677,8188,269288,4,opus,8k,6,WHAT DO YOU MEAN REPLIED LESLIE,WHAT DO YOU MEAN REPLIED LISLEY,0.16666666666666666,90638,2676,7.564664310954064,33.87070254110613,45280,48000,135840
test-other,2450,7902,96595,21,wav,uncompressed,7,BEG PARDON SIR BUT CAN YOU AS A GENTLEMAN ASSURE ME THAT HE IS NOT HERE CERTAINLY SAID SIR RISDON,BEG PARDON SIR BUT CAN YOU IS A GENTLEMAN ASSURE ME THAT HE IS NOT HERE CERTAINLY SAID SIR RISDON,0.05,172398,172398,256.11587743732593,1.0,86160,16000,86160
test-other,2450,7902,96595,21,opus,12k,7,BEG PARDON SIR BUT CAN YOU AS A GENTLEMAN ASSURE ME THAT HE IS NOT HERE CERTAINLY SAID SIR RISDON,BEG PARDON SIR BUT CAN YOU AS A GENTLEMAN ASSURE ME THAT HE IS NOT HERE CERTAINLY SAID SIR RISDOM,0.05,172398,8294,12.32163416898793,20.785869303110683,86160,48000,258480
test-other,2450,7902,96595,21,opus,8k,7,BEG PARDON SIR BUT CAN YOU AS A GENTLEMAN ASSURE ME THAT HE IS NOT HERE CERTAINLY SAID SIR RISDON,BEG PARDON SIR BECAN YOU IS A GENTLEMAN ASSURE ME THAT HE IS NOT HERE CERTAINLY SAID SIR RISDON,0.15,172398,5598,8.316434540389974,30.79635584137192,86160,48000,258480
test-other,1426,4350,9170,44,wav,uncompressed,8,AND FOR THE SAKE OF WHAT AM I MAKING THEM,AND FOR THE SAKE OF WHAT AM I MAKING THEM,0.0,77998,77998,256.2562628336756,1.0,38960,16000,38960
test-other,1426,4350,9170,44,opus,12k,8,AND FOR THE SAKE OF WHAT AM I MAKING THEM,AND FOR THE SAKE OF WHAT AM I MAKING EM,0.1,77998,3734,12.26776180698152,20.88859132297804,38960,48000,116880
test-other,1426,4350,9170,44,opus,8k,8,AND FOR THE SAKE OF WHAT AM I MAKING THEM,AND FOR THE SAKE OF WHAT I MAKINGAM,0.3,77998,2477,8.137987679671458,31.488897860314896,38960,48000,116880
test-other,2590,8131,117016,35,wav,uncompressed,9,COLONEL THEY'D KILL ME I DON'T KNOW,COLONEL THEY'D KILL ME I DON'T KNOW,0.0,109518,109518,256.1824561403509,1.0,54720,16000,54720
test-other,2590,8131,117016,35,opus,12k,9,COLONEL THEY'D KILL ME I DON'T KNOW,COLONEL THEY'D KILL ME I DON'T KNOW,0.0,109518,4857,11.361403508771929,22.54848672019765,54720,48000,164160
test-other,2590,8131,117016,35,opus,8k,9,COLONEL THEY'D KILL ME I DON'T KNOW,COLONEL THEY'D KILL ME I DON'T KNOW,0.0,109518,3272,7.653801169590643,33.47127139364303,54720,48000,164160
test-other,2285,7105,2340,3,wav,uncompressed,10,WHEN A MAN IS ABSOLUTELY WEALTHY NOT MERELY WELL TO DO ALL SUSPICION OF SORDID MOTIVE NATURALLY DISAPPEARS THE THING BECOMES MERELY A TIRESOME MALADY,WHEN A MAN IS ABSOLUTELY WEALTHY NOT MERELY WELL TO DO ALL SUSPICION OF SORDID MOTIVE NATURAL DISAPPEARS THE THING BECOMES MERELY A TIRESOME MALADAY,0.08,347598,347598,256.05745856353593,1.0,173760,16000,173760
test-other,2285,7105,2340,3,opus,12k,10,WHEN A MAN IS ABSOLUTELY WEALTHY NOT MERELY WELL TO DO ALL SUSPICION OF SORDID MOTIVE NATURALLY DISAPPEARS THE THING BECOMES MERELY A TIRESOME MALADY,WHEN A MAN IS ABSOLUTELY WEALTHY NOT MERELY WELL TO DO ALL SUSPICION OF SORDID MOTIVE NATURAL DISAPPEARS THE THING BECOMES MERELY A PARESOME MALADAY,0.12,347598,16846,12.409576427255987,20.633859669951324,173760,48000,521280
test-other,2285,7105,2340,3,opus,8k,10,WHEN A MAN IS ABSOLUTELY WEALTHY NOT MERELY WELL TO DO ALL SUSPICION OF SORDID MOTIVE NATURALLY DISAPPEARS THE THING BECOMES MERELY A TIRESOME MALADY,WHEN A MAN IS ABSOLUTELY WEALTHY NOT MERELY WELL TO DO ALL SUSPICION OF SARTED MOTIVES NATURAL DISAPPEARS THE THAING BECOMES MERELY ATTIRESOME MALADY,0.24,347598,11420,8.412523020257828,30.437653239929947,173760,48000,521280
test-other,1736,5484,24317,4,wav,uncompressed,11,THE BANQUET WAS TO BEGIN IN A FEW HOURS YET HE COULD NOT LET THE DAY PASS WITHOUT SEEING DAPHNE AND TELLING HER THE WORDS OF THE ORACLE,THE BANQUET WAS TO BEGIN IN A FEW HOURS YET HE COULD NOT LET THE DAY PASS WITHOUT SEEING DAPHNY AND TELLING HER THE WORDS OF THE ORACLE,0.03571428571428571,262318,262318,256.07614399023794,1.0,131120,16000,131120
test-other,1736,5484,24317,4,opus,12k,11,THE BANQUET WAS TO BEGIN IN A FEW HOURS YET HE COULD NOT LET THE DAY PASS WITHOUT SEEING DAPHNE AND TELLING HER THE WORDS OF THE ORACLE,THE BANQUET WAS TO BEGIN IN A FEW HOURS YET HE COULD NOT LET THE DAY PASS WITHOUT SEEING DAPHNY AND TELLING HER THE WORDS OF THE ORACLE,0.03571428571428571,262318,12633,12.332397803538743,20.764505659779942,131120,48000,393360
test-other,1736,5484,24317,4,opus,8k,11,THE BANQUET WAS TO BEGIN IN A FEW HOURS YET HE COULD NOT LET THE DAY PASS WITHOUT SEEING DAPHNE AND TELLING HER THE WORDS OF THE ORACLE,THE BANQUIT WAS TO BEGIN IN A FEW HOURS YET HE COULD NOT LET THE DAY PASS WITHOUT SEEING DAPHNE AND TELLING HER THE WORDS OF THE ORACLE,0.03571428571428571,262318,8375,8.175716900549116,31.32155223880597,131120,48000,393360
test-other,243,2033,164915,9,wav,uncompressed,12,WHY DIDST THOU SAY I NEVER REPEATED THESE COUPLETS NOR DO I KNOW WHO REPEATED THEM WHEN IT WAS THY COMPANION,WHY DIDST THOU SAY I NEVER REPEATED THESE COUPLETS NOR DO I KNOW WHO REPEATED THEM WHEN IT WAS T THY COMPANION,0.047619047619047616,289358,289358,256.0690265486726,1.0,144640,16000,144640
test-other,243,2033,164915,9,opus,12k,12,WHY DIDST THOU SAY I NEVER REPEATED THESE COUPLETS NOR DO I KNOW WHO REPEATED THEM WHEN IT WAS THY COMPANION,WHY DIDST THOU SAY I NEVER REPEATED THESE COUPLETS NOR DO I KNOW WHO REPEATED THEM WHEN IT WAS THY COMPANION,0.0,289358,13156,11.642477876106195,21.994375190027363,144640,48000,433920
test-other,243,2033,164915,9,opus,8k,12,WHY DIDST THOU SAY I NEVER REPEATED THESE COUPLETS NOR DO I KNOW WHO REPEATED THEM WHEN IT WAS THY COMPANION,WHY DIDST THOU SAY I NEVER REPEATED THESE COUPLETS NOR DO I KNOW WHO REPEATED THEM WHER IT WAS THY COMPANION,0.047619047619047616,289358,8834,7.817699115044248,32.75503735567127,144640,48000,433920
test-other,468,3005,163390,9,wav,uncompressed,13,WE STRUCK THE RAFT AT THE SAME TIME AND IN LESS THAN TWO SECONDS WE WAS GLIDING DOWN STREAM ALL DARK AND STILL AND EDGING TOWARDS THE MIDDLE OF THE RIVER NOBODY SAYING A WORD,WE STRUCK THE RAFT AT THE SAME TIME AND IN LESS THAN TWO SECONDS WE WAS GLIDING DOWN STREAM ALL DARK AND STILL AND EDGING TOWARDS THE MIDDLE OF THE RIVER NOBODY SAYING A WORD,0.0,356878,356878,256.05596412556054,1.0,178400,16000,178400
test-other,468,3005,163390,9,opus,12k,13,WE STRUCK THE RAFT AT THE SAME TIME AND IN LESS THAN TWO SECONDS WE WAS GLIDING DOWN STREAM ALL DARK AND STILL AND EDGING TOWARDS THE MIDDLE OF THE RIVER NOBODY SAYING A WORD,WE STRUCK THE RAFT AT THE SAME TIME AND IN LESS THAN TWO SECONDS WE WAS GLIDING DOWN STREAM ALL DARK AND STILL AND EDGING TOWARDS THE MIDDLE OF THE RIVER NOBODY SAYING A WORD,0.0,356878,16867,12.101883408071748,21.158356554218297,178400,48000,535200
test-other,468,3005,163390,9,opus,8k,13,WE STRUCK THE RAFT AT THE SAME TIME AND IN LESS THAN TWO SECONDS WE WAS GLIDING DOWN STREAM ALL DARK AND STILL AND EDGING TOWARDS THE MIDDLE OF THE RIVER NOBODY SAYING A WORD,WE STRUCK THE RAFT AT THE SAME TIME AND IN LESS THAN TWO SECONDS WE WAS GLIDING DOWN STREAM ALL DARK AND STILL AND EDGING TOWARDS THE MIDDLE OF THE RIVER NOBODY SAYING A WORD,0.0,356878,11203,8.038026905829597,31.855574399714364,178400,48000,535200
test-other,1715,5442,41169,15,wav,uncompressed,14,IF WE'RE LAYING OUT A GARDEN PLANNING ONE BEFORE THE HOUSE YOU KNOW AND THERE YOU'VE A TREE THAT'S STOOD FOR CENTURIES IN THE VERY SPOT OLD AND GNARLED IT MAY BE AND YET YOU DON'T CUT DOWN THE OLD FELLOW TO MAKE ROOM FOR THE FLOWERBEDS BUT LAY OUT YOUR BEDS SO AS TO TAKE ADVANTAGE OF THE TREE,IF WE ARE LAYING OUT A GARDEN CLAMNING ONE BEFORE THE HOUSE YOU KNOW AND THERE YOU HAVE A TREE THAT STOOD A CENTURIES IN THE VERY SPOT OLD AND GNARLED IT MAY BE AND YET YOU DON'T CUT DOWN THE OLD FELLOW TO MAKE ROOM FOR THE FLOWER BEDS BUT LAY OUT YOUR BEDS SO AS TO TAKE ADVANTAGE OF THE TREE,0.15,642638,642638,256.0310756972112,1.0,321280,16000,321280
test-other,1715,5442,41169,15,opus,12k,14,IF WE'RE LAYING OUT A GARDEN PLANNING ONE BEFORE THE HOUSE YOU KNOW AND THERE YOU'VE A TREE THAT'S STOOD FOR CENTURIES IN THE VERY SPOT OLD AND GNARLED IT MAY BE AND YET YOU DON'T CUT DOWN THE OLD FELLOW TO MAKE ROOM FOR THE FLOWERBEDS BUT LAY OUT YOUR BEDS SO AS TO TAKE ADVANTAGE OF THE TREE,IF WE ARE LAYING OUT A GARDEN CLAMRING ONE BEFORE THE HOUSE YOU KNOW AND THER YOU HAVE A TREE THAT STOOD A CENTURIES IN THE VERY SPOT OLD AND GNARLED IT MAY BE AND YET YOU DON'T GUT DOWN THE OLD FELLOW TO MAKE ROOM FOR THE FLOWER BEDS BUT LAY OUT YOUR BEDS SO AS TO TAKE ADVANTAGE OF THE TREE,0.18333333333333332,642638,31198,12.429482071713148,20.598692223860503,321280,48000,963840
test-other,1715,5442,41169,15,opus,8k,14,IF WE'RE LAYING OUT A GARDEN PLANNING ONE BEFORE THE HOUSE YOU KNOW AND THERE YOU'VE A TREE THAT'S STOOD FOR CENTURIES IN THE VERY SPOT OLD AND GNARLED IT MAY BE AND YET YOU DON'T CUT DOWN THE OLD FELLOW TO MAKE ROOM FOR THE FLOWERBEDS BUT LAY OUT YOUR BEDS SO AS TO TAKE ADVANTAGE OF THE TREE,AND WE ARE LAYING OUT A GARDEN PLANNING ONE BEFORE THE HOUSE YOU KNOW AN THAR YOU HAVE A TREE THAT STOOD A SENTURES IN THE VERY SPOT OLD AND NARLED IT MAY BE AND YET YOU DON'T GUT DOWN THE OLD FELLOW TO MAKE ROOM FOR THE FLOWER BED BUT LAY OUT YOUR BEDS SO AS TO TAKE ADVANTAGE OF THE TREE,0.23333333333333334,642638,20726,8.257370517928289,31.00636881212004,321280,48000,963840
test-other,101,1998,15444,5,wav,uncompressed,15,IF THE MEDICAL PRACTITIONER IS IN DOUBT ON ANY POINT HE SHOULD OBTAIN TECHNICAL ASSISTANCE FROM SOMEONE WHO HAS PAID ATTENTION TO THE SUBJECT,IF THE MEDICAL PRACTITIONER IS ENDOWED ON ANY POINT HE SHOULD OBTAIN TECHNICAL ASSISTANCE FROM SOME ONE WHO HAS PAID ATTENTION TO THE SUBJECT,0.16666666666666666,267918,267918,256.0745519713262,1.0,133920,16000,133920
test-other,101,1998,15444,5,opus,12k,15,IF THE MEDICAL PRACTITIONER IS IN DOUBT ON ANY POINT HE SHOULD OBTAIN TECHNICAL ASSISTANCE FROM SOMEONE WHO HAS PAID ATTENTION TO THE SUBJECT,IF THE MEDICAL PRACTITIONER IS ENDOWED ON ANY POINT HE SHOULD OBTAIN TECHNICAL ASSISTANCE FROM SOME ONE WHO HAS PAID ATTENTION TO THE SUBJECT,0.16666666666666666,267918,12901,12.330704898446834,20.76722734671731,133920,48000,401760
test-other,101,1998,15444,5,opus,8k,15,IF THE MEDICAL PRACTITIONER IS IN DOUBT ON ANY POINT HE SHOULD OBTAIN TECHNICAL ASSISTANCE FROM SOMEONE WHO HAS PAID ATTENTION TO THE SUBJECT,IF THE MEDICAL PACTITIONER AS ENDOWED ON ANY POINT HE SHOULD OBTAIN TECHNICAL ASSISTANCE FROM SOME ONE WHO HAS PAID ATTENTION TO THE SUBJECT,0.25,267918,8554,8.175866188769415,31.32078559738134,133920,48000,401760
test-other,1636,533,131564,12,wav,uncompressed,16,BUT HANG IT THAT'S NOT MY FAULT,BUT HANG IT THAT'S NOT MY FAULT,0.0,100878,100878,256.1980952380952,1.0,50400,16000,50400
test-other,1636,533,131564,12,opus,12k,16,BUT HANG IT THAT'S NOT MY FAULT,BUT HANG IT THAT'S NOT MY FAULT,0.0,100878,4746,12.053333333333335,21.25537294563843,50400,48000,151200
test-other,1636,533,131564,12,opus,8k,16,BUT HANG IT THAT'S NOT MY FAULT,BUT HANG IT TAT'S NOT MY FAULT,0.14285714285714285,100878,3081,7.824761904761905,32.74196689386563,50400,48000,151200
test-other,371,2609,156975,10,wav,uncompressed,17,HERE WERE FOUND SEVERAL INSCRIPTIONS BEARING THE EGYPTIAN NAME OF THE CITY P ATUM HOUSE OF THE GOD ATUM,HERE WERE FOUND SEVERAL INSCRIPTSAN BURING THE EGYPTIAN NAME OF THE CITY PATAM OUTS O THE GON ATAM,0.42105263157894735,274478,274478,256.07276967930034,1.0,137200,16000,137200
test-other,371,2609,156975,10,opus,12k,17,HERE WERE FOUND SEVERAL INSCRIPTIONS BEARING THE EGYPTIAN NAME OF THE CITY P ATUM HOUSE OF THE GOD ATUM,HERE WERE FOUND SEVERAL IN SCRITSONS BEN THE EGENTIAN NAME OF THE CITY PATAM OUTSO THE GAM ATAM,0.5263157894736842,274478,13108,12.229037900874637,20.939731461702777,137200,48000,411600
test-other,371,2609,156975,10,opus,8k,17,HERE WERE FOUND SEVERAL INSCRIPTIONS BEARING THE EGYPTIAN NAME OF THE CITY P ATUM HOUSE OF THE GOD ATUM,HERE WERE FOUND SEVERAL INSCRIPTSONS BURING THE EGYPSIAN NAME OF THE CITY TATAM OUT SO THE GAMAN ATAM,0.47368421052631576,274478,8660,8.07930029154519,31.694919168591223,137200,48000,411600
test-other,892,3538,163622,24,wav,uncompressed,18,I HAVE DONE MY BEST REPLIED CINDERLAD,I HAVE DONE MY BEST REPLIED SINDER LAD,0.2857142857142857,76878,76878,256.26,1.0,38400,16000,38400
test-other,892,3538,163622,24,opus,12k,18,I HAVE DONE MY BEST REPLIED CINDERLAD,I HAVE DONE MY BEST REPLIED SINDER LAD,0.2857142857142857,76878,3787,12.623333333333333,20.300501716398205,38400,48000,115200
test-other,892,3538,163622,24,opus,8k,18,I HAVE DONE MY BEST REPLIED CINDERLAD,I HAVE DONE MY BEST REPLIED SIMULAD,0.14285714285714285,76878,2590,8.633333333333335,29.682625482625483,38400,48000,115200
test-other,2707,8188,269288,34,wav,uncompressed,19,ANNIE'S EYES WERE VERY BRIGHT HER CHEEKS WERE NO LONGER PALE AND THERE WAS A BRILLIANT COLOR IN THEM,ENNY'S EYES WERE VERY BRIGHT HER CHEEKS WERE NO LONGER PALE AND THERE WAS A BRILLIANT COLOR IN THEM,0.05263157894736842,203598,203598,256.09811320754716,1.0,101760,16000,101760
test-other,2707,8188,269288,34,opus,12k,19,ANNIE'S EYES WERE VERY BRIGHT HER CHEEKS WERE NO LONGER PALE AND THERE WAS A BRILLIANT COLOR IN THEM,ENNIE'S EYES WERE VERY BRIGHT HER CHEEKS WERE NO LONGER PALE AND THERE WAS A BRILLIANT COLOR IN THEM,0.05263157894736842,203598,9447,11.883018867924527,21.551603683709114,101760,48000,305280
test-other,2707,8188,269288,34,opus,8k,19,ANNIE'S EYES WERE VERY BRIGHT HER CHEEKS WERE NO LONGER PALE AND THERE WAS A BRILLIANT COLOR IN THEM,ANNIE'S EYES WERE VERY BRIGHT HER CHEEKS WERE NO LONGER PALE AND THERE WAS A BRILLIANT COLOUR IN IN,0.10526315789473684,203598,6165,7.754716981132075,33.02481751824818,101760,48000,305280
test-other,1887,5764,299665,83,wav,uncompressed,20,FOR THOUSANDS OF YEARS MEN AND WOMEN HAVE BEEN TRYING TO REFORM THE WORLD,FOR THOUSANDS OF YEARS MEN AND WOMEN HAVE BEEN TRYING TO REFORM THE WORLD,0.0,171278,171278,256.1166355140187,1.0,85600,16000,85600
test-other,1887,5764,299665,83,opus,12k,20,FOR THOUSANDS OF YEARS MEN AND WOMEN HAVE BEEN TRYING TO REFORM THE WORLD,FOR THOUSANDS OF YEARS MEN AND WOMEN HAVE BEEN TRYING TO REFORM THE WORLD,0.0,171278,8313,12.430654205607478,20.60363286418862,85600,48000,256800
test-other,1887,5764,299665,83,opus,8k,20,FOR THOUSANDS OF YEARS MEN AND WOMEN HAVE BEEN TRYING TO REFORM THE WORLD,FOR THOUSANDS OF YEARS MEN AND WOMEN HAVE BEEN TRYING TO REFORM THE WORLD,0.0,171278,5555,8.306542056074766,30.83312331233123,85600,48000,256800
test-other,428,2609,169640,13,wav,uncompressed,21,THE PROAS DID NOT ALTER THEIR COURSE BUT NEARED US FAST,THE PROETS DID NOT ALTER THE COURSE BUT NEARD UTS FAST,0.36363636363636365,147598,147598,256.1353579175705,1.0,73760,16000,73760
test-other,428,2609,169640,13,opus,12k,21,THE PROAS DID NOT ALTER THEIR COURSE BUT NEARED US FAST,THE PROETS DID NOT ALTER THE COURSE BUT NEARED US FAST,0.18181818181818182,147598,7217,12.52407809110629,20.45143411389774,73760,48000,221280
test-other,428,2609,169640,13,opus,8k,21,THE PROAS DID NOT ALTER THEIR COURSE BUT NEARED US FAST,THE PROETS DID NOT ALTER THE QUARTERS BUT NERDUS FAST,0.45454545454545453,147598,4690,8.13882863340564,31.47078891257996,73760,48000,221280
test-other,1525,4852,28319,23,wav,uncompressed,22,MISTER WICKER BEGAN MOVING ABOUT UPSTAIRS THE FLOORBOARDS CREAKED AND STILL CHRIS COULD NOT LEAVE UNTIL THE POTION FUMED AND GLOWED,MISTER WORKER BEGAN MOVING ABOUT UPSTAIRS THE FLOOR BOARDS CREAKED GRK WY AND STILL CHRIS COULD NOT LEAVE UNTIL THE FUCTION FUMED AND GLOWED,0.2857142857142857,318958,318958,256.0626191670848,1.0,159440,16000,159440
test-other,1525,4852,28319,23,opus,12k,22,MISTER WICKER BEGAN MOVING ABOUT UPSTAIRS THE FLOORBOARDS CREAKED AND STILL CHRIS COULD NOT LEAVE UNTIL THE POTION FUMED AND GLOWED,MISTER WORKER BEGAN MOVING ABOUT UPSTAIRS THE FLOORBOARDS CREAKED GR RAY AND STILL CHRIS COULD NOT LEAVE UNTIL THE FOCTION FUMED AND GLOWED,0.19047619047619047,318958,15600,12.523833416959357,20.446025641025642,159440,48000,478320
test-other,1525,4852,28319,23,opus,8k,22,MISTER WICKER BEGAN MOVING ABOUT UPSTAIRS THE FLOORBOARDS CREAKED AND STILL CHRIS COULD NOT LEAVE UNTIL THE POTION FUMED AND GLOWED,MISTER WORKER BEGAN MOVING ABOUT UPSTAIRS THE FORBOARDS CREAKED NK M AND STILL CHRIS COULD NOT LEAVE UNTIL THE FOCTION FUMED AND GLOWED,0.23809523809523808,318958,10378,8.331560461615654,30.734052804008478,159440,48000,478320
test-other,151,1998,29454,27,wav,uncompressed,23,AN I ASKS YOU LET ME COME ALONGER YOU GOT THAT,AND I ASK YOU LET ME COME ALONG A YOU GOT THAT,0.36363636363636365,120238,120238,256.16617842876167,1.0,60080,16000,60080
test-other,151,1998,29454,27,opus,12k,23,AN I ASKS YOU LET ME COME ALONGER YOU GOT THAT,AND I ASK YOU LET ME COME ALONG A YOU GOT THAT,0.36363636363636365,120238,5751,12.252463382157124,20.907320466005913,60080,48000,180240
test-other,151,1998,29454,27,opus,8k,23,AN I ASKS YOU LET ME COME ALONGER YOU GOT THAT,AND I ASK YOU LET ME COME ALONG A YOU GOT THAT,0.36363636363636365,120238,3740,7.968042609853529,32.149197860962566,60080,48000,180240
test-other,2382,7902,96592,37,wav,uncompressed,24,WHY YOUR CLOTHES DON'T FIT YOU AND YOUR CAP'S PUT ON ALL SKEW REW,WHY YOUR CLOTHES DON'T FIT YOU AND YOUR CAPS PUT ON OLSCURO,0.2857142857142857,121518,121518,256.16442687747036,1.0,60720,16000,60720
test-other,2382,7902,96592,37,opus,12k,24,WHY YOUR CLOTHES DON'T FIT YOU AND YOUR CAP'S PUT ON ALL SKEW REW,WHY YOUR CLOTHES ONT FIT YOU AND YOUR KEPTS PUT ON OLSCURO,0.35714285714285715,121518,6041,12.734650856389989,20.1155437841417,60720,48000,182160
test-other,2382,7902,96592,37,opus,8k,24,WHY YOUR CLOTHES DON'T FIT YOU AND YOUR CAP'S PUT ON ALL SKEW REW,WHY YOUR CLOTHES ONT FIT YOU AND YOUR CAPS PUT ON OLSCURO,0.35714285714285715,121518,3964,8.356258234519103,30.65539858728557,60720,48000,182160
test-other,68,1688,142285,68,wav,uncompressed,25,I SOMETIMES THINK I SHALL BE MOPED WI SORROW EVEN IN THE CITY OF GOD IF FATHER IS NOT THERE,I SOMETIMES THINK I SHALL BE MOKED WITH SORROW EVEN IN THE CITY OF GOD IF FATHER IS NOT THERE,0.1,214478,214478,256.0931343283582,1.0,107200,16000,107200
test-other,68,1688,142285,68,opus,12k,25,I SOMETIMES THINK I SHALL BE MOPED WI SORROW EVEN IN THE CITY OF GOD IF FATHER IS NOT THERE,I SOMETIMES THINK I SHALL BE MURKED WITH SORROW EVEN IN THE CITY OF GOD IF FATHER IS NOT THERE,0.1,214478,10870,12.979104477611939,19.731186752529897,107200,48000,321600
test-other,68,1688,142285,68,opus,8k,25,I SOMETIMES THINK I SHALL BE MOPED WI SORROW EVEN IN THE CITY OF GOD IF FATHER IS NOT THERE,I SOMETIMES THINK I SHALL BE MURKED WITH SORROW EVEN IN THE CITY OF GOD IF FATHER IS NOT THER,0.15,214478,7420,8.859701492537313,28.905390835579514,107200,48000,321600
test-other,1477,4852,28312,7,wav,uncompressed,26,CHRIS BLINKED AND LOOKED AGAIN YES THEY WERE STILL THERE,CHRIS LINKED ON LOOKED AGAIN YES THEY WERE STILL THERE,0.2,131598,131598,256.1518248175182,1.0,65760,16000,65760
test-other,1477,4852,28312,7,opus,12k,26,CHRIS BLINKED AND LOOKED AGAIN YES THEY WERE STILL THERE,CHRIS LINKED ON LOOKED AGAIN YES THEY WERE STILL THERE,0.2,131598,6409,12.47493917274939,20.533312529255735,65760,48000,197280
test-other,1477,4852,28312,7,opus,8k,26,CHRIS BLINKED AND LOOKED AGAIN YES THEY WERE STILL THERE,CHRIS LINKED AND LOOKED AGAIN YES THEY WERE STILL THERE,0.1,131598,4221,8.216058394160584,31.176972281449892,65760,48000,197280
test-other,2433,7902,96595,4,wav,uncompressed,27,AH EJACULATED DICK SADLY,AH EJACULATED IX SADLY,0.25,75598,75598,256.26440677966104,1.0,37760,16000,37760
test-other,2433,7902,96595,4,opus,12k,27,AH EJACULATED DICK SADLY,AH EJACULATED EXCADLY,0.5,75598,3597,12.193220338983052,21.016958576591605,37760,48000,113280
test-other,2433,7902,96595,4,opus,8k,27,AH EJACULATED DICK SADLY,AH THES REGULATOD EXCERNLY,0.75,75598,2444,8.284745762711866,30.932078559738134,37760,48000,113280
test-other,2649,8131,117017,32,wav,uncompressed,28,GO ON ACCEPT DAMN IT,GO ON ACCEPT DEEMENT,0.4,72238,72238,256.2767184035477,1.0,36080,16000,36080
test-other,2649,8131,117017,32,opus,12k,28,GO ON ACCEPT DAMN IT,GO ON ACCEPT DEHEMENT,0.4,72238,3226,11.44478935698448,22.39243645381277,36080,48000,108240
test-other,2649,8131,117017,32,opus,8k,28,GO ON ACCEPT DAMN IT,GO ON ACCEPT GEHEMENT,0.4,72238,2206,7.826164079822617,32.74614687216682,36080,48000,108240
test-other,865,3538,163619,12,wav,uncompressed,29,I SHALL COME TWICE MORE AND THEN NEVER AGAIN SAID SHE,I SHALL COME TWICE MORE AND THEN NEVER AGAIN SAID SHE,0.0,137678,137678,256.1451162790698,1.0,68800,16000,68800
test-other,865,3538,163619,12,opus,12k,29,I SHALL COME TWICE MORE AND THEN NEVER AGAIN SAID SHE,I SHALL COME TWICE MORE AND THEN NEVER AGAIN SAID SHE,0.0,137678,6629,12.333023255813954,20.76904510484236,68800,48000,206400
test-other,865,3538,163619,12,opus,8k,29,I SHALL COME TWICE MORE AND THEN NEVER AGAIN SAID SHE,I SHALL COME TWICE MORE AND THEN NEVER AGAIN SAID SHE,0.0,137678,4419,8.22139534883721,31.15591762842272,68800,48000,206400
test-other,2487,7975,280063,11,wav,uncompressed,30,ABOUT NINE THIRTY A M I WAS SHOT DOWN,ABOUT NINE THIRTY A M I WAS SHOT DOWN,0.0,88078,88078,256.2269090909091,1.0,44000,16000,44000
test-other,2487,7975,280063,11,opus,12k,30,ABOUT NINE THIRTY A M I WAS SHOT DOWN,ABOUT NINE THIRTY AT EM I WAS SHOT DOWN,0.2222222222222222,88078,4415,12.843636363636364,19.949716874292186,44000,48000,132000
test-other,2487,7975,280063,11,opus,8k,30,ABOUT NINE THIRTY A M I WAS SHOT DOWN,ABOUT NINE THIRTY A M I WAS SHOT DOWN,0.0,88078,2957,8.602181818181817,29.78626986810957,44000,48000,132000
test-other,1233,4198,12281,14,wav,uncompressed,31,CAN YOU TELL WITH WHAT INSTRUMENTS THEY DID IT,CAN YOU TELL WITH WHAT INSTRUMENTS THEY DID IT,0.0,117198,117198,256.1704918032787,1.0,58560,16000,58560
test-other,1233,4198,12281,14,opus,12k,31,CAN YOU TELL WITH WHAT INSTRUMENTS THEY DID IT,CAN YOU TELL WITH WHAT INSTRUMENTS THEY DID IT,0.0,117198,5671,12.395628415300546,20.666196438017987,58560,48000,175680
test-other,1233,4198,12281,14,opus,8k,31,CAN YOU TELL WITH WHAT INSTRUMENTS THEY DID IT,CAN YOU TELL WITH WHAT INSTRUMENTS THEY DID IT,0.0,117198,3965,8.666666666666666,29.55813366960908,58560,48000,175680
test-other,2476,7975,280063,0,wav,uncompressed,32,WE TOOK THE OATH PERHAPS THREE HUNDRED OF US DOWN ON LUTHER MASON'S FARM A FEW MILES FROM WHERE I NOW WRITE WHERE COLONEL HAYS HAD ENCAMPED AFTER INDEPENDENCE,WE TOOK THE OATH PERHAPS THREE HUNDRED OF US DOWN ON LUTHER MASON'S FARM A FEW MILES FROM WHERE I NOW RIGHT WHERE COLONEL HAYS HAD ENCAMPED AFTER INDEPENDENCE,0.034482758620689655,292558,292558,256.0682713347921,1.0,146240,16000,146240
test-other,2476,7975,280063,0,opus,12k,32,WE TOOK THE OATH PERHAPS THREE HUNDRED OF US DOWN ON LUTHER MASON'S FARM A FEW MILES FROM WHERE I NOW WRITE WHERE COLONEL HAYS HAD ENCAMPED AFTER INDEPENDENCE,WE TOOK THE OATH PERHAPS THREE HUNDRED OF US DOWN ON LUTHER MASON'S FARM A FEW MILES FROM WHERE I NOW RIGHT WHERE COLONEL HAYES HAD ENCAMPED AFTER INDEPENDENCE,0.06896551724137931,292558,14437,12.6363238512035,20.264459375216457,146240,48000,438720
test-other,2476,7975,280063,0,opus,8k,32,WE TOOK THE OATH PERHAPS THREE HUNDRED OF US DOWN ON LUTHER MASON'S FARM A FEW MILES FROM WHERE I NOW WRITE WHERE COLONEL HAYS HAD ENCAMPED AFTER INDEPENDENCE,WE TOOK THE OATH PERHAPS THREE HUNDRED OF US DOWN ON LUTHER MASON'S FARM A FEW MILES FROM WHERE ARE NOW RIGHT WHERE COLONEL HAYS HAD ENCAMPED AFTER INDEPENDENCE,0.06896551724137931,292558,9678,8.47089715536105,30.22917958255838,146240,48000,438720
test-other,1893,5764,299665,89,wav,uncompressed,33,MUST THE WORLD FOREVER REMAIN THE VICTIM OF IGNORANT PASSION,MURST THE WORLD FOREVER REMAIN THE VICTIM OF IGNORANT PASSION,0.1,134638,134638,256.1483947681332,1.0,67280,16000,67280
test-other,1893,5764,299665,89,opus,12k,33,MUST THE WORLD FOREVER REMAIN THE VICTIM OF IGNORANT PASSION,MUST THE WORLD FOREVER REMAIN THE VICTIM OF IGNORANT PASSION,0.0,134638,6397,12.170273483947682,21.0470533062373,67280,48000,201840
test-other,1893,5764,299665,89,opus,8k,33,MUST THE WORLD FOREVER REMAIN THE VICTIM OF IGNORANT PASSION,METHTEWORL FOREVER REMAINED VIT THE MOST IGNORANT PASSION,0.7,134638,4286,8.15410225921522,31.41343910405973,67280,48000,201840
test-other,1393,4350,9170,11,wav,uncompressed,34,ONLY UNDER THOSE CONDITIONS COULD THE SOCIAL ORGANIZATION BE JUSTIFIED,ONLY UNDER THOSE CONDITIONS COULD THE SOCIAL ORGANIZATION BE JUSTIFIED,0.0,119918,119918,256.1666221628838,1.0,59920,16000,59920
test-other,1393,4350,9170,11,opus,12k,34,ONLY UNDER THOSE CONDITIONS COULD THE SOCIAL ORGANIZATION BE JUSTIFIED,ONLY UNDER THOSE CONDITIONS COULD THE SOCIAL ORGANIZATION BE JUSTIFIED,0.0,119918,5790,12.368491321762349,20.711226252158895,59920,48000,179760
test-other,1393,4350,9170,11,opus,8k,34,ONLY UNDER THOSE CONDITIONS COULD THE SOCIAL ORGANIZATION BE JUSTIFIED,ONLY UNDER THOSE CONDITIONS COULD THE SOCIAL ORGANIZATION BE JUSTIFIED,0.0,119918,3832,8.18584779706275,31.29384133611691,59920,48000,179760
test-other,386,2609,156975,25,wav,uncompressed,35,THE STORY OF MOSES IS IN MANY WAYS CLOSELY PARALLEL TO THAT OF SINUHIT,THE STORY O MOSES IS IN MANY WAYS CALUXRY PARALLEL TO THAT ESINUIT,0.2857142857142857,185358,185358,256.1077720207254,1.0,92640,16000,92640
test-other,386,2609,156975,25,opus,12k,35,THE STORY OF MOSES IS IN MANY WAYS CLOSELY PARALLEL TO THAT OF SINUHIT,THE STORY O MOSES IS IN MANY WAYS CLEUXRY PARALLEL DO THAT SINUIT,0.35714285714285715,185358,8894,12.288773747841105,20.840791544861705,92640,48000,277920
test-other,386,2609,156975,25,opus,8k,35,THE STORY OF MOSES IS IN MANY WAYS CLOSELY PARALLEL TO THAT OF SINUHIT,THE STORY OF MOSES IS IN MANY WAYS FLOUTRY PARALLEL TO THAT SINWIT,0.21428571428571427,185358,5843,8.073229706390327,31.72308745507445,92640,48000,277920
test-other,2216,7018,75789,8,wav,uncompressed,36,O MY BROTHER ANSWERED HE WE ARE HUSBANDMEN AND TILLERS OF THE SOIL WHO CAME OUT TO WATER OUR FIELDS AND PLANTATIONS AND FINDING THEE ASLEEP ON THIS RAFT LAID HOLD OF IT AND MADE IT FAST BY US AGAINST THOU SHOULDST AWAKE AT THY LEISURE,O MY BROTHER ANSWERED HE WE ARE HUSBANDMAN AND TILLERS OF THE SOIL WHO CAME OUT TO WATER OUR FIELDS AND PLANTATIONS AND FINDING THEE ASLEEP ON THIS RAFT LAID HOLD OF IT AND MADE IT FAST BY US AGAINST THOU SHOULDEST AWAKE AT THY LEISURE,0.043478260869565216,552718,552718,256.0361320208454,1.0,276320,16000,276320
test-other,2216,7018,75789,8,opus,12k,36,O MY BROTHER ANSWERED HE WE ARE HUSBANDMEN AND TILLERS OF THE SOIL WHO CAME OUT TO WATER OUR FIELDS AND PLANTATIONS AND FINDING THEE ASLEEP ON THIS RAFT LAID HOLD OF IT AND MADE IT FAST BY US AGAINST THOU SHOULDST AWAKE AT THY LEISURE,O MY BROTHER ANSWERED HE WE ARE HUSBANDMAN AND TILLERS OF THE SOIL WHO CAME OUT TO WATER OUR FIELDS AND PLANTATIONS AND FINDING THEE ASLEEP ON THIS RAFT LAID HOLD OF IT AND MADE IT FAST BY US AGAINST THOU SHOULDEST AWAKE AT THY LEISURE,0.043478260869565216,552718,26039,12.062072958888246,21.226544798187334,276320,48000,828960
test-other,2216,7018,75789,8,opus,8k,36,O MY BROTHER ANSWERED HE WE ARE HUSBANDMEN AND TILLERS OF THE SOIL WHO CAME OUT TO WATER OUR FIELDS AND PLANTATIONS AND FINDING THEE ASLEEP ON THIS RAFT LAID HOLD OF IT AND MADE IT FAST BY US AGAINST THOU SHOULDST AWAKE AT THY LEISURE,O MY BROTHER ANSWERED HE WE ARE HUSBANDMAN AND TILLERS OF THE SOIL WHO CAME OUT TO WATER OUR FIELDS AND PLANTATIONS AND FINDING THEE ASLEEP ON THIS RAFT LAID HOLD OF IT AND MADE IT FAST BY US AGAINST THOU SHOULDEST AWAKE AT THY LEISURE,0.043478260869565216,552718,17388,8.054661262304576,31.78732459167242,276320,48000,828960
test-other,720,3528,168669,25,wav,uncompressed,37,YOU KNOW THAT A MOTHER DIED THIS MORNING,YOU KNOW THAT A MOTHER DIED THIS MORNING,0.0,75918,75918,256.2632911392405,1.0,37920,16000,37920
test-other,720,3528,168669,25,opus,12k,37,YOU KNOW THAT A MOTHER DIED THIS MORNING,YOU KNOW THAT A MOTHER DIED THIS MORNING,0.0,75918,3543,11.959493670886076,21.427603725656223,37920,48000,113760
test-other,720,3528,168669,25,opus,8k,37,YOU KNOW THAT A MOTHER DIED THIS MORNING,YOU KNOW THAT A MOTHER DIED THIS MORNING,0.0,75918,2483,8.381434599156119,30.575110753121223,37920,48000,113760
test-other,1130,3997,180297,8,wav,uncompressed,38,IF THERE WERE ANY OTHER I WOULD TELL YOU FOR WE ARE NOT TO HAVE ANY SECRETS FROM ONE ANOTHER NOW,IF THERE WERE ANY OTHER I WOULD TELL YOU FOR WE ARE NOT TO HAVE ANY SECRETS FROM ONE ANOTHER NOW,0.0,203278,203278,256.0982677165355,1.0,101600,16000,101600
test-other,1130,3997,180297,8,opus,12k,38,IF THERE WERE ANY OTHER I WOULD TELL YOU FOR WE ARE NOT TO HAVE ANY SECRETS FROM ONE ANOTHER NOW,IF THERE WERE ANY OTHER I WOULD TELL YOU FOR WE ARE NOT TO HAVE ANY SECRETS FROM ONE ANOTHER NOW,0.0,203278,9946,12.530393700787403,20.438166096923386,101600,48000,304800
test-other,1130,3997,180297,8,opus,8k,38,IF THERE WERE ANY OTHER I WOULD TELL YOU FOR WE ARE NOT TO HAVE ANY SECRETS FROM ONE ANOTHER NOW,IF THERE WERE ANY OTHER I WOULD TELL YOU FOR WE ARE NOT TO HAVE ANY SECRETS FROM ONE ANOTHER NOW,0.0,203278,6613,8.331338582677166,30.739150158778163,101600,48000,304800
test-other,705,3528,168669,10,wav,uncompressed,39,BECAUSE DOM MABILLON GIVES FOUR HUNDRED AND SEVENTEEN EPISTLES OF SAINT BERNARD WHILE MERLONUS HORSTIUS ONLY GIVES THREE HUNDRED AND SIXTY SEVEN I DO NOT DESPISE MERLONUS HORSTIUS NEITHER DO I,BECAUSE DONMABOLAN GIVES FOUR HUNDRED AND SEVENTEEN EPISTLES OF SAINT BERNARD WHILE MERLONAS HORSIUS ONLY GIVES THREE HUNDRED AND SIXTY SEVEN I DO NOT DESPISE MERLONA'S HORSES NEITHER DO I OR,0.22580645161290322,433038,433038,256.0461197339246,1.0,216480,16000,216480
test-other,705,3528,168669,10,opus,12k,39,BECAUSE DOM MABILLON GIVES FOUR HUNDRED AND SEVENTEEN EPISTLES OF SAINT BERNARD WHILE MERLONUS HORSTIUS ONLY GIVES THREE HUNDRED AND SIXTY SEVEN I DO NOT DESPISE MERLONUS HORSTIUS NEITHER DO I,BECAUSE DONMABOLAN GIVES FOUR HUNDRED AND SEVENTEEN EPISTLES OF SAINT BERNARD WHILE MERLONAS HORSIES ONLY GIVES THREE HUNDRED ND SIXTY SEVEN I DO NOT DESPISE MERLONAS HORSES NEITHER DO I OR,0.25806451612903225,433038,20217,11.953880266075387,21.419498441905326,216480,48000,649440
test-other,705,3528,168669,10,opus,8k,39,BECAUSE DOM MABILLON GIVES FOUR HUNDRED AND SEVENTEEN EPISTLES OF SAINT BERNARD WHILE MERLONUS HORSTIUS ONLY GIVES THREE HUNDRED AND SIXTY SEVEN I DO NOT DESPISE MERLONUS HORSTIUS NEITHER DO I,BECAUSE DAMPMABOLAN GIVES FOUR HUNDRED AND SEVENTEEN EPISTLES OF SAINT BERNARD WHILE MOROLONAS HORSES ONLY GIVES THREE HUNDRED ND SIXTY SEVEN I DO NOT DESPISE NORLONAS HORTIES NEITHER DO I,0.22580645161290322,433038,13398,7.921951219512195,32.32109270040304,216480,48000,649440
test-other,2352,7902,96592,7,wav,uncompressed,40,BUT HOW QUEER FOR MISTER GURR TO BE TALKING LIKE THAT TO ANDREW TEAL THE BOY WHO HELPED THE COOK,BUT HOW QUEER FOR MISTER GORE TO BE TALKING LIKE THAT TO ANDREW TILL THE BOY WHO HELPED THE COOK,0.1,164558,164558,256.12140077821016,1.0,82240,16000,82240
test-other,2352,7902,96592,7,opus,12k,40,BUT HOW QUEER FOR MISTER GURR TO BE TALKING LIKE THAT TO ANDREW TEAL THE BOY WHO HELPED THE COOK,BUT HOW QUEER FOR MISTER GERRER TO BE TALKING LIKE THAT TO ANDREW TILLE THE BOY WHO HELPED THE COOK,0.1,164558,8116,12.631906614785992,20.275751601774274,82240,48000,246720
test-other,2352,7902,96592,7,opus,8k,40,BUT HOW QUEER FOR MISTER GURR TO BE TALKING LIKE THAT TO ANDREW TEAL THE BOY WHO HELPED THE COOK,BUT HOW QUEER FOR MISTER GURER TO BE TALKING LIKE THAT TO ANDREW TELL THE BOY WHO HELPED THE COOK,0.1,164558,5370,8.357976653696499,30.643947858473,82240,48000,246720
test-other,1215,4198,12259,40,wav,uncompressed,41,MY PRENTICESHIP IS OUT I AM A FREE MAN AT THIS TRADE,MY PRENTICEIP IS OUT I'M A FREEMAN AT THIS TRATE,0.5,147758,147758,256.13521126760565,1.0,73840,16000,73840
test-other,1215,4198,12259,40,opus,12k,41,MY PRENTICESHIP IS OUT I AM A FREE MAN AT THIS TRADE,MY PRETICIP IS OUT I'M A FREEMAN AT THIS TRATE,0.5,147758,6986,12.110075839653303,21.150586888061838,73840,48000,221520
test-other,1215,4198,12259,40,opus,8k,41,MY PRENTICESHIP IS OUT I AM A FREE MAN AT THIS TRADE,MY PRENTICEIP IS OUT I'M A FREE MAN AT THIS TRATE,0.3333333333333333,147758,4849,8.4056338028169,30.471849865951743,73840,48000,221520
test-other,217,2033,164914,6,wav,uncompressed,42,WHAT AILS THEE THEN THAT THOU MUST NEEDS RECITE VERSES SEEING THAT WE ARE TIRED OUT WITH WALKING AND WATCHING AND ALL THE FOLK ARE ASLEEP FOR THEY REQUIRE SLEEP TO REST THEM OF THEIR FATIGUE,WHAT AILS THEE THEN THAT THOU MUST NEEDS RECITE VERSES SEEING THAT WE ARE TIRED OUT WITH WALKING AND WATCHING AND ALL THE FOLK ARE ASLEEP FOR THEY REQUIRE SLEEP TO REST THEM OF THEIR FATIGUE,0.0,543758,543758,256.03672748675694,1.0,271840,16000,271840
test-other,217,2033,164914,6,opus,12k,42,WHAT AILS THEE THEN THAT THOU MUST NEEDS RECITE VERSES SEEING THAT WE ARE TIRED OUT WITH WALKING AND WATCHING AND ALL THE FOLK ARE ASLEEP FOR THEY REQUIRE SLEEP TO REST THEM OF THEIR FATIGUE,WHAT AILS THEE THEN THAT THOU MUST NEEDS RECITE VERSES SEEING THAT WE ARE TIRED OUT WITH WALKING AND WATCHING AND ALL THE FOLK ARE ASLEEP FOR THEY REQUIRE SLEEP TO REST THEM OF THEIR FATIGUE,0.0,543758,24106,11.350676868746323,22.556956774247077,271840,48000,815520
test-other,217,2033,164914,6,opus,8k,42,WHAT AILS THEE THEN THAT THOU MUST NEEDS RECITE VERSES SEEING THAT WE ARE TIRED OUT WITH WALKING AND WATCHING AND ALL THE FOLK ARE ASLEEP FOR THEY REQUIRE SLEEP TO REST THEM OF THEIR FATIGUE,WHAT AILS THEE THEN THAT THOU MUST NEEDS ECIDE VERSES SEEING THAT WE ARE TIRED OUT WITH WALKING AND WATCHING AND ALL THE FOLK ARE ASLEEP FOR THEY REQUIRE SLEEP TO REST THEM OF THEIR FATIGUE,0.027777777777777776,543758,16232,7.643084167157151,33.49913750616067,271840,48000,815520
test-other,431,2609,169640,16,wav,uncompressed,43,THE STILLNESS THAT REIGNED ON BOTH SIDES WAS LIKE THAT OF DEATH,THE STILLNESS THAT REIGNED ON BOTH SIDES WAS LIKE THAT OF DEATH,0.0,136078,136078,256.1468235294118,1.0,68000,16000,68000
test-other,431,2609,169640,16,opus,12k,43,THE STILLNESS THAT REIGNED ON BOTH SIDES WAS LIKE THAT OF DEATH,THE STILLNESS THAT RAING ON BOTH SIDES WAS LIKE THAT OF DEATH,0.08333333333333333,136078,6796,12.792470588235293,20.023248969982344,68000,48000,204000
test-other,431,2609,169640,16,opus,8k,43,THE STILLNESS THAT REIGNED ON BOTH SIDES WAS LIKE THAT OF DEATH,THE STILLNESS THANT REINS ON BOTH SIDES WAS LIKE THAT OF DEATH,0.16666666666666666,136078,4472,8.417882352941177,30.428890876565294,68000,48000,204000
test-other,952,367,130732,32,wav,uncompressed,44,RESERVE SOME OF THE SPAWN ALSO HALF OF THE BODY SHELLS WITH WHICH TO MAKE THE CRAWFISH BUTTER TO FINISH THE SOUP,RESERVE SOME OF THE SPAWN ALSO HALF OF THE BODY SHELLS WITH WHICH TO MAKE THE CRAWFISH BUTTER TO FINISH THE SOUP,0.0,213518,213518,256.0935532233883,1.0,106720,16000,106720
test-other,952,367,130732,32,opus,12k,44,RESERVE SOME OF THE SPAWN ALSO HALF OF THE BODY SHELLS WITH WHICH TO MAKE THE CRAWFISH BUTTER TO FINISH THE SOUP,RESERVE SOME OF THE SPAWN ALSO HALF OF THE BODY SHELLS WITH WHICH TO MAKE THE CRAWFISH BUTTER TO FINISH THE SEAP,0.045454545454545456,213518,10033,12.033583208395804,21.28157081630619,106720,48000,320160
test-other,952,367,130732,32,opus,8k,44,RESERVE SOME OF THE SPAWN ALSO HALF OF THE BODY SHELLS WITH WHICH TO MAKE THE CRAWFISH BUTTER TO FINISH THE SOUP,RESERVE SOME OF THE SPAWN ALSO HALF OF THE BODY SHELLS WITH WHICH TO MAKE THE CRAWFISH BUTTER TO FINISH THE SEAP,0.045454545454545456,213518,6514,7.812893553223388,32.77832361068468,106720,48000,320160
test-other,2242,7105,2330,2,wav,uncompressed,45,THE JURY COULD NOT POSSIBLY FIND THAT THE PRISONER HAD NOT DELIBERATELY AND INTENTIONALLY BLOWN UP THE ALBERT HALL THE QUESTION WAS COULD THEY FIND ANY EXTENUATING CIRCUMSTANCES WHICH WOULD PERMIT OF AN ACQUITTAL,THE JURY COULD NOT POSSIBLY FIND THAT THE PRISONER HAD NOT DELIBERATELY AN INTENTIONALLY BLOWN UP THE ALBERT HALL THE QUESTION WAS COULD THEY FIND ANY EXTINUATING CIRCUMSTANCES WHICH WOULD PERMIT OF AN ACQUITTAL,0.058823529411764705,531118,531118,256.03760168725523,1.0,265520,16000,265520
test-other,2242,7105,2330,2,opus,12k,45,THE JURY COULD NOT POSSIBLY FIND THAT THE PRISONER HAD NOT DELIBERATELY AND INTENTIONALLY BLOWN UP THE ALBERT HALL THE QUESTION WAS COULD THEY FIND ANY EXTENUATING CIRCUMSTANCES WHICH WOULD PERMIT OF AN ACQUITTAL,THEIR JURY COULD NOT POSSIBLY FIND THAT THE PRISONER HAD NOT DELIBERATELY AN INTENSIONALLY BLOWN UP THE ALBERT HALL THE QUESTION WAS COULD THEY FIND ANY EXTENUATING CIRCUMSTANCES WHICH WOULD PERMIT OF AN ACQUITTAL,0.08823529411764706,531118,25083,12.091834890027117,21.174420922537177,265520,48000,796560
test-other,2242,7105,2330,2,opus,8k,45,THE JURY COULD NOT POSSIBLY FIND THAT THE PRISONER HAD NOT DELIBERATELY AND INTENTIONALLY BLOWN UP THE ALBERT HALL THE QUESTION WAS COULD THEY FIND ANY EXTENUATING CIRCUMSTANCES WHICH WOULD PERMIT OF AN ACQUITTAL,THEIR JURY COULD NOT POSSIBLY FIND THAT THE PRISONER HAD NOT DELIBERATELY AND INTENTIONALLY BLOWN UP THE ALBERT HALL THE QUESTION WAS COULD THEY FIND ANY EXSENUATING CIRCUMSTANCES WHICH SOULD PERMIT OF AN ACQUITTAL,0.08823529411764706,531118,17031,8.210183790298283,31.185367858610768,265520,48000,796560
test-other,680,3331,159609,24,wav,uncompressed,46,FANNY CAME WALKING IN UPON HER ONE DAY LOOKING AS IF SHE BROUGHT TIDINGS OF SUCH GREAT JOY THAT SHE HARDLY KNEW HOW TO TELL THEM,THENNY CAME WALKING IN UPON HER ONE DAY LOOKING AS IF SHE POOR TIDINGS OF SUCH GREAT JOY THAT SHE HARDLY KNEW HOW TO TELL THEM,0.07692307692307693,261038,261038,256.0765174739424,1.0,130480,16000,130480
test-other,680,3331,159609,24,opus,12k,46,FANNY CAME WALKING IN UPON HER ONE DAY LOOKING AS IF SHE BROUGHT TIDINGS OF SUCH GREAT JOY THAT SHE HARDLY KNEW HOW TO TELL THEM,THEN HY CAME BOGGING IN UPON HER ONE DAY LOOKING AS IF SHE POOR TIDINGS OF SUCH GREAT JOY THAT SHE HARDLY KNEW HOW TO TELL THEM,0.15384615384615385,261038,12806,12.562599632127531,20.38403873184445,130480,48000,391440
test-other,680,3331,159609,24,opus,8k,46,FANNY CAME WALKING IN UPON HER ONE DAY LOOKING AS IF SHE BROUGHT TIDINGS OF SUCH GREAT JOY THAT SHE HARDLY KNEW HOW TO TELL THEM,FENNY CAME VOGGING IN UPON HER ONE DAY LOOKING AS IF SHE POOR TIDINGS OF SUCH GREAT JOY THAT SHE HARDLY KNEW HOW TO TELL THEM,0.11538461538461539,261038,8419,8.258982219497241,31.005820168666112,130480,48000,391440
test-other,1646,533,131564,22,wav,uncompressed,47,WHERE'S MILICENT,WHEREIS MILICINT,1.0,63438,63438,256.3151515151515,1.0,31680,16000,31680
test-other,1646,533,131564,22,opus,12k,47,WHERE'S MILICENT,WHEREIS MILICINT,1.0,63438,2887,11.664646464646465,21.97367509525459,31680,48000,95040
test-other,1646,533,131564,22,opus,8k,47,WHERE'S MILICENT,WHERE'S T MILICINT,1.0,63438,1887,7.624242424242424,33.61844197138315,31680,48000,95040
test-other,1881,5764,299665,77,wav,uncompressed,48,THAT WHICH HAS NOT HAPPENED COULD NOT,THAT WHICH HAS NOT HAPPENED COULD NOT,0.0,118798,118798,256.16819407008086,1.0,59360,16000,59360
test-other,1881,5764,299665,77,opus,12k,48,THAT WHICH HAS NOT HAPPENED COULD NOT,THAT WHICH HAS NOT HAPPENED COULD NOT,0.0,118798,5457,11.767115902964958,21.769836906725306,59360,48000,178080
test-other,1881,5764,299665,77,opus,8k,48,THAT WHICH HAS NOT HAPPENED COULD NOT,THAT WHICH HAS NOT HAPPENED COUT NOT,0.14285714285714285,118798,3586,7.732614555256065,33.128276631344114,59360,48000,178080
test-other,1730,5442,41169,30,wav,uncompressed,49,THERE'S THE PEASANTS TOO I WONDER AT THEM SOMETIMES ANY GOOD PEASANT TRIES TO TAKE ALL THE LAND HE CAN,THERE'S THE PEASANTS TOO I WONDER AT THEM SOMETIMES ANY GOOD PEASANT TRIES TO TAKE ALL THE LAND HE CAN,0.0,246478,246478,256.0810389610389,1.0,123200,16000,123200
test-other,1730,5442,41169,30,opus,12k,49,THERE'S THE PEASANTS TOO I WONDER AT THEM SOMETIMES ANY GOOD PEASANT TRIES TO TAKE ALL THE LAND HE CAN,THERE'S THE PEASANTS TOO I WONDER AT THEM SOMETIMES ANY GOOD PEASANT TRIES TO TAKE ALL THE LAND HE CAN,0.0,246478,11928,12.392727272727273,20.66381623071764,123200,48000,369600
test-other,1730,5442,41169,30,opus,8k,49,THERE'S THE PEASANTS TOO I WONDER AT THEM SOMETIMES ANY GOOD PEASANT TRIES TO TAKE ALL THE LAND HE CAN,THERE THE PEASANTS TOO I WANDERED AT THEM SOMETIMES ANY GOOD PEASANT TRIES TO TAKE ALL THE LAND YE CAN,0.15,246478,7913,8.221298701298702,31.14848982686718,123200,48000,369600
test-other,2262,7105,2330,22,wav,uncompressed,50,IS PLATTERBAFF OUT YET,IS FLATTERBAFF OUT YET,0.25,69998,69998,256.28558352402746,1.0,34960,16000,34960
test-other,2262,7105,2330,22,opus,12k,50,IS PLATTERBAFF OUT YET,IS FLEATHERBAFF OUT YET,0.25,69998,3140,11.496567505720822,22.29235668789809,34960,48000,104880
test-other,2262,7105,2330,22,opus,8k,50,IS PLATTERBAFF OUT YET,ITS FEATHERBATH OUT YET,0.5,69998,2213,8.102517162471395,31.630366018978762,34960,48000,104880
