dataset,dataset_index,speaker_id,chapter_id,utterance_id,codec,bitrate,spectral_distortion,lsd_db,retained_bandwidth_hz,hf_power_change_db,estimated_delay_samples,estimated_delay_ms,reference_num_samples,decoded_sample_rate,decoded_num_samples,resampled_num_samples,aligned_num_samples
test-clean,1548,5142,36377,17,opus,12k,35.041709899902344,5.729257106781006,8000.0,-1.1399474772574378,0,0.0,74960,48000,224880,74960,74960
test-clean,1548,5142,36377,17,opus,8k,184.21658325195312,12.512701988220215,4593.75,-13.699611039908486,2,0.125,74960,48000,224880,74960,74958
test-clean,1092,4077,13751,18,opus,12k,34.83087921142578,5.617676734924316,8000.0,-1.237424024299224,0,0.0,417840,48000,1253520,417840,417840
test-clean,1092,4077,13751,18,opus,8k,137.435791015625,10.009709358215332,4625.0,-16.18253960856803,2,0.125,417840,48000,1253520,417840,417838
test-clean,882,2961,960,8,opus,12k,35.9370231628418,5.879751205444336,8000.0,-1.6659854556982179,0,0.0,247280,48000,741840,247280,247280
test-clean,882,2961,960,8,opus,8k,121.8320541381836,9.97439193725586,4656.25,-15.58093980823233,2,0.125,247280,48000,741840,247280,247278
test-clean,1107,4077,13754,11,opus,12k,42.54917907714844,6.4057817459106445,8000.0,-1.2100524204840615,0,0.0,226080,48000,678240,226080,226080
test-clean,1107,4077,13754,11,opus,8k,223.5771942138672,13.198058128356934,4500.0,-16.174802871039073,2,0.125,226080,48000,678240,226080,226078
test-clean,2475,8463,294828,13,opus,12k,42.021907806396484,6.416496276855469,8000.0,-1.61574902052066,0,0.0,115200,48000,345600,115200,115200
test-clean,2475,8463,294828,13,opus,8k,315.31317138671875,16.703832626342773,4500.0,-18.123242414474817,2,0.125,115200,48000,345600,115200,115198
test-clean,2450,8463,294825,8,opus,12k,41.9914665222168,6.427741527557373,8000.0,-0.8382160285349151,0,0.0,63680,48000,191040,63680,63680
test-clean,2450,8463,294825,8,opus,8k,273.69793701171875,15.792051315307617,4531.25,-15.897628524195222,2,0.125,63680,48000,191040,63680,63678
test-clean,1426,5105,28240,9,opus,12k,40.665855407714844,6.3072686195373535,8000.0,-1.2103438433693796,0,0.0,186400,48000,559200,186400,186400
test-clean,1426,5105,28240,9,opus,8k,149.5202178955078,11.148849487304688,4656.25,-13.529640999738216,2,0.125,186400,48000,559200,186400,186398
test-clean,2590,908,157963,27,opus,12k,34.0482063293457,5.708226203918457,8000.0,-1.601987027852887,0,0.0,83600,48000,250800,83600,83600
test-clean,2590,908,157963,27,opus,8k,113.8775634765625,9.722931861877441,4718.75,-15.646129069054403,2,0.125,83600,48000,250800,83600,83598
test-clean,2285,8224,274381,5,opus,12k,35.89725875854492,5.779420375823975,8000.0,-1.387485510923463,0,0.0,418560,48000,1255680,418560,418560
test-clean,2285,8224,274381,5,opus,8k,139.91983032226562,10.073927879333496,4437.5,-25.300831943202418,2,0.125,418560,48000,1255680,418560,418558
test-clean,1736,61,70968,55,opus,12k,48.148948669433594,6.8977861404418945,8000.0,-1.3741226379775908,0,0.0,63440,48000,190320,63440,63440
test-clean,1736,61,70968,55,opus,8k,242.13339233398438,14.556184768676758,4312.5,-22.393501191704445,2,0.125,63440,48000,190320,63440,63438
test-clean,243,1284,1180,31,opus,12k,39.72376251220703,6.179874420166016,8000.0,-1.9206522390500769,0,0.0,77200,48000,231600,77200,77200
test-clean,243,1284,1180,31,opus,8k,168.5034637451172,11.908336639404297,4468.75,-24.6529253473371,2,0.125,77200,48000,231600,77200,77198
test-clean,468,1995,1836,2,opus,12k,36.387088775634766,5.4783034324646,8000.0,-0.4446148432014324,0,0.0,37040,48000,111120,37040,37040
test-clean,468,1995,1836,2,opus,8k,153.8577117919922,10.503236770629883,4718.75,-16.258040017313853,2,0.125,37040,48000,111120,37040,37038
test-clean,1715,61,70968,34,opus,12k,42.163856506347656,6.387942790985107,8000.0,-1.5619895023141632,0,0.0,67680,48000,203040,67680,67680
test-clean,1715,61,70968,34,opus,8k,178.60165405273438,12.17508316040039,4531.25,-15.407806162089559,2,0.125,67680,48000,203040,67680,67678
test-clean,101,1188,133604,37,opus,12k,36.70838165283203,5.811637878417969,8000.0,-1.6597531695649748,0,0.0,232160,48000,696480,232160,232160
test-clean,101,1188,133604,37,opus,8k,187.18606567382812,11.709975242614746,4343.75,-20.257810954827733,2,0.125,232160,48000,696480,232160,232158
test-clean,1636,5683,32866,12,opus,12k,29.651445388793945,5.043751239776611,8000.0,-2.04399102461092,0,0.0,132160,48000,396480,132160,132160
test-clean,1636,5683,32866,12,opus,8k,113.51189422607422,8.721732139587402,4718.75,-18.73115327890994,2,0.125,132160,48000,396480,132160,132158
test-clean,371,1580,141083,37,opus,12k,48.96963119506836,6.914149761199951,8000.0,-1.7399612865108158,0,0.0,91680,48000,275040,91680,91680
test-clean,371,1580,141083,37,opus,8k,229.2152862548828,13.830323219299316,4562.5,-11.260671602149843,2,0.125,91680,48000,275040,91680,91678
test-clean,892,2961,960,18,opus,12k,31.738258361816406,5.479526042938232,8000.0,-1.7924542364813214,0,0.0,134080,48000,402240,134080,134080
test-clean,892,2961,960,18,opus,8k,103.98854064941406,8.998544692993164,4750.0,-15.96789640969317,2,0.125,134080,48000,402240,134080,134078
test-clean,1887,6829,68769,27,opus,12k,37.94572830200195,5.739191055297852,8000.0,-1.914957222390337,0,0.0,49040,48000,147120,49040,49040
test-clean,1887,6829,68769,27,opus,8k,221.52267456054688,12.526278495788574,4531.25,-17.37523632395246,2,0.125,49040,48000,147120,49040,49038
test-clean,428,1580,141084,40,opus,12k,43.929893493652344,6.5063629150390625,8000.0,-1.9318342012901144,0,0.0,95760,48000,287280,95760,95760
test-clean,428,1580,141084,40,opus,8k,278.4234924316406,14.654800415039062,4593.75,-19.907739502209548,2,0.125,95760,48000,287280,95760,95758
test-clean,1525,5142,33396,63,opus,12k,28.538742065429688,5.257486820220947,8000.0,-0.11883757730838966,0,0.0,40240,48000,120720,40240,40240
test-clean,1525,5142,33396,63,opus,8k,100.36421966552734,9.376884460449219,4843.75,-14.107760327093313,2,0.125,40240,48000,120720,40240,40238
test-clean,151,121,127105,17,opus,12k,60.17689895629883,7.425037384033203,8000.0,-3.5309770256055377,0,0.0,43120,48000,129360,43120,43120
test-clean,151,121,127105,17,opus,8k,358.3910827636719,16.905742645263672,4375.0,-20.060283709414616,2,0.125,43120,48000,129360,43120,43118
test-clean,2382,8455,210777,26,opus,12k,31.212688446044922,5.337118625640869,8000.0,-1.2601557266005072,0,0.0,48000,48000,144000,48000,48000
test-clean,2382,8455,210777,26,opus,8k,87.60880279541016,8.116861343383789,4875.0,-10.966886391785877,2,0.125,48000,48000,144000,48000,47998
test-clean,68,1188,133604,4,opus,12k,39.03596878051758,6.0312652587890625,8000.0,-2.156315831309144,0,0.0,170400,48000,511200,170400,170400
test-clean,68,1188,133604,4,opus,8k,171.1299591064453,11.487048149108887,4406.25,-17.2717296032086,2,0.125,170400,48000,511200,170400,170398
test-clean,1477,5142,33396,15,opus,12k,31.06328773498535,5.450631618499756,8000.0,-0.3795061594609623,0,0.0,68960,48000,206880,68960,68960
test-clean,1477,5142,33396,15,opus,8k,153.2530059814453,11.480124473571777,4687.5,-11.333568299312827,2,0.125,68960,48000,206880,68960,68958
test-clean,2433,8463,287645,6,opus,12k,44.734405517578125,6.498485088348389,8000.0,-1.6729731317861931,0,0.0,123360,48000,370080,123360,123360
test-clean,2433,8463,287645,6,opus,8k,251.77716064453125,14.495513916015625,4593.75,-15.728915049594658,2,0.125,123360,48000,370080,123360,123358
test-clean,865,2830,3980,68,opus,12k,44.08701705932617,6.535406112670898,8000.0,-1.8199351503956658,0,0.0,80000,48000,240000,80000,80000
test-clean,865,2830,3980,68,opus,8k,297.6930236816406,15.005671501159668,4406.25,-29.078499865840563,2,0.125,80000,48000,240000,80000,79998
test-clean,2487,8463,294828,25,opus,12k,42.4847412109375,6.435594081878662,8000.0,-1.67101442774661,0,0.0,31840,48000,95520,31840,31840
test-clean,2487,8463,294828,25,opus,8k,296.61505126953125,15.927022933959961,4437.5,-17.71292732158283,2,0.125,31840,48000,95520,31840,31838
test-clean,1233,4507,16021,12,opus,12k,33.513858795166016,5.6202569007873535,8000.0,-2.0898873462007512,0,0.0,43760,48000,131280,43760,43760
test-clean,1233,4507,16021,12,opus,8k,100.35832977294922,8.745741844177246,4500.0,-13.989258699639882,2,0.125,43760,48000,131280,43760,43758
test-clean,2476,8463,294828,14,opus,12k,41.745643615722656,6.388108253479004,8000.0,-1.344718165400659,0,0.0,91600,48000,274800,91600,91600
test-clean,2476,8463,294828,14,opus,8k,300.28466796875,16.473846435546875,4312.5,-18.48105756854747,2,0.125,91600,48000,274800,91600,91598
test-clean,1893,6829,68769,33,opus,12k,45.291622161865234,6.618110656738281,8000.0,-2.3859507248315324,0,0.0,64320,48000,192960,64320,64320
test-clean,1893,6829,68769,33,opus,8k,226.95286560058594,13.921341896057129,4468.75,-19.839954333770226,2,0.125,64320,48000,192960,64320,64318
test-clean,1393,4992,41806,5,opus,12k,28.980138778686523,5.128888130187988,8000.0,-1.4165326010326742,0,0.0,59680,48000,179040,59680,59680
test-clean,1393,4992,41806,5,opus,8k,134.69676208496094,9.10079574584961,4656.25,-20.824951571701963,2,0.125,59680,48000,179040,59680,59678
test-clean,386,1580,141083,52,opus,12k,51.52484893798828,7.111699104309082,8000.0,-1.9989203808441403,0,0.0,55200,48000,165600,55200,55200
test-clean,386,1580,141083,52,opus,8k,385.726318359375,17.513093948364258,4468.75,-19.499132783143832,2,0.125,55200,48000,165600,55200,55198
test-clean,2216,7176,92135,29,opus,12k,43.73440170288086,6.43196964263916,8000.0,-1.3641063518178242,0,0.0,47760,48000,143280,47760,47760
test-clean,2216,7176,92135,29,opus,8k,205.8026885986328,12.922618865966797,4531.25,-22.126730722996697,2,0.125,47760,48000,143280,47760,47758
test-clean,720,260,123286,18,opus,12k,39.373931884765625,5.922474384307861,8000.0,-1.5734497721903238,0,0.0,90720,48000,272160,90720,90720
test-clean,720,260,123286,18,opus,8k,209.38499450683594,12.212440490722656,4468.75,-19.47376808536596,2,0.125,90720,48000,272160,90720,90718
test-clean,1130,4446,2271,17,opus,12k,24.756099700927734,4.820991516113281,8000.0,-0.8982443026647237,0,0.0,196160,48000,588480,196160,196160
test-clean,1130,4446,2271,17,opus,8k,66.8606185913086,6.625152111053467,4718.75,-19.13580119996849,2,0.125,196160,48000,588480,196160,196158
test-clean,705,260,123286,3,opus,12k,30.10390853881836,4.803299903869629,8000.0,-1.088800014157854,0,0.0,117920,48000,353760,117920,117920
test-clean,705,260,123286,3,opus,8k,169.25245666503906,9.842034339904785,4531.25,-19.37999808561394,2,0.125,117920,48000,353760,117920,117918
test-clean,2352,8230,279154,40,opus,12k,26.450986862182617,4.724475860595703,8000.0,-1.7157223100398773,0,0.0,267120,48000,801360,267120,267120
test-clean,2352,8230,279154,40,opus,8k,112.33313751220703,8.302408218383789,4468.75,-22.75926934459725,2,0.125,267120,48000,801360,267120,267118
test-clean,1215,4446,2275,40,opus,12k,45.87483215332031,6.660727024078369,8000.0,-2.3782851490084616,0,0.0,111440,48000,334320,111440,111440
test-clean,1215,4446,2275,40,opus,8k,337.1337890625,16.057249069213867,4437.5,-20.62587735984977,2,0.125,111440,48000,334320,111440,111438
test-clean,217,1284,1180,5,opus,12k,36.8534049987793,5.762538909912109,8000.0,-1.2233134539903032,0,0.0,104800,48000,314400,104800,104800
test-clean,217,1284,1180,5,opus,8k,148.80140686035156,10.602165222167969,4562.5,-14.666745709882354,2,0.125,104800,48000,314400,104800,104798
test-clean,431,1580,141084,43,opus,12k,47.440948486328125,6.814655780792236,8000.0,-1.274571746955841,0,0.0,33040,48000,99120,33040,33040
test-clean,431,1580,141084,43,opus,8k,375.9983215332031,16.950231552124023,4593.75,-21.878831275829917,2,0.125,33040,48000,99120,33040,33038
test-clean,952,3570,5695,9,opus,12k,40.74551773071289,6.273593425750732,8000.0,-1.450989435396963,0,0.0,80400,48000,241200,80400,80400
test-clean,952,3570,5695,9,opus,8k,159.58555603027344,10.965834617614746,4812.5,-15.789018844311833,2,0.125,80400,48000,241200,80400,80398
test-clean,2242,7729,102255,9,opus,12k,33.705718994140625,5.488240718841553,8000.0,-0.992759257887404,0,0.0,296960,48000,890880,296960,296960
test-clean,2242,7729,102255,9,opus,8k,110.23031616210938,8.893499374389648,4687.5,-14.126810277294286,2,0.125,296960,48000,890880,296960,296958
test-clean,680,237,134500,21,opus,12k,40.45392608642578,6.2743682861328125,8000.0,-1.7421064726042275,0,0.0,81920,48000,245760,81920,81920
test-clean,680,237,134500,21,opus,8k,149.86074829101562,11.045717239379883,4937.5,-12.637225735274015,2,0.125,81920,48000,245760,81920,81918
test-clean,1646,5683,32866,22,opus,12k,37.38814926147461,5.822658061981201,8000.0,-2.560274689044613,0,0.0,51040,48000,153120,51040,51040
test-clean,1646,5683,32866,22,opus,8k,193.03274536132812,11.695820808410645,4687.5,-18.304387133307095,2,0.125,51040,48000,153120,51040,51038
test-clean,1881,6829,68769,21,opus,12k,47.270877838134766,6.759041786193848,8000.0,-2.070377916251107,0,0.0,126320,48000,378960,126320,126320
test-clean,1881,6829,68769,21,opus,8k,270.9934387207031,15.058344841003418,4531.25,-21.16544898178473,2,0.125,126320,48000,378960,126320,126318
test-clean,1730,61,70968,49,opus,12k,48.239585876464844,6.897672653198242,8000.0,-2.131014809965242,0,0.0,132000,48000,396000,132000,132000
test-clean,1730,61,70968,49,opus,8k,246.1072235107422,14.678132057189941,4500.0,-18.862264440749094,2,0.125,132000,48000,396000,132000,131998
test-clean,2262,7729,102255,29,opus,12k,32.00196838378906,5.27020788192749,8000.0,-2.0580611766505523,0,0.0,112960,48000,338880,112960,112960
test-clean,2262,7729,102255,29,opus,8k,126.70530700683594,9.177042961120605,4718.75,-13.865167525541244,2,0.125,112960,48000,338880,112960,112958
test-clean,2148,7127,75947,30,opus,12k,33.36176681518555,5.487822532653809,8000.0,-1.268481687196506,0,0.0,44160,48000,132480,44160,44160
test-clean,2148,7127,75947,30,opus,8k,202.6367950439453,11.887018203735352,4687.5,-9.910858945232343,2,0.125,44160,48000,132480,44160,44158
test-clean,1162,4446,2273,24,opus,12k,41.309322357177734,6.291666030883789,8000.0,-2.222987839661285,0,0.0,77200,48000,231600,77200,77200
test-clean,1162,4446,2273,24,opus,8k,207.2694549560547,12.524757385253906,4656.25,-18.274920736016043,2,0.125,77200,48000,231600,77200,77198
test-clean,1238,4507,16021,17,opus,12k,32.59113311767578,5.464616298675537,8000.0,-3.032857105174344,0,0.0,169360,48000,508080,169360,169360
test-clean,1238,4507,16021,17,opus,8k,121.23252868652344,9.58741569519043,4375.0,-25.33469486380771,2,0.125,169360,48000,508080,169360,169358
test-other,1548,4852,28330,18,opus,12k,35.66499328613281,5.749660968780518,8000.0,-0.6130961398102013,0,0.0,106960,48000,320880,106960,106960
test-other,1548,4852,28330,18,opus,8k,126.41681671142578,9.658442497253418,4656.25,-12.651513858500394,2,0.125,106960,48000,320880,106960,106958
test-other,1092,3997,180294,4,opus,12k,32.94990158081055,5.4325337409973145,8000.0,-3.5386168367295494,0,0.0,69040,48000,207120,69040,69040
test-other,1092,3997,180294,4,opus,8k,111.88558197021484,8.946454048156738,5062.5,-23.116550346828923,2,0.125,69040,48000,207120,69040,69038
test-other,882,3538,163622,14,opus,12k,17.946840286254883,4.091763019561768,8000.0,-0.9303276251106942,0,0.0,54800,48000,164400,54800,54800
test-other,882,3538,163622,14,opus,8k,28.991336822509766,4.856998920440674,4812.5,-16.533384849384873,2,0.125,54800,48000,164400,54800,54798
test-other,1107,3997,180294,19,opus,12k,33.807559967041016,5.567866325378418,8000.0,-2.4721250778750132,0,0.0,55119,48000,165357,55119,55119
test-other,1107,3997,180294,19,opus,8k,113.58184051513672,9.166818618774414,4968.75,-21.377511089789785,2,0.125,55119,48000,165357,55119,55117
test-other,2475,7975,280057,20,opus,12k,29.663043975830078,5.2424468994140625,8000.0,-0.4166812739523554,0,0.0,56400,48000,169200,56400,56400
test-other,2475,7975,280057,20,opus,8k,78.12673950195312,7.663672924041748,4718.75,-11.204242449893787,2,0.125,56400,48000,169200,56400,56398
test-other,2677,8188,269288,4,opus,12k,28.138277053833008,4.893959045410156,8000.0,-2.1569088487609247,0,0.0,45280,48000,135840,45280,45280
test-other,2677,8188,269288,4,opus,8k,119.15647888183594,8.640130043029785,4906.25,-10.423245606195653,2,0.125,45280,48000,135840,45280,45278
test-other,2450,7902,96595,21,opus,12k,30.197124481201172,4.779970645904541,8000.0,-0.4652854712564596,0,0.0,86160,48000,258480,86160,86160
test-other,2450,7902,96595,21,opus,8k,80.79695892333984,6.726218223571777,4843.75,-15.16541212042658,2,0.125,86160,48000,258480,86160,86158
test-other,1426,4350,9170,44,opus,12k,36.38007736206055,5.974797248840332,8000.0,-0.7610307769048829,0,0.0,38960,48000,116880,38960,38960
test-other,1426,4350,9170,44,opus,8k,99.31764221191406,8.774590492248535,4531.25,-24.573424692726043,2,0.125,38960,48000,116880,38960,38958
test-other,2590,8131,117016,35,opus,12k,25.657377243041992,3.825594186782837,8000.0,-1.0366665666004737,0,0.0,54720,48000,164160,54720,54720
test-other,2590,8131,117016,35,opus,8k,72.75262451171875,5.9436564445495605,4718.75,-15.426160281674628,2,0.125,54720,48000,164160,54720,54718
test-other,2285,7105,2340,3,opus,12k,42.77518844604492,6.311647891998291,8000.0,-1.836933226389161,0,0.0,173760,48000,521280,173760,173760
test-other,2285,7105,2340,3,opus,8k,231.98219299316406,13.462149620056152,4625.0,-17.381616380171586,2,0.125,173760,48000,521280,173760,173758
test-other,1736,5484,24317,4,opus,12k,43.20578384399414,6.475464820861816,8000.0,-1.7023121709115785,0,0.0,131120,48000,393360,131120,131120
test-other,1736,5484,24317,4,opus,8k,188.9899139404297,12.593725204467773,4718.75,-17.94290462017007,2,0.125,131120,48000,393360,131120,131118
test-other,243,2033,164915,9,opus,12k,30.377283096313477,4.734763145446777,8000.0,-2.0356638509110647,0,0.0,144640,48000,433920,144640,144640
test-other,243,2033,164915,9,opus,8k,183.8654327392578,10.627523422241211,4531.25,-17.500736736803844,2,0.125,144640,48000,433920,144640,144638
test-other,468,3005,163390,9,opus,12k,35.24726104736328,5.873204708099365,8000.0,-1.747979670695699,0,0.0,178400,48000,535200,178400,178400
test-other,468,3005,163390,9,opus,8k,147.31045532226562,11.114485740661621,4468.75,-16.400277781901856,2,0.125,178400,48000,535200,178400,178398
test-other,1715,5442,41169,15,opus,12k,27.432247161865234,5.063044548034668,8000.0,-1.317578063712555,0,0.0,321280,48000,963840,321280,321280
test-other,1715,5442,41169,15,opus,8k,64.06900787353516,7.119587421417236,4500.0,-15.43722953350062,2,0.125,321280,48000,963840,321280,321278
test-other,101,1998,15444,5,opus,12k,28.041019439697266,5.09450101852417,8000.0,-2.3060638737146375,0,0.0,133920,48000,401760,133920,133920
test-other,101,1998,15444,5,opus,8k,90.59823608398438,8.075994491577148,4593.75,-16.415676303248528,2,0.125,133920,48000,401760,133920,133918
test-other,1636,533,131564,12,opus,12k,43.334529876708984,6.519607067108154,8000.0,-2.782428604801994,0,0.0,50400,48000,151200,50400,50400
test-other,1636,533,131564,12,opus,8k,204.7705078125,13.077788352966309,5031.25,-13.533231214642443,2,0.125,50400,48000,151200,50400,50398
test-other,371,2609,156975,10,opus,12k,54.061317443847656,7.3263983726501465,8000.0,-1.1243831702879696,0,0.0,137200,48000,411600,137200,137200
test-other,371,2609,156975,10,opus,8k,306.26031494140625,16.946866989135742,4656.25,-16.151612505369968,2,0.125,137200,48000,411600,137200,137198
test-other,892,3538,163622,24,opus,12k,25.308605194091797,4.9108381271362305,8000.0,-1.222479147086711,0,0.0,38400,48000,115200,38400,38400
test-other,892,3538,163622,24,opus,8k,49.267337799072266,6.423316955566406,4562.5,-11.446958021943734,2,0.125,38400,48000,115200,38400,38398
test-other,2707,8188,269288,34,opus,12k,28.29014015197754,4.791279315948486,8000.0,-1.4840988046463988,0,0.0,101760,48000,305280,101760,101760
test-other,2707,8188,269288,34,opus,8k,109.20169830322266,8.370843887329102,4625.0,-12.42682116748394,2,0.125,101760,48000,305280,101760,101758
test-other,1887,5764,299665,83,opus,12k,31.334190368652344,5.272937297821045,8000.0,-2.5046822847379726,0,0.0,85600,48000,256800,85600,85600
test-other,1887,5764,299665,83,opus,8k,89.61432647705078,8.218376159667969,4718.75,-13.29262395801544,2,0.125,85600,48000,256800,85600,85598
test-other,428,2609,169640,13,opus,12k,52.928863525390625,7.227442741394043,8000.0,-1.2084504192962628,0,0.0,73760,48000,221280,73760,73760
test-other,428,2609,169640,13,opus,8k,253.97596740722656,14.966989517211914,4625.0,-16.85792440654158,2,0.125,73760,48000,221280,73760,73758
test-other,1525,4852,28319,23,opus,12k,31.870267868041992,5.404229164123535,8000.0,-1.476028886163073,0,0.0,159440,48000,478320,159440,159440
test-other,1525,4852,28319,23,opus,8k,85.12236785888672,8.131254196166992,4718.75,-10.51326969757258,2,0.125,159440,48000,478320,159440,159438
test-other,151,1998,29454,27,opus,12k,26.387258529663086,4.865396976470947,8000.0,-2.0133060138059116,0,0.0,60080,48000,180240,60080,60080
test-other,151,1998,29454,27,opus,8k,68.4760513305664,7.069739818572998,4750.0,-16.44508631147642,2,0.125,60080,48000,180240,60080,60078
test-other,2382,7902,96592,37,opus,12k,35.597232818603516,5.761914253234863,8000.0,-1.8906828690957609,0,0.0,60720,48000,182160,60720,60720
test-other,2382,7902,96592,37,opus,8k,111.08418273925781,9.310650825500488,4750.0,-16.202412769008117,2,0.125,60720,48000,182160,60720,60718
test-other,68,1688,142285,68,opus,12k,40.20183181762695,6.1301469802856445,8000.0,-0.6885286812510351,0,0.0,107200,48000,321600,107200,107200
test-other,68,1688,142285,68,opus,8k,148.2199249267578,9.976951599121094,4500.0,-20.63545559448138,2,0.125,107200,48000,321600,107200,107198
test-other,1477,4852,28312,7,opus,12k,41.81990051269531,6.243799209594727,8000.0,-0.8127198063848075,0,0.0,65760,48000,197280,65760,65760
test-other,1477,4852,28312,7,opus,8k,162.7428436279297,11.006479263305664,4500.0,-13.929768821873926,2,0.125,65760,48000,197280,65760,65758
test-other,2433,7902,96595,4,opus,12k,26.772504806518555,4.2396626472473145,8000.0,-1.0110487378414834,0,0.0,37760,48000,113280,37760,37760
test-other,2433,7902,96595,4,opus,8k,76.02132415771484,6.194838523864746,4906.25,-19.604728710286437,2,0.125,37760,48000,113280,37760,37758
test-other,2649,8131,117017,32,opus,12k,30.460559844970703,4.256629467010498,8000.0,-0.8456085708224728,0,0.0,36080,48000,108240,36080,36080
test-other,2649,8131,117017,32,opus,8k,120.7459945678711,7.485692501068115,4437.5,-18.916154465607256,2,0.125,36080,48000,108240,36080,36078
test-other,865,3538,163619,12,opus,12k,29.10146141052246,5.335452556610107,8000.0,-1.5497963592780948,0,0.0,68800,48000,206400,68800,68800
test-other,865,3538,163619,12,opus,8k,52.851985931396484,6.742353439331055,4656.25,-13.80350070853642,2,0.125,68800,48000,206400,68800,68798
test-other,2487,7975,280063,11,opus,12k,31.63622283935547,5.4808197021484375,8000.0,-1.0798512346246123,0,0.0,44000,48000,132000,44000,44000
test-other,2487,7975,280063,11,opus,8k,78.82723999023438,8.02829360961914,4812.5,-13.445383666082018,2,0.125,44000,48000,132000,44000,43998
test-other,1233,4198,12281,14,opus,12k,46.7928581237793,6.228076457977295,8000.0,-1.6602930453470022,0,0.0,58560,48000,175680,58560,58560
test-other,1233,4198,12281,14,opus,8k,164.39492797851562,10.623050689697266,4781.25,-11.093055968138748,2,0.125,58560,48000,175680,58560,58558
test-other,2476,7975,280063,0,opus,12k,27.493635177612305,4.9624505043029785,8000.0,-1.0154424510479545,0,0.0,146240,48000,438720,146240,146240
test-other,2476,7975,280063,0,opus,8k,62.486907958984375,6.808157444000244,4500.0,-18.966331205930565,2,0.125,146240,48000,438720,146240,146238
test-other,1893,5764,299665,89,opus,12k,42.707366943359375,6.442995071411133,8000.0,-1.7251573023841735,0,0.0,67280,48000,201840,67280,67280
test-other,1893,5764,299665,89,opus,8k,143.7689971923828,10.8892822265625,4843.75,-20.878635422918514,2,0.125,67280,48000,201840,67280,67278
test-other,1393,4350,9170,11,opus,12k,38.06144714355469,6.073323726654053,8000.0,-1.2314500995413467,0,0.0,59920,48000,179760,59920,59920
test-other,1393,4350,9170,11,opus,8k,122.3046646118164,9.616798400878906,4531.25,-22.325033959866328,2,0.125,59920,48000,179760,59920,59918
test-other,386,2609,156975,25,opus,12k,53.977081298828125,7.315558433532715,8000.0,-1.2865074114734347,0,0.0,92640,48000,277920,92640,92640
test-other,386,2609,156975,25,opus,8k,351.08221435546875,18.119403839111328,4718.75,-13.954936668721768,2,0.125,92640,48000,277920,92640,92638
test-other,2216,7018,75789,8,opus,12k,36.45527267456055,5.593416690826416,8000.0,-1.4805602491735905,0,0.0,276320,48000,828960,276320,276320
test-other,2216,7018,75789,8,opus,8k,168.44345092773438,10.704580307006836,4468.75,-19.236536736034992,2,0.125,276320,48000,828960,276320,276318
test-other,720,3528,168669,25,opus,12k,31.1734619140625,5.038186550140381,8000.0,-2.207878351361381,0,0.0,37920,48000,113760,37920,37920
test-other,720,3528,168669,25,opus,8k,129.86569213867188,9.052530288696289,4656.25,-11.916943165382538,2,0.125,37920,48000,113760,37920,37918
test-other,1130,3997,180297,8,opus,12k,30.7811222076416,5.191173076629639,8000.0,-3.1090874448116326,0,0.0,101600,48000,304800,101600,101600
test-other,1130,3997,180297,8,opus,8k,81.01053619384766,7.7548298835754395,5125.0,-15.018984826553192,2,0.125,101600,48000,304800,101600,101598
test-other,705,3528,168669,10,opus,12k,25.800764083862305,4.634199619293213,8000.0,-2.0242824986065466,0,0.0,216480,48000,649440,216480,216480
test-other,705,3528,168669,10,opus,8k,103.17839050292969,8.075760841369629,4750.0,-12.50027695925567,2,0.125,216480,48000,649440,216480,216478
test-other,2352,7902,96592,7,opus,12k,32.65585708618164,5.530640125274658,8000.0,-1.5811213458276099,0,0.0,82240,48000,246720,82240,82240
test-other,2352,7902,96592,7,opus,8k,70.67984771728516,7.707862377166748,4875.0,-14.231761520437313,2,0.125,82240,48000,246720,82240,82238
test-other,1215,4198,12259,40,opus,12k,47.99549865722656,6.29666805267334,8000.0,-1.507982542461424,0,0.0,73840,48000,221520,73840,73840
test-other,1215,4198,12259,40,opus,8k,178.4539794921875,10.685330390930176,4687.5,-9.649570320162134,2,0.125,73840,48000,221520,73840,73838
test-other,217,2033,164914,6,opus,12k,25.813756942749023,4.326706886291504,8000.0,-2.2237640865768,0,0.0,271840,48000,815520,271840,271840
test-other,217,2033,164914,6,opus,8k,153.68701171875,9.364909172058105,4562.5,-16.907024519649116,2,0.125,271840,48000,815520,271840,271838
test-other,431,2609,169640,16,opus,12k,52.097286224365234,7.16511344909668,8000.0,-1.5927175483199874,0,0.0,68000,48000,204000,68000,68000
test-other,431,2609,169640,16,opus,8k,352.4131164550781,17.60313606262207,4531.25,-19.24918403337752,2,0.125,68000,48000,204000,68000,67998
test-other,952,367,130732,32,opus,12k,49.676231384277344,7.007699012756348,8000.0,-1.676857089854947,0,0.0,106720,48000,320160,106720,106720
test-other,952,367,130732,32,opus,8k,408.51751708984375,18.52362632751465,4656.25,-14.796637943809486,2,0.125,106720,48000,320160,106720,106718
test-other,2242,7105,2330,2,opus,12k,38.27653121948242,5.9172186851501465,8000.0,-2.1332355230435356,0,0.0,265520,48000,796560,265520,265520
test-other,2242,7105,2330,2,opus,8k,181.1026153564453,11.80681037902832,4656.25,-16.283172960479785,2,0.125,265520,48000,796560,265520,265518
test-other,680,3331,159609,24,opus,12k,30.031028747558594,5.325477600097656,8000.0,-1.1616311135166721,0,0.0,130480,48000,391440,130480,130480
test-other,680,3331,159609,24,opus,8k,111.3605728149414,9.413777351379395,4375.0,-19.459282799183054,2,0.125,130480,48000,391440,130480,130478
test-other,1646,533,131564,22,opus,12k,47.14119338989258,6.8285040855407715,8000.0,-1.99117364220332,0,0.0,31680,48000,95040,31680,31680
test-other,1646,533,131564,22,opus,8k,232.5924072265625,13.924379348754883,4625.0,-20.046580443548372,2,0.125,31680,48000,95040,31680,31678
test-other,1881,5764,299665,77,opus,12k,25.411144256591797,4.65357780456543,8000.0,-2.2082715146057947,0,0.0,59360,48000,178080,59360,59360
test-other,1881,5764,299665,77,opus,8k,93.03694152832031,7.711221218109131,4656.25,-15.41168241036734,2,0.125,59360,48000,178080,59360,59358
test-other,1730,5442,41169,30,opus,12k,35.01847457885742,5.7964982986450195,8000.0,-1.3897534747274416,0,0.0,123200,48000,369600,123200,123200
test-other,1730,5442,41169,30,opus,8k,107.18013000488281,9.131349563598633,4500.0,-17.52181965014565,2,0.125,123200,48000,369600,123200,123198
test-other,2262,7105,2330,22,opus,12k,38.61851119995117,5.871921539306641,8000.0,-2.1263385665599084,0,0.0,34960,48000,104880,34960,34960
test-other,2262,7105,2330,22,opus,8k,230.04861450195312,12.988089561462402,4812.5,-17.644330366348992,2,0.125,34960,48000,104880,34960,34958
