set,utterance,subset,speaker_id,condition,sample_rate,num_samples,length_equals_ref,input_rms_dbfs,output_rms_dbfs,rms_change_db,peak,clip_count,nonfinite_count,lag_vs_ref_samples,waveform_sha256,decoded_sample_rate,num_packets,packet_configs,share_expected_config,any_stereo,frame_count_codes,libopus_bandwidths,payload_bytes,payload_kbps,ogg_bytes,container_kbps,ogg_sha256,expected_config,packets_identical,samples_per_packet,output_gain,pre_skip_is_3x_lookahead,length_48k,ffmpeg_length_48k,decoder,decoder_path,readback_mismatches
calibration,777-126732-0023,dev-clean,777,OPUS_REFDEC,16000,112320,True,-31.84773735598835,-32.72899117112628,-0.8812538151379278,0.1837221384048462,0,0,0,02316a85f650bef6635f19d4f9f9628a05260556f0449725f0064be9c74e10eb,48000.0,352.0,1:352,1.0,False,0,NB,6267.0,7.141880341880343,6969.0,7.941880341880343,ae49cc3575278d7d918dccfc9d8e6ffc77772de6d7587084074d2f32c82ad6ab,1.0,True,960,0.0,True,336960.0,336960.0,libopus 1.4,/usr/lib/x86_64-linux-gnu/libopus.so.0.9.0,
calibration,777-126732-0023,dev-clean,777,SILK_REFDEC,16000,112320,True,-31.84773735598835,-31.966851989344136,-0.1191146333557807,0.2191503494977951,0,0,0,868a5645aefc0b6e8c166b52248fa2ae350af1b1c9c5c78ed03c6451aaeea11d,48000.0,352.0,1:352,1.0,False,0,NB,33808.0,38.52763532763533,34510.0,39.327635327635335,3aea8c2ece3ddfd84ee53e6b55b30f1117fabb611dad880d15a0f87a67ff5376,1.0,True,960,0.0,True,336960.0,336960.0,libopus 1.4,/usr/lib/x86_64-linux-gnu/libopus.so.0.9.0,
calibration,777-126732-0023,dev-clean,777,LP_LIBOPUS,16000,112320,True,-31.84773735598835,-31.931482451186533,-0.08374509519818224,0.21554097533226013,0,0,0,dce9fba03681913d3433741b54b23e8f5b0bf6053265998979d4fa4f6bb9814e,,,,,,,,,,,,,,,,,,,,,,
calibration,777-126732-0023,dev-clean,777,SURR8,16000,112320,True,-31.84773735598835,-31.968658524724063,-0.12092116873571057,0.21440298855304718,0,0,0,ab59084e98515a2a5649d2a790154fc480f960ada9766df7ca966a5989ca1d7f,,,,,,,,,,,,,,,,,,,,,,
calibration,777-126732-0023,dev-clean,777,NB8,16000,112320,True,-31.84773735598835,-32.7370291621122,-0.8892918061238524,0.1755281686782837,0,0,2,204ed80464bb0af8119c63da6c9188f3fa8e027e18c8546156e08d994dbc1702,48000.0,352.0,1:352,1.0,False,0,NB,6267.0,7.141880341880343,6969.0,7.941880341880343,ae49cc3575278d7d918dccfc9d8e6ffc77772de6d7587084074d2f32c82ad6ab,1.0,,,,,,,,,
calibration,777-126732-0023,dev-clean,777,WB8,16000,112320,True,-31.84773735598835,-32.756242422489386,-0.9085050665010342,0.19414228200912476,0,0,0,eb94217c713af25caa1466f238f70084d66d5432ec95d2932fc9635e18547dfc,48000.0,352.0,9:352,1.0,False,0,WB,6847.0,7.802849002849003,7549.0,8.602849002849004,743d3c0a921c1676c007cef30affad7f98636c1ae25c83b0929d5572a8193bef,9.0,,,,,,,,,
calibration,777-126732-0026,dev-clean,777,OPUS_REFDEC,16000,31520,True,-34.24107034626316,-35.02233267414145,-0.7812623278783013,0.15437231957912445,0,0,1,42a162670327c94869035f7457f73af30450e714c01c7944be7c7b88051b3c6b,48000.0,99.0,1:99,1.0,False,0,NB,1698.0,6.895431472081218,1985.0,8.060913705583756,a960952d7583bae4b743982cfeb6f5bfde67f79581fc5a56f6e30f81f52f0c2e,1.0,True,960,0.0,True,94560.0,94560.0,libopus 1.4,/usr/lib/x86_64-linux-gnu/libopus.so.0.9.0,
calibration,777-126732-0026,dev-clean,777,SILK_REFDEC,16000,31520,True,-34.24107034626316,-34.38497941361171,-0.14390906734855383,0.15604150295257568,0,0,1,5792a10975e9ff53001c8d9e1dbe265af54ac59ff6b2daaeba2cffffadedb150,48000.0,99.0,1:99,1.0,False,0,NB,9058.0,36.783756345177665,9345.0,37.9492385786802,a88e62b668c0b0f572b0381c8c82f43e0fdd214783d1b55fea66f546eb7bec8b,1.0,True,960,0.0,True,94560.0,94560.0,libopus 1.4,/usr/lib/x86_64-linux-gnu/libopus.so.0.9.0,
calibration,777-126732-0026,dev-clean,777,LP_LIBOPUS,16000,31520,True,-34.24107034626316,-34.36768352244397,-0.12661317618081594,0.15516452491283417,0,0,0,8f9e531c683e4a8a427ddfc0260640ca69a97b1b11502532e579bf78efc25938,,,,,,,,,,,,,,,,,,,,,,
calibration,777-126732-0026,dev-clean,777,SURR8,16000,31520,True,-34.24107034626316,-34.43336197870553,-0.19229163244237463,0.14704164862632751,0,0,0,b5d3647d52960dd31ed02c654ec78629f0021ae7449a6e2f8494f0e718d06adf,,,,,,,,,,,,,,,,,,,,,,
calibration,777-126732-0026,dev-clean,777,NB8,16000,31520,True,-34.24107034626316,-35.03483262543967,-0.7937622791765181,0.14639566838741302,0,0,2,f2c06a32b0e2014d417f9c7526a5a4cd7510a1a7f872ffccac20adb6e259aeeb,48000.0,99.0,1:99,1.0,False,0,NB,1698.0,6.895431472081218,1985.0,8.060913705583756,a960952d7583bae4b743982cfeb6f5bfde67f79581fc5a56f6e30f81f52f0c2e,1.0,,,,,,,,,
calibration,777-126732-0026,dev-clean,777,WB8,16000,31520,True,-34.24107034626316,-35.562975584440046,-1.321905238176896,0.16320110857486725,0,0,0,2ccef68329f92a336e31d614432dc172960aa11e648833fb964a4d2db6aff71c,48000.0,99.0,9:99,1.0,False,0,WB,1871.0,7.597969543147208,2158.0,8.763451776649747,5e20af33c4c2243de026904c41fd0bc1e41b5acc02f8cee1653b029b03a6aad0,9.0,,,,,,,,,
calibration,777-126732-0034,dev-clean,777,OPUS_REFDEC,16000,55680,True,-33.99438002982808,-35.04390355819116,-1.0495235283630802,0.1830368936061859,0,0,0,61dd1fea7ab797f08b03a6468961eb2cd33c9b115b53cdcb30c99b49d9a9be2c,48000.0,175.0,1:175,1.0,False,0,NB,2945.0,6.7701149425287355,3362.0,7.728735632183908,369233409c97ccc8cd4fe3561b4a851d7a7960e737dac291312cab7446cb0995,1.0,True,960,0.0,True,167040.0,167040.0,libopus 1.4,/usr/lib/x86_64-linux-gnu/libopus.so.0.9.0,
calibration,777-126732-0034,dev-clean,777,SILK_REFDEC,16000,55680,True,-33.99438002982808,-34.265021568495804,-0.27064153866772794,0.16732104122638702,0,0,0,f48dd372ea60dd8b463d40aa6086e3a76d4f7f8da1ac2c2020c6b6f311657ab4,48000.0,175.0,1:175,1.0,False,0,NB,15704.0,36.10114942528736,16121.0,37.05977011494252,f450ad44e0f017b2a14e73da57e8f5afb162a5ca0d437a3b9d0599146a063115,1.0,True,960,0.0,True,167040.0,167040.0,libopus 1.4,/usr/lib/x86_64-linux-gnu/libopus.so.0.9.0,
calibration,777-126732-0034,dev-clean,777,LP_LIBOPUS,16000,55680,True,-33.99438002982808,-34.2303070966788,-0.2359270668507275,0.16763387620449066,0,0,0,96fddb9d818a2ec1433a5a261b7d431fb7b7ef897e1043cb73afd7aa37f6373e,,,,,,,,,,,,,,,,,,,,,,
calibration,777-126732-0034,dev-clean,777,SURR8,16000,55680,True,-33.99438002982808,-34.28195642061887,-0.28757639079079267,0.16711339354515076,0,0,0,58ec9ce05586b86c50f5a06fb938e28697accda0f87a85dce8276fc857187917,,,,,,,,,,,,,,,,,,,,,,
calibration,777-126732-0034,dev-clean,777,NB8,16000,55680,True,-33.99438002982808,-35.05719778930852,-1.0628177594804393,0.18414387106895447,0,0,2,640082bd9b9967407b7ee98b2b247b11f8888496151b44761390ff5a100ba830,48000.0,175.0,1:175,1.0,False,0,NB,2945.0,6.7701149425287355,3362.0,7.728735632183908,369233409c97ccc8cd4fe3561b4a851d7a7960e737dac291312cab7446cb0995,1.0,,,,,,,,,
calibration,777-126732-0034,dev-clean,777,WB8,16000,55680,True,-33.99438002982808,-35.29138109498395,-1.2970010651558708,0.17482104897499084,0,0,0,e9424c384a8b9a5cc97b852b7208f63750eabe46a9bb22fd0b23634583613a65,48000.0,175.0,9:175,1.0,False,0,WB,3274.0,7.5264367816091955,3691.0,8.48505747126437,8ab6ab3eed37eb13c9608b0132012742bb4767dd2237ed767e1afca7e7e49a3c,9.0,,,,,,,,,
calibration,777-126732-0052,dev-clean,777,OPUS_REFDEC,16000,79200,True,-31.249200501520402,-32.411836820497506,-1.1626363189771016,0.2402852475643158,0,0,1,5d2394cf03bd57ddcaa6d2b9a2add0cc9bc4ab89bc7d4fc53fb0aa7d92723487,48000.0,248.0,1:248,1.0,False,0,NB,4413.0,7.132121212121212,4930.0,7.9676767676767675,d650d5b6b963f2fc5d0f160c140c2135b3f70e0b0043358d73a7cda83d101f8d,1.0,True,960,0.0,True,237600.0,237600.0,libopus 1.4,/usr/lib/x86_64-linux-gnu/libopus.so.0.9.0,
calibration,777-126732-0052,dev-clean,777,SILK_REFDEC,16000,79200,True,-31.249200501520402,-31.485490719342664,-0.23629021782226517,0.23136183619499207,0,0,0,88b38ac9a46c7df6308c23ac54f9c0119882dd8a1b0646e5581886959df36ddb,48000.0,248.0,1:248,1.0,False,0,NB,23170.0,37.44646464646464,23687.0,38.2820202020202,7a8f376917f2b2c87a75584603d48907a8a4101645cb8811e1d46bdaa67d3002,1.0,True,960,0.0,True,237600.0,237600.0,libopus 1.4,/usr/lib/x86_64-linux-gnu/libopus.so.0.9.0,
calibration,777-126732-0052,dev-clean,777,LP_LIBOPUS,16000,79200,True,-31.249200501520402,-31.45687230054751,-0.20767179902710836,0.2136516124010086,0,0,0,a79005a10296b9c4ff783b4b3fa3770bfc74e8c6db5a29340ad47e2a4863ef66,,,,,,,,,,,,,,,,,,,,,,
calibration,777-126732-0052,dev-clean,777,SURR8,16000,79200,True,-31.249200501520402,-31.497211880098423,-0.24801137857802186,0.2158651202917099,0,0,0,b9ec6745af8de2bb5056ffdd1c949082cdd8fa77f79a3db85ded2734321afbcb,,,,,,,,,,,,,,,,,,,,,,
calibration,777-126732-0052,dev-clean,777,NB8,16000,79200,True,-31.249200501520402,-32.424573540965994,-1.1753730394455888,0.2418467402458191,0,0,2,9aa264f274785d3897d2ffecd9ec4adeb01d94393082abcec0e5cd452c9dcc9c,48000.0,248.0,1:248,1.0,False,0,NB,4413.0,7.132121212121212,4930.0,7.9676767676767675,d650d5b6b963f2fc5d0f160c140c2135b3f70e0b0043358d73a7cda83d101f8d,1.0,,,,,,,,,
calibration,777-126732-0052,dev-clean,777,WB8,16000,79200,True,-31.249200501520402,-32.2498703633495,-1.000669861829102,0.23622415959835052,0,0,0,3f176a141d71148d3ca39811ccec5113df0bcafa7dedbe31c5378608d31e2ef4,48000.0,248.0,9:248,1.0,False,0,WB,4749.0,7.675151515151515,5266.0,8.51070707070707,8889e82d110a5c867cc19fb9531ee01247d6932eb1b404f44dea45cfec9881c2,9.0,,,,,,,,,
calibration,777-126732-0076,dev-clean,777,OPUS_REFDEC,16000,68160,True,-32.36565383170794,-33.380502872677184,-1.0148490409692423,0.18872015178203583,0,0,0,4ae634e63c69ffe2688537360003eaf937f5c0439fc65062f69e1c93d2d692b2,48000.0,214.0,1:214,1.0,False,0,NB,3810.0,7.154929577464789,4293.0,8.061971830985916,80a3e6c576fb1e0a95a259b9d8ffc09045db887f6193160ca682ac659643c186,1.0,True,960,0.0,True,204480.0,204480.0,libopus 1.4,/usr/lib/x86_64-linux-gnu/libopus.so.0.9.0,
calibration,777-126732-0076,dev-clean,777,SILK_REFDEC,16000,68160,True,-32.36565383170794,-32.64029795919933,-0.27464412749139516,0.18785113096237183,0,0,1,c9c3db827d4d9eadb05cbb1b8ab0c025616d88f54aecaa9b5233504c15a797b2,48000.0,214.0,1:214,1.0,False,0,NB,19991.0,37.54178403755869,20474.0,38.44882629107981,7a7e78d0e85dc4f6f2d190022af035092acfde60c4a7955b5df91327d2d8ff75,1.0,True,960,0.0,True,204480.0,204480.0,libopus 1.4,/usr/lib/x86_64-linux-gnu/libopus.so.0.9.0,
calibration,777-126732-0076,dev-clean,777,LP_LIBOPUS,16000,68160,True,-32.36565383170794,-32.61733006371533,-0.2516762320073859,0.20781290531158447,0,0,0,4b1100514156c298590d6b510b60e3ce0f070c42522733e7c80179cd9411b3ea,,,,,,,,,,,,,,,,,,,,,,
calibration,777-126732-0076,dev-clean,777,SURR8,16000,68160,True,-32.36565383170794,-32.66980538343715,-0.3041515517292109,0.19911187887191772,0,0,0,3ef4998a29fca5252aaf07048c687f2bad5aff46f71a2c97d0a4a4c09df7a0c1,,,,,,,,,,,,,,,,,,,,,,
calibration,777-126732-0076,dev-clean,777,NB8,16000,68160,True,-32.36565383170794,-33.39019001357069,-1.0245361818627465,0.1950538456439972,0,0,2,1e90d30ce7b98258711021c7e416e90aff14ee622686f2fd7b01fc1323346555,48000.0,214.0,1:214,1.0,False,0,NB,3810.0,7.154929577464789,4293.0,8.061971830985916,80a3e6c576fb1e0a95a259b9d8ffc09045db887f6193160ca682ac659643c186,1.0,,,,,,,,,
calibration,777-126732-0076,dev-clean,777,WB8,16000,68160,True,-32.36565383170794,-33.161932202045755,-0.7962783703378157,0.2131032943725586,0,0,0,ab5ed002d9ad0fe8f0a6343aee6ccf872459ae7a724cfbae4a5d93e2dc45b007,48000.0,214.0,9:214,1.0,False,0,WB,4089.0,7.67887323943662,4572.0,8.585915492957747,81db6691a83ce69aab58afa88bfd1e4436a2f6001e0ed76e0f9d879072e93992,9.0,,,,,,,,,
calibration,1993-147149-0006,dev-clean,1993,OPUS_REFDEC,16000,446080,True,-43.53455510874956,-44.98384329769031,-1.449288188940755,0.04215062037110329,0,0,1,847f41497ad6721dfdc859ce1b4432cc524fd94bcf30d375c54f0ec4715fd474,48000.0,1395.0,1:1395,1.0,False,0,NB,22877.0,6.564418938307031,25162.0,7.220086083213773,085b9d8f8fc3b2bf1b6b6d484deedd88e0fc7953988cddf32121cc3240ad32ce,1.0,True,960,0.0,True,1338240.0,1338240.0,libopus 1.4,/usr/lib/x86_64-linux-gnu/libopus.so.0.9.0,
calibration,1993-147149-0006,dev-clean,1993,SILK_REFDEC,16000,446080,True,-43.53455510874956,-43.775677953453695,-0.24112284470413453,0.04914098232984543,0,0,1,bb9d8c87b10d0acca2057853976d58932e04e9e2d1f0b42091918355f3273217,48000.0,1395.0,1:1395,1.0,False,0,NB,120691.0,34.631563845050216,122976.0,35.28723098995696,99b53a8e317661b6a8fd3d4f8298d480818a02389e7adb4e5ebe1206355ac918,1.0,True,960,0.0,True,1338240.0,1338240.0,libopus 1.4,/usr/lib/x86_64-linux-gnu/libopus.so.0.9.0,
calibration,1993-147149-0006,dev-clean,1993,LP_LIBOPUS,16000,446080,True,-43.53455510874956,-43.76478449722866,-0.23022938847910246,0.04431425780057907,0,0,0,e0748162cea8874954383a12106a01f3d6b157262550a00aec697a4473593d1e,,,,,,,,,,,,,,,,,,,,,,
calibration,1993-147149-0006,dev-clean,1993,SURR8,16000,446080,True,-43.53455510874956,-43.864806561684304,-0.33025145293475244,0.03740640729665756,0,0,0,ff9d782116bc53cf32f2b89ef909c82691167e531c76ab2f2f20ab363928e165,,,,,,,,,,,,,,,,,,,,,,
calibration,1993-147149-0006,dev-clean,1993,NB8,16000,446080,True,-43.53455510874956,-44.99708655152047,-1.4625314427709055,0.03903789073228836,0,0,2,e5665e314050069f66ab3d4a70f157e13cf19a11a0b4934a37db11bd45f13ecb,48000.0,1395.0,1:1395,1.0,False,0,NB,22877.0,6.564418938307031,25162.0,7.220086083213773,085b9d8f8fc3b2bf1b6b6d484deedd88e0fc7953988cddf32121cc3240ad32ce,1.0,,,,,,,,,
calibration,1993-147149-0006,dev-clean,1993,WB8,16000,446080,True,-43.53455510874956,-45.82308901403777,-2.2885339052882143,0.03686892241239548,0,0,0,b0bac8b5d0b5535b5b1c69daf6427575b46b8db7752ebdfc481d759458c42dec,48000.0,1395.0,9:1395,1.0,False,0,WB,25227.0,7.238737446197992,27512.0,7.894404591104735,5bf016a05b9ddbb17c6c6da73291eefdcba37b56968a23293bdbbae244d18ea9,9.0,,,,,,,,,
calibration,1993-147149-0014,dev-clean,1993,OPUS_REFDEC,16000,48880,True,-44.36099447261317,-46.18181786222941,-1.82082338961624,0.03204314783215523,0,0,1,2c88521238aaaf82e6cda8f651432256c2a3f6b662637a21ec54129a368dd616,48000.0,154.0,1:154,1.0,False,0,NB,2355.0,6.166939443535187,2751.0,7.203927986906709,a72d67288deb2f36319632d68653281c4ce2094b7765a8fd71e6fe9962924776,1.0,True,960,0.0,True,146640.0,146640.0,libopus 1.4,/usr/lib/x86_64-linux-gnu/libopus.so.0.9.0,
calibration,1993-147149-0014,dev-clean,1993,SILK_REFDEC,16000,48880,True,-44.36099447261317,-44.67373593278491,-0.31274146017173315,0.034185733646154404,0,0,1,3dd58737371ebab4ac587f6c812f2a8d64fd2dc5b49d4c33a94c87822a0f5f4e,48000.0,154.0,1:154,1.0,False,0,NB,12531.0,32.81440261865794,12927.0,33.85139116202946,f7aef0187a962ff65806d7969aa94855c1fbdcee12ad00bd93208810a61b4ec4,1.0,True,960,0.0,True,146640.0,146640.0,libopus 1.4,/usr/lib/x86_64-linux-gnu/libopus.so.0.9.0,
calibration,1993-147149-0014,dev-clean,1993,LP_LIBOPUS,16000,48880,True,-44.36099447261317,-44.65623224684647,-0.29523777423329967,0.03617272898554802,0,0,0,693776f7f5f4fe3c4cbfa0e07e7f49a2ff07e090a2aefa41019f52aba13cfe03,,,,,,,,,,,,,,,,,,,,,,
calibration,1993-147149-0014,dev-clean,1993,SURR8,16000,48880,True,-44.36099447261317,-44.75437981161232,-0.3933853389991486,0.03568108007311821,0,0,0,f1329ed70c5a82d8f70b4ddfa91136f19a160557d813a7d53325a3f77fc32f9c,,,,,,,,,,,,,,,,,,,,,,
calibration,1993-147149-0014,dev-clean,1993,NB8,16000,48880,True,-44.36099447261317,-46.19040649259673,-1.8294120199835586,0.034030310809612274,0,0,2,9d42f78c383decc346a464af2c7f272ce682caee36c1726901d725b4d0d405cd,48000.0,154.0,1:154,1.0,False,0,NB,2355.0,6.166939443535187,2751.0,7.203927986906709,a72d67288deb2f36319632d68653281c4ce2094b7765a8fd71e6fe9962924776,1.0,,,,,,,,,
calibration,1993-147149-0014,dev-clean,1993,WB8,16000,48880,True,-44.36099447261317,-47.335693929817644,-2.974699457204481,0.029140274971723557,0,0,0,efe7c2bf51c7dd35ac2b91746b1288296b834d4782a21449c330f62ec4016caf,48000.0,154.0,9:154,1.0,False,0,WB,2638.0,6.908019639934533,3034.0,7.945008183306055,fa8920fdbf32c5fa48c5290c4f421ea4a89303e5c740997b84572534d35f8125,9.0,,,,,,,,,
calibration,1993-147149-0020,dev-clean,1993,OPUS_REFDEC,16000,271680,True,-38.38180007126723,-39.2061104717739,-0.8243104005066724,0.08954720944166183,0,0,1,b2839746e6f40dc08420ac64cc20972897ea9c68157669fecc344bd4a7c9a275,48000.0,850.0,1:850,1.0,False,0,NB,14304.0,6.7392226148409895,15747.0,7.419081272084806,4e4a69007e851e28fa2785251feaf02730332efb125adeb29a3c6642cfffc538,1.0,True,960,0.0,True,815040.0,815040.0,libopus 1.4,/usr/lib/x86_64-linux-gnu/libopus.so.0.9.0,
calibration,1993-147149-0020,dev-clean,1993,SILK_REFDEC,16000,271680,True,-38.38180007126723,-38.44263059147749,-0.06083052021026063,0.09100691229104996,0,0,1,9e159eb1ff9239b6f2d01be0d135d2a163fe4ec54103d3f9045382428d9d064b,48000.0,850.0,1:850,1.0,False,0,NB,76232.0,35.91613663133098,77675.0,36.59599528857479,5ebff9566793216f49fc61d7b8e3d0541b728711601c20a8437577ccf8719ac5,1.0,True,960,0.0,True,815040.0,815040.0,libopus 1.4,/usr/lib/x86_64-linux-gnu/libopus.so.0.9.0,
calibration,1993-147149-0020,dev-clean,1993,LP_LIBOPUS,16000,271680,True,-38.38180007126723,-38.439813378882114,-0.05801330761488899,0.09215778857469559,0,0,0,d58833e0b51fa60fbba5030b1425431ce2897f5b173fb2146c8b9ae72f2ae0e7,,,,,,,,,,,,,,,,,,,,,,
calibration,1993-147149-0020,dev-clean,1993,SURR8,16000,271680,True,-38.38180007126723,-38.506869430135325,-0.1250693588681008,0.09032760560512543,0,0,0,32425beb955e7cabf94524bdeb39bdb989688f2aee68dacb59a9cad2c114476a,,,,,,,,,,,,,,,,,,,,,,
calibration,1993-147149-0020,dev-clean,1993,NB8,16000,271680,True,-38.38180007126723,-39.20459318595427,-0.8227931146870481,0.09315882623195648,0,0,2,3bb8b064621d4c82b790aa7a9ab14697715ca5119a41744c3da29a5a4836edca,48000.0,850.0,1:850,1.0,False,0,NB,14304.0,6.7392226148409895,15747.0,7.419081272084806,4e4a69007e851e28fa2785251feaf02730332efb125adeb29a3c6642cfffc538,1.0,,,,,,,,,
calibration,1993-147149-0020,dev-clean,1993,WB8,16000,271680,True,-38.38180007126723,-40.10464974901633,-1.7228496777490998,0.09237110614776611,0,0,0,d96792b5a8d07fafaacb29cbd09c4e54c2911529ab3d1ec1f409ce3f4895c4d2,48000.0,850.0,9:850,1.0,False,0,WB,15738.0,7.414840989399293,17181.0,8.09469964664311,f1e6df754c4f6da6fcfeed873859ffaed8802570a288d51035d3d748dacd0915,9.0,,,,,,,,,
calibration,1993-147964-0004,dev-clean,1993,OPUS_REFDEC,16000,116800,True,-23.70782720513086,-24.453634183058934,-0.7458069779280743,0.45077189803123474,0,0,1,81371666a2cc4be9b5b3f62fcb8d00040897b23e272a5f5c36b43b5ee927742f,48000.0,366.0,1:366,1.0,False,0,NB,6788.0,7.438904109589042,7504.0,8.223561643835618,fb03daf6a98758ec1179938e582336627420bfff7fcda366897b68db81d17e03,1.0,True,960,0.0,True,350400.0,350400.0,libopus 1.4,/usr/lib/x86_64-linux-gnu/libopus.so.0.9.0,
calibration,1993-147964-0004,dev-clean,1993,SILK_REFDEC,16000,116800,True,-23.70782720513086,-23.88802201456791,-0.18019480943704955,0.4223828911781311,0,0,1,e90313ffcdd01f8666f89e77706b68780fc584f5dc3268ac58240a8f1ff85c84,48000.0,366.0,1:366,1.0,False,0,NB,36473.0,39.97041095890411,37189.0,40.75506849315068,d0afd4d33c99318b31d686a96e5a3943c5534b5ec4e6175634c172c43a147dfa,1.0,True,960,0.0,True,350400.0,350400.0,libopus 1.4,/usr/lib/x86_64-linux-gnu/libopus.so.0.9.0,
calibration,1993-147964-0004,dev-clean,1993,LP_LIBOPUS,16000,116800,True,-23.70782720513086,-23.920633409404864,-0.21280620427400435,0.4020649194717407,0,0,0,a3a031db73e0efc22d5810c53856510d4ff28f5c944caf9ce77cc3693a63523b,,,,,,,,,,,,,,,,,,,,,,
calibration,1993-147964-0004,dev-clean,1993,SURR8,16000,116800,True,-23.70782720513086,-24.146305974365966,-0.43847876923510587,0.3987220823764801,0,0,0,152703472ebf9ed315c5146ce5e404fb020fb76aa98b21db8c8484edbbec0452,,,,,,,,,,,,,,,,,,,,,,
calibration,1993-147964-0004,dev-clean,1993,NB8,16000,116800,True,-23.70782720513086,-24.49239824904051,-0.7845710439096456,0.471420556306839,0,0,2,a96aa492ce6b09f7cdb284942c75cf3da51a2645484ef8163dad124548cafeba,48000.0,366.0,1:366,1.0,False,0,NB,6788.0,7.438904109589042,7504.0,8.223561643835618,fb03daf6a98758ec1179938e582336627420bfff7fcda366897b68db81d17e03,1.0,,,,,,,,,
calibration,1993-147964-0004,dev-clean,1993,WB8,16000,116800,True,-23.70782720513086,-24.73716321515162,-1.0293360100207622,0.5077638626098633,0,0,0,49054c857b10088a423121d025d62498e18a3349a206af0129c66b928ca3b1ec,48000.0,366.0,9:366,1.0,False,0,WB,7103.0,7.784109589041096,7819.0,8.568767123287671,ba4aedb49a90f5a4db883cd43b637b8357d68c3dd8979a26d32138b65d1a609b,9.0,,,,,,,,,
calibration,1993-147965-0003,dev-clean,1993,OPUS_REFDEC,16000,118000,True,-22.547620341412294,-22.97015185948982,-0.42253151807752737,0.4741860330104828,0,0,0,0b8b2f050cb01d88e5d0b203b0e1b582c824e272ed30a293ccf8c343fe9f7dae,48000.0,370.0,1:370,1.0,False,0,NB,6956.0,7.545491525423729,7676.0,8.32650847457627,8c80d410aaf5f2a4be2895f82e25e1d54c4bb6c42a5f0c0fe3b309e305d52f40,1.0,True,960,0.0,True,354000.0,354000.0,libopus 1.4,/usr/lib/x86_64-linux-gnu/libopus.so.0.9.0,
calibration,1993-147965-0003,dev-clean,1993,SILK_REFDEC,16000,118000,True,-22.547620341412294,-22.589735729282047,-0.04211538786974975,0.4900498688220978,0,0,0,03f352c039a3e444b00c5845d8f7a74d408ab6eecaac9e817303a77e2076474b,48000.0,370.0,1:370,1.0,False,0,NB,36402.0,39.48691525423729,37122.0,40.267932203389826,daf95f3f6660024cac41853912fbab047cf95547996b68921e139d493e188008,1.0,True,960,0.0,True,354000.0,354000.0,libopus 1.4,/usr/lib/x86_64-linux-gnu/libopus.so.0.9.0,
calibration,1993-147965-0003,dev-clean,1993,LP_LIBOPUS,16000,118000,True,-22.547620341412294,-22.59753190199757,-0.049911560585275336,0.4933794140815735,0,0,0,2762a3cfb4361f01298d7ca55321f8747a9a759ddbd59e7e473bc3ab98c4cb3f,,,,,,,,,,,,,,,,,,,,,,
calibration,1993-147965-0003,dev-clean,1993,SURR8,16000,118000,True,-22.547620341412294,-22.61633510018003,-0.06871475876773815,0.4952657222747803,0,0,0,d52d1cba8aa689e8fa85689a45abb52e2aecf0a0c37bfd7d46c68352697bc17a,,,,,,,,,,,,,,,,,,,,,,
calibration,1993-147965-0003,dev-clean,1993,NB8,16000,118000,True,-22.547620341412294,-22.973815565181937,-0.4261952237696419,0.48866117000579834,0,0,2,8b90f251ea30b99e35d38e3fdc313b7fcbc741a0eb9bff0e6c0edf75b7d621a8,48000.0,370.0,1:370,1.0,False,0,NB,6956.0,7.545491525423729,7676.0,8.32650847457627,8c80d410aaf5f2a4be2895f82e25e1d54c4bb6c42a5f0c0fe3b309e305d52f40,1.0,,,,,,,,,
calibration,1993-147965-0003,dev-clean,1993,WB8,16000,118000,True,-22.547620341412294,-23.594212711515805,-1.0465923701035125,0.5017796754837036,0,0,0,fee6ecdce17014b77ad46f75a7de02268176c474079af769706caec67788cf74,48000.0,370.0,9:370,1.0,False,0,WB,7403.0,8.030372881355932,8123.0,8.811389830508475,f582e4fbc3e06ad49e0f58e7488eae0ab3f024e591ee28c77e337ef55f0faf12,9.0,,,,,,,,,
calibration,3170-137482-0012,dev-clean,3170,OPUS_REFDEC,16000,47760,True,-24.302543090387218,-25.07070534223628,-0.7681622518490616,0.4080650806427002,0,0,0,3aad1c92ace1be92ddf8f4cb80160c721bdde88fd5b0eb261ae7e16cc22b8a63,48000.0,150.0,1:150,1.0,False,0,NB,2805.0,7.517587939698493,3170.0,8.495812395309883,85ec80bd3d93a5132ff5781dbfd1ab1637de701aba9baa77cfe663fd36a87e57,1.0,True,960,0.0,True,143280.0,143280.0,libopus 1.4,/usr/lib/x86_64-linux-gnu/libopus.so.0.9.0,
calibration,3170-137482-0012,dev-clean,3170,SILK_REFDEC,16000,47760,True,-24.302543090387218,-24.38798521691804,-0.08544212653081854,0.4029749631881714,0,0,0,ec1b4db874f8273ff8d64200fc4358e3ca5bc7edf3952f30c75d37217aaf47b4,48000.0,150.0,1:150,1.0,False,0,NB,14626.0,39.198659966499164,14991.0,40.176884422110554,d335a2040d5e88f6fabf63e98a9e9c45da958fa1b6bcf985ee2eae060e5ba261,1.0,True,960,0.0,True,143280.0,143280.0,libopus 1.4,/usr/lib/x86_64-linux-gnu/libopus.so.0.9.0,
calibration,3170-137482-0012,dev-clean,3170,LP_LIBOPUS,16000,47760,True,-24.302543090387218,-24.375076713283693,-0.07253362289647348,0.3820815980434418,0,0,0,05f1dfe58a3774f48fbb053d82043fbf1ecede071ab961b1caeefea1e1c0e586,,,,,,,,,,,,,,,,,,,,,,
calibration,3170-137482-0012,dev-clean,3170,SURR8,16000,47760,True,-24.302543090387218,-24.395740849230503,-0.09319775884328374,0.3850553631782532,0,0,0,edf1bd03927a88cc80c91336713e5acc860da425f243c0a1f973fd03f7fd10b0,,,,,,,,,,,,,,,,,,,,,,
calibration,3170-137482-0012,dev-clean,3170,NB8,16000,47760,True,-24.302543090387218,-25.075064868448983,-0.7725217780617621,0.40460699796676636,0,0,2,7f5bb43dbd69d814865b6532ec3d150a93fdf4b55157574707722d45bee2e619,48000.0,150.0,1:150,1.0,False,0,NB,2805.0,7.517587939698493,3170.0,8.495812395309883,85ec80bd3d93a5132ff5781dbfd1ab1637de701aba9baa77cfe663fd36a87e57,1.0,,,,,,,,,
calibration,3170-137482-0012,dev-clean,3170,WB8,16000,47760,True,-24.302543090387218,-24.999126656350022,-0.6965835659628045,0.4215463101863861,0,0,0,f9ca5a3cfdf06988977659287449622d3a917041d7b5afba62233cbe2530a5dd,48000.0,150.0,9:150,1.0,False,0,WB,2991.0,8.01608040201005,3356.0,8.99430485762144,2cfd24bb0877be2d5b91053cbbad44007e8fad44d7b4c48879ce766fb720fe72,9.0,,,,,,,,,
calibration,3170-137482-0019,dev-clean,3170,OPUS_REFDEC,16000,85280,True,-24.706195765284512,-25.424753743826486,-0.718557978541972,0.4615635275840759,0,0,0,9b187587bcf19b061bab0160f905ecc6a8beb85814c168cd9b388b1f18f3820b,48000.0,267.0,1:267,1.0,False,0,NB,4985.0,7.48217636022514,5548.0,8.327204502814258,a0a406b76aab28cc2da727db071b136152960a76a3ae134f74c5001aa4448ea0,1.0,True,960,0.0,True,255840.0,255840.0,libopus 1.4,/usr/lib/x86_64-linux-gnu/libopus.so.0.9.0,
calibration,3170-137482-0019,dev-clean,3170,SILK_REFDEC,16000,85280,True,-24.706195765284512,-24.82856907087236,-0.12237330558784483,0.4344203770160675,0,0,0,5d2ac245ee5f7b04bb84d5050d9888350478a960e1fab9f6fe681385f425b4da,48000.0,267.0,1:267,1.0,False,0,NB,25944.0,38.94033771106942,26507.0,39.78536585365853,895a830f7ac5db90b091e45803f9761bf93f6d94bee7e2b9282fbab4030ac3be,1.0,True,960,0.0,True,255840.0,255840.0,libopus 1.4,/usr/lib/x86_64-linux-gnu/libopus.so.0.9.0,
calibration,3170-137482-0019,dev-clean,3170,LP_LIBOPUS,16000,85280,True,-24.706195765284512,-24.810484681614525,-0.10428891633001247,0.4077286124229431,0,0,0,aa6479a78869e2da00a6326ab71c6a79355d554dcb0cc49a89c67add4e9a2a93,,,,,,,,,,,,,,,,,,,,,,
calibration,3170-137482-0019,dev-clean,3170,SURR8,16000,85280,True,-24.706195765284512,-24.841558616884125,-0.13536285159960884,0.40364882349967957,0,0,0,45de5332f126e8923f17d4f11bd99e878ed5a6494e842f00a72a12de7ee30839,,,,,,,,,,,,,,,,,,,,,,
calibration,3170-137482-0019,dev-clean,3170,NB8,16000,85280,True,-24.706195765284512,-25.436284221007064,-0.730088455722549,0.4322141706943512,0,0,2,629c5200f3b1de4381f065913c918f0b637a225443edc7e5b0d1c24ad808d3ce,48000.0,267.0,1:267,1.0,False,0,NB,4985.0,7.48217636022514,5548.0,8.327204502814258,a0a406b76aab28cc2da727db071b136152960a76a3ae134f74c5001aa4448ea0,1.0,,,,,,,,,
calibration,3170-137482-0019,dev-clean,3170,WB8,16000,85280,True,-24.706195765284512,-25.712614375637447,-1.0064186103529322,0.39347735047340393,0,0,0,bbae8715f66cc3c27eea21193b562abbdd8c36088a1b643a2addb58661658af4,48000.0,267.0,9:267,1.0,False,0,WB,5268.0,7.906941838649155,5831.0,8.751969981238274,e1f9aa080d0c57b34399702a5e19e45991d68f2c9afa44d048cf06ec4827cb90,9.0,,,,,,,,,
calibration,3170-137482-0025,dev-clean,3170,OPUS_REFDEC,16000,119120,True,-22.71365793551489,-23.598998168088055,-0.885340232573163,0.4488261044025421,0,0,0,6803f2047e056ce71ff5758801cf60a2ca41d3030225f9edff13dd0ea3f64480,48000.0,373.0,1:373,1.0,False,0,NB,6964.0,7.483143049026192,7687.0,8.260040295500335,e705716a3546987eedc294837407625ffb11166f91a900ce59d9d360747ce4d1,1.0,True,960,0.0,True,357360.0,357360.0,libopus 1.4,/usr/lib/x86_64-linux-gnu/libopus.so.0.9.0,
calibration,3170-137482-0025,dev-clean,3170,SILK_REFDEC,16000,119120,True,-22.71365793551489,-22.842706324976284,-0.12904838946138852,0.44801801443099976,0,0,0,c50a0d63b78ca866b6f0997dc9b6eaa4bb02d7cbf85b7f78ebf76928f401b6de,48000.0,373.0,1:373,1.0,False,0,NB,35975.0,38.65681665547347,36698.0,39.43371390194762,0f9678f565916cb1040dec5836c5ef6ad3bb117f872be95995ecc69603ed7ec8,1.0,True,960,0.0,True,357360.0,357360.0,libopus 1.4,/usr/lib/x86_64-linux-gnu/libopus.so.0.9.0,
calibration,3170-137482-0025,dev-clean,3170,LP_LIBOPUS,16000,119120,True,-22.71365793551489,-22.819645039546373,-0.10598710403147886,0.4151533842086792,0,0,0,783275ad30fe8ea26c7528f887f6543d4abaf15bdae3b16d0e33ccf70e072c5d,,,,,,,,,,,,,,,,,,,,,,
calibration,3170-137482-0025,dev-clean,3170,SURR8,16000,119120,True,-22.71365793551489,-22.82766584971216,-0.1140079141972674,0.4087809920310974,0,0,0,68a5115e6fe2cadc63bf9035bb560f9b320c637c355c01dec45f22d11faf869c,,,,,,,,,,,,,,,,,,,,,,
calibration,3170-137482-0025,dev-clean,3170,NB8,16000,119120,True,-22.71365793551489,-23.59803326721073,-0.8843753316958378,0.431122750043869,0,0,2,733cd6edc4204e882963d35045c688bf34278e50ca098b5de1e40727e335376a,48000.0,373.0,1:373,1.0,False,0,NB,6964.0,7.483143049026192,7687.0,8.260040295500335,e705716a3546987eedc294837407625ffb11166f91a900ce59d9d360747ce4d1,1.0,,,,,,,,,
calibration,3170-137482-0025,dev-clean,3170,WB8,16000,119120,True,-22.71365793551489,-23.891921983915466,-1.178264048400571,0.4225838780403137,0,0,0,c712ce93c97c0d17e75cb96a84cdd38ef487b7b290c33d16a56afae343c0f2ab,48000.0,373.0,9:373,1.0,False,0,WB,7351.0,7.898992612491605,8074.0,8.67588985896575,a84582bf4f966ea194dd5a3ee8e6acb7e197932b23042261ff6c7ed71d0b14c4,9.0,,,,,,,,,
calibration,3170-137482-0033,dev-clean,3170,OPUS_REFDEC,16000,39440,True,-23.240519638935083,-24.13204400642012,-0.8915243674850324,0.39776811003685,0,0,1,c47a37df118058974a8017469d857347c74e2d577ab0729031de1541826d684e,48000.0,124.0,1:124,1.0,False,0,NB,2236.0,7.256795131845842,2575.0,8.356997971602436,bcccc1f5fd0419db82e49236770f81491121c26b097396bc76d4c1408a20adaf,1.0,True,960,0.0,True,118320.0,118320.0,libopus 1.4,/usr/lib/x86_64-linux-gnu/libopus.so.0.9.0,
calibration,3170-137482-0033,dev-clean,3170,SILK_REFDEC,16000,39440,True,-23.240519638935083,-23.468944954936898,-0.22842531600181207,0.3904799222946167,0,0,0,214496c62a334cd070cf5de6b3d80403366bc35d7f4001dd46b01830a94e83cb,48000.0,124.0,1:124,1.0,False,0,NB,11825.0,38.37728194726167,12164.0,39.477484787018255,11306e4110c02e0c98e34f7f592a2366af9773c04d4795b961f5f6b49c118365,1.0,True,960,0.0,True,118320.0,118320.0,libopus 1.4,/usr/lib/x86_64-linux-gnu/libopus.so.0.9.0,
calibration,3170-137482-0033,dev-clean,3170,LP_LIBOPUS,16000,39440,True,-23.240519638935083,-23.45287214972638,-0.21235251079129588,0.39418143033981323,0,0,0,44ccd713650e511d002d3b376e25b2ebd099c05750f48b84faf08b9f97b204e0,,,,,,,,,,,,,,,,,,,,,,
calibration,3170-137482-0033,dev-clean,3170,SURR8,16000,39440,True,-23.240519638935083,-23.4767260542618,-0.23620641532671263,0.39631643891334534,0,0,0,2e4a34adc7cf6888dd84d9afdc3d5aedcc771fe7f4e8fd3c74e701841a726428,,,,,,,,,,,,,,,,,,,,,,
calibration,3170-137482-0033,dev-clean,3170,NB8,16000,39440,True,-23.240519638935083,-24.135323439446292,-0.8948038005112037,0.4019469916820526,0,0,2,701eac5e1615ee56352f463ce0db78c47e92fd1328f3224f05fba0ab6378c8e0,48000.0,124.0,1:124,1.0,False,0,NB,2236.0,7.256795131845842,2575.0,8.356997971602436,bcccc1f5fd0419db82e49236770f81491121c26b097396bc76d4c1408a20adaf,1.0,,,,,,,,,
calibration,3170-137482-0033,dev-clean,3170,WB8,16000,39440,True,-23.240519638935083,-23.677100251216817,-0.4365806122817304,0.44848203659057617,0,0,0,e62e0ee52e587b31fec5faf9c3a41172445bef161f5ecf810ccfcc628d2067a6,48000.0,124.0,9:124,1.0,False,0,WB,2426.0,7.873427991886411,2765.0,8.973630831643002,22f89e29d1e11fc421c9bbe283b982929c427b40ee4a59c4817fc23f24a01879,9.0,,,,,,,,,
calibration,3170-137482-0040,dev-clean,3170,OPUS_REFDEC,16000,212080,True,-23.110561961451253,-23.8068007752052,-0.6962388137539521,0.4542620778083801,0,0,0,cf8ba4e0f81a7dd93481ff491bbc921978fe742f35af47fb61d8ae4cec04ec3d,48000.0,664.0,1:664,1.0,False,0,NB,12527.0,7.560618634477555,13703.0,8.270388532629196,f88bc28725ba3ecf5e8d0e793c0ba9616ee3a46d285ba0fa65883a76f0af4ec6,1.0,True,960,0.0,True,636240.0,636240.0,libopus 1.4,/usr/lib/x86_64-linux-gnu/libopus.so.0.9.0,
calibration,3170-137482-0040,dev-clean,3170,SILK_REFDEC,16000,212080,True,-23.110561961451253,-23.243353719884748,-0.13279175843349836,0.4626089930534363,0,0,0,3710beea63b85fbc4a39b37a38e27ff4535f8b167f996ae0302690c8a5aadd46,48000.0,664.0,1:664,1.0,False,0,NB,63718.0,38.45673330818559,64894.0,39.166503206337225,ffb10c295756f4ad9ec31092d2c8ce8d01acec133db5b79be91c8d7c04d8637e,1.0,True,960,0.0,True,636240.0,636240.0,libopus 1.4,/usr/lib/x86_64-linux-gnu/libopus.so.0.9.0,
calibration,3170-137482-0040,dev-clean,3170,LP_LIBOPUS,16000,212080,True,-23.110561961451253,-23.22463600022127,-0.11407403877002108,0.4143470227718353,0,0,0,6dd689460c9f19c7be0893cb4988f646c6547e343f1674903432e3ae883f1090,,,,,,,,,,,,,,,,,,,,,,
calibration,3170-137482-0040,dev-clean,3170,SURR8,16000,212080,True,-23.110561961451253,-23.23708671333303,-0.1265247518817787,0.41554439067840576,0,0,0,dbb39e785826fe356afc3312f323d4b08ecb5739e3887f50839eb925bef24755,,,,,,,,,,,,,,,,,,,,,,
calibration,3170-137482-0040,dev-clean,3170,NB8,16000,212080,True,-23.110561961451253,-23.807871464112477,-0.6973095026612253,0.45493948459625244,0,0,2,4cb17310908838d425f6691f4ccc0c09d39999641b40dd3d0ebc46ce0585ec5a,48000.0,664.0,1:664,1.0,False,0,NB,12527.0,7.560618634477555,13703.0,8.270388532629196,f88bc28725ba3ecf5e8d0e793c0ba9616ee3a46d285ba0fa65883a76f0af4ec6,1.0,,,,,,,,,
calibration,3170-137482-0040,dev-clean,3170,WB8,16000,212080,True,-23.110561961451253,-23.911551985323754,-0.800990023872505,0.4463997483253479,0,0,0,401c92e22f2e18c2bd29829ce9746720411b550d5d34f7a4640259853ba34761,48000.0,664.0,9:664,1.0,False,0,WB,13017.0,7.856356092040739,14193.0,8.566125990192381,d1acb8f0941a54073f93505c5b58f55f3b98e27ce1852fb0d34cfe4da25cf7c7,9.0,,,,,,,,,
calibration,3536-23268-0001,dev-clean,3536,OPUS_REFDEC,16000,254480,True,-23.284947043817873,-23.651888077200468,-0.36694103338259565,0.865227460861206,0,0,0,84ee0e853a787a97b70541227c89edcddb36bea9a35c4e7dcf37f85acb1925eb,48000.0,796.0,1:796,1.0,False,0,NB,15178.0,7.634328827412763,16540.0,8.319396416221315,4bac45685868577d2bd235bcf64a9f5b4ec543600d9d0cc6ba54dd661f3bd6a0,1.0,True,960,0.0,True,763440.0,763440.0,libopus 1.4,/usr/lib/x86_64-linux-gnu/libopus.so.0.9.0,
calibration,3536-23268-0001,dev-clean,3536,SILK_REFDEC,16000,254480,True,-23.284947043817873,-23.39020062193172,-0.10525357811385005,0.8820421099662781,0,0,0,f174e2d660bf6be54ea60b3f8650e8c64f353eb80f61172ce0451f55158947bd,48000.0,796.0,1:796,1.0,False,0,NB,79095.0,39.78371581263754,80457.0,40.46878340144609,c9253eca2902fd76450dcaf6d22a27615195aff2cd6487fe44fedea62c85c677,1.0,True,960,0.0,True,763440.0,763440.0,libopus 1.4,/usr/lib/x86_64-linux-gnu/libopus.so.0.9.0,
calibration,3536-23268-0001,dev-clean,3536,LP_LIBOPUS,16000,254480,True,-23.284947043817873,-23.35615693733856,-0.07120989352069088,0.8950048685073853,0,0,0,2624bb2f18d968fa4d34865ad3640277d03737028f68be43a894fde6eb4cd802,,,,,,,,,,,,,,,,,,,,,,
calibration,3536-23268-0001,dev-clean,3536,SURR8,16000,254480,True,-23.284947043817873,-23.38679863759152,-0.10185159377365277,0.8906049132347107,0,0,0,f5f4e10a26d15bccccbd3fb879bef3fd761ec5d7c5cdc065c9683cd3f4d914d0,,,,,,,,,,,,,,,,,,,,,,
calibration,3536-23268-0001,dev-clean,3536,NB8,16000,254480,True,-23.284947043817873,-23.651017156293296,-0.36607011247542787,0.8881027102470398,0,0,2,675131acb6def329476073b86172b0cb5ad97671a8742c0a061aa268a21b5d0c,48000.0,796.0,1:796,1.0,False,0,NB,15178.0,7.634328827412763,16540.0,8.319396416221315,4bac45685868577d2bd235bcf64a9f5b4ec543600d9d0cc6ba54dd661f3bd6a0,1.0,,,,,,,,,
calibration,3536-23268-0001,dev-clean,3536,WB8,16000,254480,True,-23.284947043817873,-24.177984552924027,-0.8930375091061575,0.8797494769096375,0,0,0,c51c744d4ae1e158151c36245978629eaf855bf04246246eb862acc00728a6b3,48000.0,796.0,9:796,1.0,False,0,WB,15714.0,7.903929581892487,17076.0,8.588997170701036,731b6cd227012dee6c2903c705f294192e8eb1c7aa5eb7d3de79bc0407fd94f2,9.0,,,,,,,,,
calibration,3536-23268-0019,dev-clean,3536,OPUS_REFDEC,16000,162640,True,-25.856211839450246,-26.37747177009193,-0.5212599306416834,0.4684371054172516,0,0,0,5b45d4ebae24204188d7d730cc23f3f5ac5d0b1f2e93908ab08cdbeb2bb8b761,48000.0,509.0,1:509,1.0,False,0,NB,9750.0,7.6733890801770785,10690.0,8.413182488932613,9a1729850bfc6818ad9f85a3de021d48c357ad2f8623d1bd32deabdadaa7fa9c,1.0,True,960,0.0,True,487920.0,487920.0,libopus 1.4,/usr/lib/x86_64-linux-gnu/libopus.so.0.9.0,
calibration,3536-23268-0019,dev-clean,3536,SILK_REFDEC,16000,162640,True,-25.856211839450246,-26.045784864025514,-0.18957302457526365,0.4997381269931793,0,0,0,4b4975a0e7198fbe78388b2419827be64f5f25ec02804418c88792e575104b53,48000.0,509.0,1:509,1.0,False,0,NB,50682.0,39.8874569601574,51622.0,40.62725036891294,9b6862ad0271c71cd628c4cabc536aece20912cc98e7150213bdb93e12a3070f,1.0,True,960,0.0,True,487920.0,487920.0,libopus 1.4,/usr/lib/x86_64-linux-gnu/libopus.so.0.9.0,
calibration,3536-23268-0019,dev-clean,3536,LP_LIBOPUS,16000,162640,True,-25.856211839450246,-25.997875616965246,-0.14166377751499645,0.4920142590999603,0,0,0,23e76c0b45e737dcc287b0e0e77ae3a0b32acbf8bda0d7bc4576b742bb6a0a49,,,,,,,,,,,,,,,,,,,,,,
calibration,3536-23268-0019,dev-clean,3536,SURR8,16000,162640,True,-25.856211839450246,-26.031077040753424,-0.17486520130317895,0.4959578514099121,0,0,0,0e43e82e7d52f887fc5d78762fd94321eb9b9012501a57bc368ccb214c550c4b,,,,,,,,,,,,,,,,,,,,,,
calibration,3536-23268-0019,dev-clean,3536,NB8,16000,162640,True,-25.856211839450246,-26.38029599975873,-0.5240841603084814,0.45939093828201294,0,0,2,d00e6a7415564524ab8b55689b20165682bb1af6c930a0512758be669af45ee5,48000.0,509.0,1:509,1.0,False,0,NB,9750.0,7.6733890801770785,10690.0,8.413182488932613,9a1729850bfc6818ad9f85a3de021d48c357ad2f8623d1bd32deabdadaa7fa9c,1.0,,,,,,,,,
calibration,3536-23268-0019,dev-clean,3536,WB8,16000,162640,True,-25.856211839450246,-26.635333013080885,-0.7791211736306363,0.4759281575679779,0,0,0,dfd4d93dc39fec3e12b0a4ac5871b7b14066305c1b87fe62d466ee517923b9ef,48000.0,509.0,9:509,1.0,False,0,WB,10049.0,7.90870634530251,10989.0,8.648499754058042,2933ad3cd9e7aff973c6d2712dcf85cea2953a57596ca6a50c8916915c60c9f3,9.0,,,,,,,,,
calibration,3536-8226-0004,dev-clean,3536,OPUS_REFDEC,16000,234000,True,-30.59923152611472,-31.120570868533648,-0.5213393424189248,0.3230192959308624,0,0,0,de6e0b948b98fde7675579cc71158839703d08c083ea05a82db026fb96d2c6aa,48000.0,732.0,1:732,1.0,False,0,NB,13708.0,7.498393162393162,14979.0,8.193641025641025,1215cd155f54059bb1a50e91406f051b07fe61f6a704d5e7c7863698d4798fff,1.0,True,960,0.0,True,702000.0,702000.0,libopus 1.4,/usr/lib/x86_64-linux-gnu/libopus.so.0.9.0,
calibration,3536-8226-0004,dev-clean,3536,SILK_REFDEC,16000,234000,True,-30.59923152611472,-30.727819758708698,-0.1285882325939748,0.321241170167923,0,0,0,75957eaf26a744c39b8227dac36db0d6056f1e796998fe3db1b39c760405b413,48000.0,732.0,1:732,1.0,False,0,NB,70477.0,38.55152136752137,71748.0,39.24676923076923,5a4ec4e16ab06e0e3a926eb395d9f1b34e79db2e3652525e539879ac42b0d155,1.0,True,960,0.0,True,702000.0,702000.0,libopus 1.4,/usr/lib/x86_64-linux-gnu/libopus.so.0.9.0,
calibration,3536-8226-0004,dev-clean,3536,LP_LIBOPUS,16000,234000,True,-30.59923152611472,-30.69853493785232,-0.09930341173759699,0.31773707270622253,0,0,0,dc3e3197af4a1f8fd1348f1ad76d094da50c509c8a632815d23969ac38154ac3,,,,,,,,,,,,,,,,,,,,,,
calibration,3536-8226-0004,dev-clean,3536,SURR8,16000,234000,True,-30.59923152611472,-30.746348349387716,-0.14711682327299413,0.31237441301345825,0,0,0,1721cbf939e927420d5949c4a98ae6209a8630cdc63626d8d6a884498b5f5471,,,,,,,,,,,,,,,,,,,,,,
calibration,3536-8226-0004,dev-clean,3536,NB8,16000,234000,True,-30.59923152611472,-31.121766755950592,-0.5225352298358714,0.32525935769081116,0,0,2,9ea95f08115f53bda9da78a0dd657939f08c053edc1254b004c6ea870aae6bea,48000.0,732.0,1:732,1.0,False,0,NB,13708.0,7.498393162393162,14979.0,8.193641025641025,1215cd155f54059bb1a50e91406f051b07fe61f6a704d5e7c7863698d4798fff,1.0,,,,,,,,,
calibration,3536-8226-0004,dev-clean,3536,WB8,16000,234000,True,-30.59923152611472,-31.540220762366317,-0.940989236251593,0.3129507601261139,0,0,0,72091a99fdd674291fcf26020d92430db4724eaab4f3ffb7759ad4f2e734271d,48000.0,732.0,9:732,1.0,False,0,WB,14365.0,7.857777777777778,15636.0,8.553025641025641,a5edf2bfb8df6ed7aa79511ca1b0f5d360448a64c6dfdae9dda2f5f7548ff23a,9.0,,,,,,,,,
calibration,3536-8226-0007,dev-clean,3536,OPUS_REFDEC,16000,37360,True,-31.549212031106684,-31.812749880477384,-0.26353784937070157,0.32663819193840027,0,0,0,cc92be06b7c1eab71348a80cfc868f60c906083d365d158491aa2a7602c0bd6f,48000.0,118.0,1:118,1.0,False,0,NB,2129.0,7.294218415417559,2462.0,8.435117773019272,c93327f775268119d8874b1bdeb35ae0d86e13e00dd26e678007eda542a52cda,1.0,True,960,0.0,True,112080.0,112080.0,libopus 1.4,/usr/lib/x86_64-linux-gnu/libopus.so.0.9.0,
calibration,3536-8226-0007,dev-clean,3536,SILK_REFDEC,16000,37360,True,-31.549212031106684,-31.66983318889761,-0.12062115779092422,0.2921210825443268,0,0,0,afcc7bdfb7192c5b64d0b60e20b067afaf097c861305d25e2b773e30eebc52f2,48000.0,118.0,1:118,1.0,False,0,NB,10917.0,37.40299785867238,11250.0,38.54389721627409,d4be50593b5d6f65177b81cb55778d88a596739272c742d8236e186c92e51412,1.0,True,960,0.0,True,112080.0,112080.0,libopus 1.4,/usr/lib/x86_64-linux-gnu/libopus.so.0.9.0,
calibration,3536-8226-0007,dev-clean,3536,LP_LIBOPUS,16000,37360,True,-31.549212031106684,-31.641687346822632,-0.09247531571594832,0.28708600997924805,0,0,0,736b2a7a7c128e16edf13c9cb55a76483e794cd2b2ef5ef60f2024266fc5c0b9,,,,,,,,,,,,,,,,,,,,,,
calibration,3536-8226-0007,dev-clean,3536,SURR8,16000,37360,True,-31.549212031106684,-31.679597035608328,-0.13038500450164509,0.2856009602546692,0,0,0,002301dc5016f471d701553e5f337f27a4ad1ea8daa8aff33e379cea645d969e,,,,,,,,,,,,,,,,,,,,,,
calibration,3536-8226-0007,dev-clean,3536,NB8,16000,37360,True,-31.549212031106684,-31.811910371130452,-0.26269834002376846,0.33104002475738525,0,0,2,6e7df82ef8e4571440cfa6622d458f0eb58773188d79aa10657b41c7f4e1f4ee,48000.0,118.0,1:118,1.0,False,0,NB,2129.0,7.294218415417559,2462.0,8.435117773019272,c93327f775268119d8874b1bdeb35ae0d86e13e00dd26e678007eda542a52cda,1.0,,,,,,,,,
calibration,3536-8226-0007,dev-clean,3536,WB8,16000,37360,True,-31.549212031106684,-32.05131834443727,-0.5021063133305843,0.2967810034751892,0,0,0,9a3616515e7d8a3675d3e189b10ae51ccc688a31cbb5e68bf8ac4508013b4613,48000.0,118.0,9:118,1.0,False,0,WB,2314.0,7.9280513918629545,2647.0,9.068950749464667,3d3c6133437bf4cd23263200867ed4a2475db714a66b8d05c5ce8afab8f69074,9.0,,,,,,,,,
calibration,3536-8226-0019,dev-clean,3536,OPUS_REFDEC,16000,85280,True,-28.19614257449226,-28.763248264372802,-0.5671056898805433,0.4750654399394989,0,0,0,69d257ee0ade845cddf0a2b28125c404689344afa8e56546f7a974e9c199ec2c,48000.0,267.0,1:267,1.0,False,0,NB,5021.0,7.536210131332083,5584.0,8.3812382739212,1655968ada9f1d0ae43d39fc6f6629bdee887ce19111da6ade6b19bb3659f612,1.0,True,960,0.0,True,255840.0,255840.0,libopus 1.4,/usr/lib/x86_64-linux-gnu/libopus.so.0.9.0,
calibration,3536-8226-0019,dev-clean,3536,SILK_REFDEC,16000,85280,True,-28.19614257449226,-28.299769181342352,-0.10362660685009246,0.4479440450668335,0,0,0,7911393159e43fba79eb3b167b7b4431c7e4945e194752f949e810f494d3946e,48000.0,267.0,1:267,1.0,False,0,NB,25891.0,38.86078799249531,26454.0,39.705816135084426,6eb60328fdecb105874a3828134ddd7d339fae96592f7517d86aff90a15ab47e,1.0,True,960,0.0,True,255840.0,255840.0,libopus 1.4,/usr/lib/x86_64-linux-gnu/libopus.so.0.9.0,
calibration,3536-8226-0019,dev-clean,3536,LP_LIBOPUS,16000,85280,True,-28.19614257449226,-28.238788514490988,-0.0426459399987289,0.43605077266693115,0,0,0,2f282c3c37317e6f66ac795a10bc2d34cf057c2369c439cff6c261097ffb8ab8,,,,,,,,,,,,,,,,,,,,,,
calibration,3536-8226-0019,dev-clean,3536,SURR8,16000,85280,True,-28.19614257449226,-28.257554083823216,-0.06141150933095403,0.4390132427215576,0,0,0,b73f75d37160e6eda2b1a1c7d452681a1a195a40401acdc22661c9cd0d297f90,,,,,,,,,,,,,,,,,,,,,,
calibration,3536-8226-0019,dev-clean,3536,NB8,16000,85280,True,-28.19614257449226,-28.756634870092547,-0.5604922956002845,0.473074734210968,0,0,2,7a671c29ef9cb7c469dfecc10a81c0ff5450bfd567ff550f05399ca9f7b06b97,48000.0,267.0,1:267,1.0,False,0,NB,5021.0,7.536210131332083,5584.0,8.3812382739212,1655968ada9f1d0ae43d39fc6f6629bdee887ce19111da6ade6b19bb3659f612,1.0,,,,,,,,,
calibration,3536-8226-0019,dev-clean,3536,WB8,16000,85280,True,-28.19614257449226,-29.112199725653465,-0.9160571511612058,0.41206032037734985,0,0,0,341f49e243ecb937b8d92464ab86418f5006a698891a9aefdb9f76f8e8355364,48000.0,267.0,9:267,1.0,False,0,WB,5259.0,7.89343339587242,5822.0,8.73846153846154,20599e7b129d9930287577f77075d113ed27d7a269c27cb16e71933521d71151,9.0,,,,,,,,,
