utterance,condition,same_length,bit_identical,snr_db,max_abs_difference,lag_samples
777-126732-0023,OPUS,True,False,10.716605079161257,0.097201868891716,-1
777-126732-0023,SILK,True,False,10.440029330336564,0.1018321979790926,-1
777-126732-0026,OPUS,True,False,10.723398400124143,0.0628273703623563,-1
777-126732-0026,SILK,True,False,10.568251436664296,0.07156377658247948,-1
777-126732-0034,OPUS,True,False,10.603284784005293,0.07889414019882679,-1
777-126732-0034,SILK,True,False,10.410774964726864,0.0975505206733942,-1
777-126732-0052,OPUS,True,False,10.42344505445695,0.11223825067281723,-1
777-126732-0052,SILK,True,False,10.45348932033163,0.10526438802480698,-1
777-126732-0076,OPUS,True,False,11.77794439788687,0.061445578932762146,-1
777-126732-0076,SILK,True,False,11.534869201293052,0.07414699485525489,-1
1993-147149-0006,OPUS,True,False,12.725253499656171,0.021302337641827762,-1
1993-147149-0006,SILK,True,False,12.299005990485526,0.02270359414978884,-1
1993-147149-0014,OPUS,True,False,11.342090215631917,0.019589047151384875,-1
1993-147149-0014,SILK,True,False,11.298840557271959,0.020183593966066837,-1
1993-147149-0020,OPUS,True,False,13.402344175883442,0.050682224333286285,-1
1993-147149-0020,SILK,True,False,13.097886386555116,0.05076578049920499,-1
1993-147964-0004,OPUS,True,False,10.278417178655133,0.28652916848659515,-1
1993-147964-0004,SILK,True,False,9.999623903153235,0.2924219220876694,-1
1993-147965-0003,OPUS,True,False,15.009348725347472,0.14134027203544974,-1
1993-147965-0003,SILK,True,False,14.623954822141572,0.15380364656448364,-1
3170-137482-0012,OPUS,True,False,12.093045253179861,0.1495359018445015,-1
3170-137482-0012,SILK,True,False,12.108438901645806,0.19050323590636253,-1
3170-137482-0019,OPUS,True,False,10.848095340847543,0.22334736585617065,-1
3170-137482-0019,SILK,True,False,10.726367304111669,0.21418901532888412,-1
3170-137482-0025,OPUS,True,False,11.236848576716286,0.2067101113498211,-1
3170-137482-0025,SILK,True,False,11.17360238759611,0.24127556383609772,-1
3170-137482-0033,OPUS,True,False,10.468384250821787,0.22141706198453903,-1
3170-137482-0033,SILK,True,False,10.273498213338337,0.237504743039608,-1
3170-137482-0040,OPUS,True,False,11.6339924567309,0.21153855288866907,-1
3170-137482-0040,SILK,True,False,11.522498730792634,0.25085319578647614,-1
3536-23268-0001,OPUS,True,False,6.67408654297347,0.4382057897746563,-1
3536-23268-0001,SILK,True,False,6.649382686215473,0.45870934426784515,-1
3536-23268-0019,OPUS,True,False,7.22179247845132,0.27306610718369484,-1
3536-23268-0019,SILK,True,False,7.159408397274661,0.28890983387827873,-1
3536-8226-0004,OPUS,True,False,6.806092126512163,0.19544654339551926,-1
3536-8226-0004,SILK,True,False,6.7095374271093755,0.18764176219701767,-1
3536-8226-0007,OPUS,True,False,7.774442792533067,0.1166691854596138,-1
3536-8226-0007,SILK,True,False,7.736648240634446,0.10964726656675339,-1
3536-8226-0019,OPUS,True,False,6.085450140040869,0.27215421944856644,-1
3536-8226-0019,SILK,True,False,6.0502536313876405,0.2533333748579025,-1
