frequency_hz,silk40_ffmpeg_h1_rel_db,silk40_libopus_h1_rel_db,lp_h1_rel_db,silk40_ffmpeg_coherence,silk40_libopus_coherence,silk40_ffmpeg_mirror_coherence,silk40_libopus_mirror_coherence,silk40_ffmpeg_power_ratio_db,silk40_libopus_power_ratio_db
0.0,-0.5903095162955555,-0.2967093202741761,-7.154815685814596e-07,0.9247453636331229,0.9250952399525717,6.265113728756554e-07,6.354925753226625e-07,-0.31729241739013336,-0.3161894316996907
31.25,-0.29688241837255547,-0.004753074217927419,-8.092369810811152e-07,0.9616909326515385,0.9615817094338709,9.923351959533891e-06,9.86283076943898e-06,-0.193998906618042,-0.19223066127736665
62.5,0.05376750063190903,0.34254761443670745,-1.753621077764019e-07,0.997502229167384,0.9969378301821805,6.9622436281416835e-06,7.345048594424776e-06,-0.00213252361172767,-0.0017487959979836471
93.75,0.08110803407279486,0.37115505001333715,1.452489825264161e-07,0.9999171343675363,0.9996527756244253,4.8954230147176025e-06,5.044255888701417e-06,0.014706654601536123,0.01504763989219164
125.0,0.0827065538818966,0.3714582436236466,1.2650816183108621e-07,0.999934627789204,0.9994239836090385,3.6407475680156217e-06,3.6949480756730083e-06,0.016229195814186546,0.016344923496902926
156.25,0.08186496977068872,0.3687083381217433,1.0484874812252535e-07,0.9999529077289533,0.9989702851845581,5.071093025851075e-06,4.8401658272827376e-06,0.015308218468890158,0.015566988478125248
187.5,0.07996843062377114,0.36558057440066927,1.0622785210223568e-07,0.9999665430862068,0.998578209006602,1.259795016345831e-06,1.2021495017974536e-06,0.013352459332770796,0.014144079715555232
218.75,0.07742592347351371,0.36138081629926444,1.1518527960149398e-07,0.9999579205536415,0.9982165168799062,2.8223980353973263e-06,3.0523133720094874e-06,0.010847400780009864,0.011517652056718855
250.0,0.07483371319497069,0.3568267036402645,1.0322315625911301e-07,0.9999442199580865,0.9978499197738281,2.1748922868696738e-05,2.1956590422153762e-05,0.008314694343459064,0.008558787923697542
281.25,0.07077684449942999,0.3497778151767514,6.74243721389231e-08,0.9999247372764338,0.9971869222823033,9.269928239106692e-06,9.061115055492515e-06,0.004342443403539123,0.004396424226193943
312.5,0.06447281039932239,0.3401736141087782,4.2154356188167465e-08,0.9998958372666173,0.9963167048296433,1.938408639967146e-06,2.100016212517185e-06,-0.0018360682876997813,-0.0014161543274092663
343.75,0.05973124471087975,0.3318760624175012,7.561889515356882e-08,0.9998815185369085,0.9953928523182445,1.2450891009972214e-06,1.2673233032125443e-06,-0.006515441599753576,-0.0056847643978740455
375.0,0.05255486558384061,0.3248729633043818,8.802457637696298e-08,0.9998212224019705,0.9946638970011752,2.226330314398479e-06,1.876433178646811e-06,-0.013429919013547488,-0.009506232775843644
406.25,0.04272381312224641,0.31652839301978064,9.328110798438922e-08,0.9997001057964721,0.9937519470459313,1.258956007194431e-06,1.2003823458825475e-06,-0.022734842818673693,-0.013867180999807549
437.5,0.03996161522168831,0.31033471994810735,8.857475219220768e-08,0.9996996642789792,0.9930657379578216,2.121832753910762e-07,3.48802558825169e-07,-0.025495122657483788,-0.017060912662690997
468.75,0.04324217064046433,0.3058680839042671,9.70410631656956e-08,0.999799885210966,0.9924831378359348,1.140322066089667e-06,1.5052212345954315e-06,-0.022649930155199907,-0.018978933273918575
500.0,0.04439596937356796,0.30028319804127385,9.961027451803125e-08,0.9998694264544895,0.9918737195322427,6.354760601087501e-06,6.135443463455306e-06,-0.021798195149963954,-0.02189628467805097
531.25,0.04059905632150181,0.29281869000223837,7.719586563171605e-08,0.9998814087887997,0.9911862101562957,2.3881913251122946e-06,2.2687591419645974e-06,-0.025647153302645997,-0.02634947131703114
562.5,0.03452794955352845,0.2779061028329831,8.86831753854758e-08,0.9998614500777011,0.9891207648038303,2.1653566836679543e-07,1.8823462257494839e-07,-0.03163156934377987,-0.03220273732186961
593.75,0.029606852670871802,0.2627513841456409,7.277884278415417e-08,0.9998345519709634,0.9868135787727635,1.2683794035829524e-06,1.354386150015523e-06,-0.03643583147436795,-0.0372154326100462
625.0,0.02358610562926262,0.25055041492377345,5.181944581736476e-08,0.9997940761415001,0.9855383028456286,1.0399101365692058e-06,8.952790721205556e-07,-0.04228076157535636,-0.04380031090614223
656.25,0.016749839902734306,0.23777798707296263,6.476740119230082e-08,0.999751879185985,0.9843947882592627,2.3373229399311598e-06,2.516589336176279e-06,-0.048933726639177944,-0.05153071846846832
687.5,0.008927238517864113,0.22014462752265537,8.258750916575075e-08,0.9996952088236546,0.982204842111119,3.4516047558555094e-07,3.03259056050823e-07,-0.05651014370837666,-0.05949172878975729
718.75,0.002283215666248591,0.20468880647965645,7.972422229284881e-08,0.9996288705121168,0.9801179782744328,1.97230290094608e-06,2.3087869641040135e-06,-0.06286596553297708,-0.0657103969952168
750.0,0.0006598453344219784,0.19485220021178445,8.245965284548507e-08,0.9995409312685054,0.9781081301132831,1.3650073891064454e-06,1.314472844603599e-06,-0.06410726198359673,-0.06663213619426821
781.25,-0.0005447549400661131,0.18342668426396078,1.0980815114453695e-07,0.9995480274191713,0.9758278734343971,1.0295797093474002e-06,8.982527503877559e-07,-0.06534269449357517,-0.06792115493100788
812.5,0.0024798090557536434,0.17788973604684216,1.2886415073174212e-07,0.9995780526075532,0.9740405408010024,7.316411658752389e-06,6.924422507770562e-06,-0.06244858523758993,-0.06549624365292679
843.75,0.0011535085501860381,0.1707103450522901,1.017181574009874e-07,0.9995582911327104,0.9727619127789221,1.4652179296759632e-05,1.4251977222884315e-05,-0.06368902567157644,-0.06697088352369673
875.0,0.0003587929816718829,0.16536832307350094,8.543142462775125e-08,0.9995429844692256,0.9716728455286597,3.569154857475982e-07,3.563149129937413e-07,-0.06441723535998271,-0.0674479858167189
906.25,0.0005127246475269725,0.15159031030850595,6.993784151559145e-08,0.999483643617231,0.9685512164573027,1.6712160289102941e-06,1.5617479855130922e-06,-0.06400546416144406,-0.06725124714367087
937.5,-0.004367576036644148,0.13827322466062494,2.465551382634048e-08,0.9994048784181505,0.9666580472588027,2.5580865985660137e-06,2.7506651854096213e-06,-0.06854350172321275,-0.07207113082048089
968.75,-0.013478671912444885,0.12424959323934068,3.2054165854233105e-08,0.9993241049518127,0.9655993861089095,2.892687285879384e-06,4.37109531384018e-06,-0.07730357981695588,-0.08133586486433417
1000.0,-0.016370588045986935,0.1141827444768729,-1.972319681016036e-09,0.9993020519631001,0.9641026252116146,1.4871782808929046e-05,1.459760629478936e-05,-0.08009965520234588,-0.0846655580974087
1031.25,-0.0002574944060236923,0.12028145089907759,1.0048241612604635e-07,0.9992637735048704,0.961946754526571,3.192217162102886e-05,3.0247766664626234e-05,-0.06382020103549763,-0.06884453465593336
1062.5,0.008000740023903045,0.11738226343025984,6.23082311647336e-08,0.9991287473283823,0.9592397779291942,1.3205994443458552e-05,1.0027565012070538e-05,-0.05497508367001921,-0.05950518352354151
1093.75,0.0023047389126973506,0.10357732942210131,1.240975997105839e-07,0.9990474242587025,0.957655375248663,3.2970841201556965e-07,7.346940114260438e-07,-0.06031758081160466,-0.06613082557277553
1125.0,-0.010124136362081678,0.06922869174437829,1.145666847550856e-07,0.9989503635386414,0.9528480967712157,1.3837569591965985e-06,1.2340303005649138e-06,-0.07232450431623962,-0.07862366500117782
1156.25,-0.008564302908324646,0.04663309638036005,5.687832696179847e-08,0.9988928616570178,0.9475081047263055,1.614473652491481e-06,1.2606816072950749e-06,-0.07051467376981765,-0.07681188683471757
1187.5,-0.0016227360509743854,0.04250519377505084,3.1680674113187576e-08,0.9989419703816285,0.9453378310041434,1.9150588783225982e-06,2.278403523721869e-06,-0.06378661453355688,-0.07098083507414066
1218.75,-0.005930380555478509,0.03752420011059823,7.89632174936051e-08,0.9990474895686039,0.9448763150737115,1.6511731759416842e-06,2.9491061758284032e-06,-0.06855298418751243,-0.07384107616359142
1250.0,-0.0014227829159554352,0.04119867493218478,8.939861378288745e-08,0.9990758527905146,0.9447752232855909,1.6844435904260413e-06,2.2437851941518657e-06,-0.06416868214746045,-0.0697019272484264
1281.25,0.011496093117135245,0.04324550036163465,1.4305969113063874e-07,0.999050004308723,0.9424561950742244,1.1713185192043885e-06,7.658745859577722e-07,-0.051137442291357006,-0.056981883339388084
1312.5,0.013868886209309641,0.020727156281822125,5.902652067160778e-08,0.998954485202917,0.9375290424484088,1.0668747742411955e-06,1.098931356192024e-06,-0.048349400676796085,-0.05673579232055848
1343.75,0.015882019323304363,-0.003848034605977352,-4.980924943834523e-10,0.9987873084825118,0.9314106806193626,1.7005095172640502e-06,2.6537104692400337e-06,-0.04560940758946802,-0.0528758203152152
1375.0,0.010080713437889119,-0.025045471519835348,2.881871413809387e-08,0.9986520196422646,0.9279971716032714,2.6304571859044085e-06,2.844974905922911e-06,-0.050822408277875014,-0.05812764536946607
1406.25,-0.0024607915277444084,-0.05606893003993801,-2.1920151778068837e-08,0.9985509668410867,0.9242855612873522,2.897609715698679e-06,6.57500686979479e-06,-0.06292443188616219,-0.07174626597809929
1437.5,-0.008034113664632171,-0.06752878924696036,-1.4107916052983624e-08,0.9985846355370283,0.9229783442451993,1.4462970047344766e-05,1.8378974211160584e-05,-0.06864418502998129,-0.0770595508800464
1468.75,-0.013689279181404009,-0.09534378769757365,5.9421673134883e-08,0.9984743009686124,0.9180227916700321,2.4436595541877753e-05,2.4012374624476954e-05,-0.07381946792136873,-0.08149407124020411
1500.0,-0.015000832115958682,-0.10711769839539312,-1.2372157741189193e-07,0.9982889035904736,0.9156180609554359,2.2622195742658804e-05,2.0084920353432574e-05,-0.07432454507218827,-0.0818768539856602
1531.25,0.0017279373462729493,-0.09948934972767137,-1.5243537804753022e-07,0.9982529135484118,0.9136877052911354,1.69956213178042e-05,1.2295375197944587e-05,-0.05743920211333912,-0.06508280825669532
1562.5,0.014919950830597647,-0.10279635175417948,-4.461665762189012e-08,0.9981943110525726,0.9101880953528896,1.3572167492249816e-05,8.192105986732583e-06,-0.04399222831488799,-0.051723509324691844
1593.75,0.01099540294215469,-0.1319131710587619,1.7385571772313947e-07,0.9981410013895352,0.9048989213068818,1.3375494442904154e-05,1.150117364240192e-05,-0.047684830273701864,-0.05552952443389803
1625.0,-0.006529250178448525,-0.17332506804321604,-4.371853788261957e-09,0.9981856307375867,0.9001195451238061,3.070214720433146e-06,3.1781245903655122e-06,-0.06540366283649778,-0.07394263672253981
1656.25,-0.024539371163866053,-0.19734830592429392,-2.2701565612773463e-08,0.9980688565232793,0.8986525026156362,8.603981657606416e-06,4.381675170443111e-06,-0.08290568831321271,-0.09088183515478451
1687.5,-0.008387284345383087,-0.18183541812718554,2.376812281498273e-07,0.9979689511523763,0.8982563894723505,2.021998610080503e-05,1.3463401894210365e-05,-0.06631885671018656,-0.07345421750261989
1718.75,0.002727010291289891,-0.20169205287221376,2.664194606600894e-07,0.9978434008187627,0.8916933079704078,2.0670839406860078e-05,1.2433623022812888e-05,-0.054658159831764946,-0.06146277452680673
1750.0,-0.01686248349493767,-0.24595396638507655,2.433463008437632e-07,0.9975691798037847,0.8863973577060361,2.1901096400403834e-06,1.7887598206468122e-06,-0.0730539889540211,-0.0798541424943019
1781.25,-0.021076516008721475,-0.2639452951772973,2.2571712424758173e-07,0.9973893467162837,0.8835418935397399,5.147879226306702e-06,3.863042625892975e-06,-0.07648504260645363,-0.08383240947397662
1812.5,-0.013203899852381521,-0.2770516163610194,-1.6174918229682504e-08,0.9974900149027669,0.8796793065780465,1.6342661801917057e-05,1.1721469201965663e-05,-0.06905074506497463,-0.07791102288486357
1843.75,-0.018154367083578808,-0.2993292778354723,-9.270280083396002e-08,0.9974498648501515,0.876028933917958,2.26512439076539e-05,1.978601104226977e-05,-0.07382640054892724,-0.08212943110760754
1875.0,-0.024929397669564046,-0.3157025072003652,-3.8949952826975233e-07,0.9970533775241893,0.8735320605147013,5.5672529068420555e-05,4.565425876997915e-05,-0.07887476299600153,-0.08610664706462769
1906.25,-0.009493974450234163,-0.3147479176492635,-4.842880473600614e-07,0.9967216562333829,0.8701298433291166,3.1036820642282474e-05,2.2049641201277344e-05,-0.06199419451186469,-0.06820420745402025
1937.5,-0.01226670833019632,-0.3436902775407378,-3.913599069731958e-07,0.9968835769059851,0.864780482277563,2.0984109277367487e-05,1.547460279374688e-05,-0.06547239659187826,-0.07036471799603963
1968.75,-0.019415254421119174,-0.35133403503445454,-7.587861793134257e-07,0.9970924076461064,0.8650443598754674,1.1646745922916015e-05,6.181864278037837e-06,-0.07353062303121773,-0.07933347190285032
2000.0,-0.02184032436657567,-0.36340092879198127,-8.286611572023058e-07,0.9969480622719538,0.8627447486302136,5.572522511666344e-06,1.4478911623654048e-06,-0.07532693543099717,-0.07983982208316565
2031.25,-0.019474001352640182,-0.436742533960115,-9.443834061986235e-07,0.9964964380207983,0.8477630606708084,2.2078750390007534e-05,4.5892241532311045e-05,-0.07099278312964101,-0.0771030748419504
2062.5,-0.00931899786345326,-0.4349600126717552,-3.561714640915968e-07,0.9961814151458974,0.8457847406713812,7.810289947917045e-06,4.4802731815185385e-05,-0.05946462544831853,-0.0651741160061841
2093.75,-0.05166599998051624,-0.5035623400289276,-3.0245202771246065e-07,0.9956517819766844,0.8394970840560212,6.032334555458897e-05,4.100232478115106e-05,-0.09950202886429149,-0.10136990811897527
2125.0,-0.11806939455570972,-0.5997449197970712,8.969756404811965e-07,0.9956342554771358,0.8339426188539063,0.00014616251326919543,8.451867399225836e-05,-0.16582897372911626,-0.1687222594449536
2156.25,-0.12901165513001964,-0.60457071048389,2.1205645784333053e-07,0.995687468624814,0.8351834439396129,8.40557764460745e-05,6.667437273745975e-05,-0.1770033432201032,-0.18000512487299808
2187.5,-0.1695089052898198,-0.618127519780184,3.5694116599544875e-07,0.9954476960241087,0.8400865826015675,5.510869586059079e-05,4.375617469484125e-05,-0.21645463809017676,-0.21898365259511654
2218.75,-0.16758447316052894,-0.6817331419767113,4.013716417522842e-07,0.9948390636285834,0.826996915587298,0.00011900412547107202,8.046596664569057e-05,-0.21187404902428697,-0.21438768813681533
2250.0,-0.15192223937237503,-0.7131440399483568,-6.880218962335391e-07,0.9946058534308787,0.8178979398957311,1.454220792751818e-05,3.853365270898602e-06,-0.1951936226580716,-0.19775083123969922
2281.25,-0.20184297661562,-0.7586911829648899,7.486560140669895e-09,0.9945242322310871,0.8180866066533145,6.29090874941555e-05,4.487742422983818e-05,-0.24475794644247545,-0.24429965770456266
2312.5,-0.2077390047978603,-0.7614800800085413,-7.264270735571834e-08,0.9939445777270841,0.8181052551839638,4.984776476433213e-05,1.824654886517084e-05,-0.2481219685065532,-0.2471875523553525
2343.75,-0.19002030299885325,-0.7787042168059242,-1.3229373897086687e-07,0.9936972150943761,0.8113629399297536,3.216105026369561e-05,1.5023294940815164e-06,-0.22932230506388557,-0.22847153358597627
2375.0,-0.20792670570752472,-0.8031006787895477,-1.6575119768058106e-07,0.9935038022596825,0.8095857051914044,1.878257115856567e-05,9.505907744632941e-06,-0.24638331642695685,-0.2433446395827191
2406.25,-0.24137397775780717,-0.8508758275416283,-1.797163118099186e-06,0.9928165060266342,0.8067060625425232,8.889149398671446e-05,7.086076988052699e-05,-0.2768251419526988,-0.27564468340049253
2437.5,-0.24990698410394163,-0.8939742742416155,-1.5008281764249596e-06,0.9927720373562343,0.8005570929778937,0.00014488327091475553,7.545754587887837e-05,-0.28516362161061515,-0.2855130200117527
2468.75,-0.25266656145827887,-0.9276947986911106,-1.5771926581120925e-06,0.9929708023696201,0.7945960633975054,2.0699090815463e-05,5.680952759651808e-06,-0.28879262220617313,-0.28677453832818045
2500.0,-0.2589878950223918,-0.9375964185723153,7.460684082430808e-07,0.9926692324953725,0.7931634900372333,3.939087510736811e-06,8.856803639121239e-06,-0.29379478279833315,-0.28883921749918934
2531.25,-0.25067413694514035,-0.8346701780209771,2.65782402811342e-07,0.992025111780659,0.8103418733866092,0.00010998375529681937,5.951117810557323e-05,-0.28266207093398754,-0.2789686373332546
2562.5,-0.24541479274766212,-0.8165167210386405,1.4339927051041102e-06,0.9918800080925092,0.8123651830977929,0.00023273428156743014,0.00015586081107371732,-0.2767674369683808,-0.2716453877455714
2593.75,-0.24560166206973477,-1.0024548716762107,3.706688725854929e-06,0.9924278447286654,0.7784289772451851,0.00020843402329034973,0.00016765201260756824,-0.2793523458262422,-0.2722604629606711
2625.0,-0.22364853815239033,-1.0944218075568248,2.9948993350351533e-06,0.993435213694657,0.7593432863716486,8.01653216343788e-05,9.619914373757789e-05,-0.2618053144522973,-0.25641903129331545
2656.25,-0.24141704059112964,-1.093191051507171,-4.063680851284591e-06,0.9934263929545417,0.7623977843371644,3.142435460155694e-05,7.154078020130105e-05,-0.27953525558666004,-0.2726229547500385
2687.5,-0.28931227383905433,-1.007242046051777,2.287737589961451e-06,0.9922734703186809,0.7843855957377176,7.190734180044029e-05,9.762500175170428e-05,-0.32238735009704056,-0.3101537922691749
2718.75,-0.31163608058656567,-0.946898637865775,-9.438498045122476e-06,0.9915684111693028,0.7982948565867131,8.053518690935707e-05,3.5081167638024466e-05,-0.3416241838983738,-0.32614759736331334
2750.0,-0.3116018654088656,-0.905087592210891,5.175650020007338e-06,0.9914455394963112,0.8047322582236448,4.5796555500314625e-05,1.8962612340115685e-05,-0.3410517729141045,-0.31921734706670585
2781.25,-0.32564663858430065,-0.8146741389666762,-8.35768500466451e-06,0.9915185727131125,0.8227667581588174,4.296448324561328e-05,9.455907112786846e-06,-0.3554164502458621,-0.32505715515960343
2812.5,-0.3113987977466838,-0.7539518622968215,7.568668244264986e-06,0.9917559673622557,0.8309648691754536,1.2266198235134797e-06,1.1907123265720967e-05,-0.34220829589204227,-0.3073941449870237
2843.75,-0.31201766291343436,-0.6893376435211668,4.697295452870091e-07,0.9916636949407951,0.8414263321207385,5.758044634135328e-05,3.8512694831489207e-05,-0.34242307709953,-0.29711428157082853
2875.0,-0.3098449301707037,-0.5367959753311893,-1.3904413527162069e-05,0.991890397426044,0.8685702785246805,0.00018741600549858743,0.00019430960892357553,-0.34124306383125225,-0.28246126585010867
2906.25,-0.31498596158936143,-0.4554503534130696,-0.0014148374018612781,0.9915649499914321,0.883689370758145,0.0001660040376963277,0.00023652229264361084,-0.3449589053513418,-0.2760623138982743
2937.5,-0.38009530990893736,-0.6298917166028419,-0.026843125665739594,0.9903080582288922,0.8580910946353222,5.970683042099639e-05,8.130890083966487e-05,-0.40455971475102964,-0.32284131327789
2968.75,-0.461651240713753,-0.8681889189465632,-0.19211361465585355,0.9889392093643874,0.8224297537905442,0.0002884333395480278,0.00023448683985386324,-0.4801084769424997,-0.37679270526023495
3000.0,-0.5340834397109194,-0.9382377467986847,-0.5288711418756227,0.9886013752057493,0.817732387980619,8.676185671908117e-05,0.00014837381184481746,-0.5510568175201018,-0.4219653873158962
3031.25,-0.5771804727979358,-1.0001679250877311,-0.7169419606652262,0.9888919563412145,0.809302743279606,5.4030658865980826e-05,0.00018747843952657693,-0.5954301915441292,-0.43889369853142546
3062.5,-0.6220957880863203,-1.0368103106757898,-0.7487197101106939,0.988527170075942,0.8045993545565645,5.895420999890709e-05,4.190770183080716e-05,-0.6387431691008469,-0.45022275744033835
3093.75,-0.6656919829515738,-1.0459918830044905,-0.7550862476426983,0.98841586530403,0.8043794434824836,4.8457210792143005e-05,3.1721386426803554e-06,-0.6818503357297083,-0.4582171647586147
3125.0,-0.7297472183211122,-1.100911758492602,-0.7837045873779123,0.9888713438842928,0.7995207016590198,0.0001224362509070307,0.0001753258059625417,-0.7479064118128537,-0.48682453913364787
3156.25,-0.8371670865749498,-1.2029960782857645,-0.8436778062818708,0.9883728096849014,0.7914358344992539,0.00011609183857268541,0.00017622422452224956,-0.8531362555719119,-0.544768829454108
3187.5,-0.9141234408356801,-1.371341672782307,-0.9145767508604736,0.9870299847453586,0.7638756575621515,8.42035202053679e-05,9.748715647773487e-05,-0.92418817805926,-0.5591840268596755
3218.75,-0.9861871359517417,-1.5241503197804473,-0.9879569654394116,0.9860639683291712,0.7381784465087967,3.446170845986983e-05,7.667550119451496e-05,-0.9919993069774907,-0.5633795722897768
3250.0,-1.0698405583656387,-1.5371715839763989,-1.0673748296880576,0.985588004980684,0.7379444271996197,1.9707696758945665e-05,7.456180419247541e-05,-1.0735559266833063,-0.5750238061951455
3281.25,-1.1501716287792827,-1.611337615343821,-1.1532220111172578,0.9853053344697399,0.7268229674111357,0.00011410075749080228,0.00012017634853458585,-1.1526412448131071,-0.5832396880532097
3312.5,-1.2539448641842708,-1.7403075371962617,-1.2510849276359135,0.9850100218173913,0.7079922495338143,5.241608263610203e-05,4.0443395907684605e-05,-1.2551126311927363,-0.5982082199647704
3343.75,-1.3586258793897568,-1.6582089094992711,-1.3575907112315388,0.9848558375933107,0.7229291864005357,1.633714634486914e-05,2.4449805791216916e-05,-1.3591137893660141,-0.6067821439872091
3375.0,-1.476522419968382,-1.5777340739145447,-1.4789963251883829,0.9848008331372105,0.7386037256461274,0.0001320782972604289,0.0003582299171808536,-1.4767677685670582,-0.6194646619789674
3406.25,-1.6416044791437914,-1.6537735629280097,-1.6437849359445185,0.9844268117355757,0.7328453469374275,0.00017831305176392283,0.0006227638813448502,-1.6402000902606697,-0.6615125584711202
3437.5,-1.8398830655516747,-1.9112484038212094,-1.8340843648538196,0.9840292997357606,0.7033778283199139,0.00033385072729887007,0.0005936204595471832,-1.8367246393867394,-0.7407507969782688
3468.75,-2.0016278396773672,-2.0789980630986733,-2.0043528137057116,0.9841537703443892,0.6791621874899909,0.0001243529177539279,2.3802078707491012e-05,-1.9990187211391501,-0.7563486960307735
3500.0,-2.1679079890223334,-2.0182081111801224,-2.1695366942705494,0.984833062555113,0.6902351610447677,0.0010742656024400722,0.0008458594521625267,-2.168295466149381,-0.7657945471966644
3531.25,-2.3281258007213395,-1.8580240627121767,-2.327686426529007,0.9852458413560191,0.7180692773165799,0.00017340764896176154,5.5763175525331704e-05,-2.330333180165473,-0.7773031688118401
3562.5,-2.472886242078063,-1.7042211217201664,-2.4696195988784955,0.984787536638321,0.7399321135258541,6.250174824724734e-05,0.000256663959606673,-2.4730729530833715,-0.7537555338913495
3593.75,-2.6082426511427528,-1.6729351388623246,-2.6086962998853496,0.9841133577562712,0.7345635415406057,0.00010744192288080891,0.0002068556301925133,-2.605455193356057,-0.6908444799972326
3625.0,-2.771366658183354,-1.7778844490168568,-2.7792226107906677,0.9840877754437425,0.7107094559846695,0.0007562706011818202,0.0007569613408195759,-2.7684663028174556,-0.6524210349657605
3656.25,-3.015124245221235,-1.9558977829653226,-3.0047103309097194,0.9827087430084434,0.6895195626313496,0.000339990200451229,0.00047948561551355005,-3.006133719677159,-0.6989793535193484
3687.5,-3.262245035783314,-2.0420815250562723,-3.264256697739208,0.9801005263859404,0.6763312462999739,0.0008678184284241992,0.00045749066848153864,-3.2417125354673053,-0.7012916949756586
3718.75,-3.5229879138260016,-2.1663545417132535,-3.527243717013584,0.9775039938982552,0.659503388546736,0.004093492782639621,0.0029098042371521874,-3.4909345942526384,-0.7161405030533528
3750.0,-3.8211343821231116,-2.256890425543068,-3.8183052568381686,0.9726675652729134,0.6519180321184821,0.010461658324583307,0.009038448818375204,-3.767539998017053,-0.7564360121855613
3781.25,-4.132184800299189,-2.3354926514457715,-4.132788552113277,0.966457587950148,0.6502279409802268,0.022221429266973444,0.018904294156932788,-4.050774077475708,-0.8237645762624803
3812.5,-4.529645050847824,-2.4469629311215937,-4.528004128749273,0.9545577339273662,0.6532018174642604,0.03139042069257461,0.02200901709177328,-4.394428332996669,-0.9550524238523866
3843.75,-4.989534452707665,-2.707145073745419,-4.988250623203676,0.9419941988628094,0.6499214103264629,0.04055182776784122,0.02411088735568652,-4.796778010563443,-1.1933691634607733
3875.0,-5.614669007331336,-3.5136997104441,-5.622573198197497,0.9135958750617367,0.5855651994039034,0.055780724159346276,0.037333776917210536,-5.288971582998208,-1.5470679423098095
3906.25,-6.582652802438692,-4.699340181084941,-6.576905188468041,0.8622570141353767,0.5237812536256623,0.08748658005213644,0.06021373798791737,-6.005781436445798,-2.2484553370341906
3937.5,-7.619187476940943,-5.76023762543136,-7.610792466932956,0.7871920568624629,0.4878551576797953,0.16529154577659558,0.10066113810338101,-6.64675578429426,-3.0007622815024386
3968.75,-8.838006371834764,-7.153032180813304,-8.863777064467898,0.6778178913678009,0.4251422483075734,0.2861958048618872,0.16353034198424124,-7.215897927977761,-3.7959904782817535
4000.0,-10.673836060722985,-9.818548515598252,-10.63361065107978,0.48694788855186644,0.2785620711925033,0.47107135972499076,0.29843126632372974,-7.615422206328693,-4.625383992835238
4031.25,-12.981089508411085,-12.685794350354412,-13.005327197363105,0.2949890919524398,0.17615756962255394,0.6706576072045146,0.416277139280539,-7.7459103538702765,-5.502423097412429
4062.5,-15.542817442183058,-15.160772699533107,-15.600326516729366,0.17102715885417322,0.12654607539936624,0.7845918744982235,0.4455752157663988,-7.940229529189681,-6.5408751561710705
4093.75,-18.564966169168546,-19.47839304801874,-18.40304288167946,0.09024321998488723,0.06177915722270493,0.86127763710047,0.49965012130925096,-8.185873274988824,-7.744428490893621
4125.0,-20.824894061399256,-23.747177515970076,-20.930816882910037,0.05805473943590179,0.03291513051561676,0.912338301088709,0.5683739152827331,-8.530032138437752,-9.27874897928918
4156.25,-22.797495288481944,-26.89804606352122,-22.807899016172804,0.04104855396873657,0.02362594073580042,0.9411261772240619,0.6042518590760697,-8.997235190600577,-10.989552814090999
4187.5,-24.58876721776827,-29.171102410345107,-24.466652566224838,0.03153213077627668,0.021678075760018924,0.9528949715153024,0.582813678002755,-9.643061683884213,-12.888925355795394
4218.75,-26.546890424083728,-32.076345500551604,-26.75363752508304,0.02271474687877719,0.017384006062465047,0.9641488702077406,0.5760004011098755,-10.176730715613258,-14.835459796514602
4250.0,-30.422078501741602,-36.59969427755458,-30.259701035207783,0.011099583327285304,0.00989518347589519,0.9697691693600226,0.5747538968264247,-10.94190653597991,-16.911548438633968
4281.25,-35.04999170757501,-43.439246790888895,-35.105338877761405,0.004342168725569603,0.003192479896920146,0.974384255072095,0.5720658198024605,-11.49381993301657,-18.8381441510476
4312.5,-42.184147719831415,-53.014042256620286,-41.913406959455344,0.000979273719699012,0.0005650735820123288,0.9762939621599145,0.578226867634109,-12.159949992172912,-20.892707943831862
4343.75,-47.27696431667796,-62.74019022900071,-47.47243976464432,0.00032598688817563515,9.04094122185937e-05,0.9787991900011851,0.5871203708711207,-12.475726914465712,-22.65994233489757
4375.0,-43.31793534462206,-55.5544090940225,-50.17171197720914,0.0007555953234396596,0.000599757666125497,0.9807633295168072,0.6138578343861743,-12.167589232930187,-23.691782820751023
4406.25,-52.15605707252655,-60.96290761910407,-52.132602703018165,0.00011211329308543105,0.00026325634079949617,0.978667314675491,0.6307620330450081,-12.719389439953439,-25.52431167151574
4437.5,-54.930900021795644,-72.19440850688082,-53.87515867594735,7.382851397950018e-05,3.401102515334974e-05,0.9794871003083973,0.6253553964653787,-13.679902567348831,-27.868221380621357
4468.75,-53.86180460705879,-61.78547142029649,-54.801757949175496,0.00012012840193095287,0.0006425539980691094,0.9795996884941984,0.5706714485489202,-14.725022879205609,-30.222183370377053
4500.0,-45.64128837684927,-61.37867275679915,-55.080119387726626,0.0010887882145721277,0.0013016651228047738,0.9791598180405775,0.5246671867935379,-16.077483764741253,-32.88128108900352
4531.25,-55.43825357121487,-74.81301694927905,-55.45425814440484,0.00016326818078267748,0.00011538046065001352,0.9780434895654617,0.5097011688490882,-17.63403038293395,-35.79195528278612
4562.5,-54.36024653079481,-72.22918060613247,-56.50267593179115,0.0003177292011146096,0.00043102700558229613,0.9779495494101409,0.5229977838050888,-19.44757911390779,-38.931841067580905
4593.75,-58.42568904152999,-76.37859425461085,-58.3885195704568,0.0001924649758037319,0.00034400117367569137,0.9777031320536154,0.5391446136351228,-21.33596741111837,-42.10180914605597
4625.0,-60.93182512102415,-78.97412107987176,-60.968293454723565,0.00012411625967969806,0.0002881928916991238,0.977365162179026,0.5282534918165421,-21.936873190039563,-43.92856937517665
4656.25,-67.75521177258922,-85.05996641272472,-64.82967843934568,2.802505976154984e-05,9.843330296360124e-05,0.9760341219216329,0.4664277512391437,-22.29743852155827,-45.34900264353346
4687.5,-66.16224777300077,-79.56767660394014,-67.37841167360801,4.78591611530314e-05,0.0005408155865159741,0.9755147165267903,0.41166483501397505,-23.028659871135275,-47.255784248729654
4718.75,-63.05599941272109,-81.75998571751279,-68.647793676973,0.00011659630725637358,0.0005256757004653759,0.9755595608479644,0.4242631643326937,-23.789608648157223,-49.32478038655154
4750.0,-71.15647682125149,-84.03282230292179,-69.91897189487163,2.1817633414276174e-05,0.0004739006916447262,0.9741512824809615,0.4000807685732405,-24.61131449997007,-51.14731137661398
4781.25,-70.39628976728791,-87.12688943579917,-70.94411502788033,3.197555701315576e-05,0.00033038149070812505,0.9735712549171622,0.3262546089229734,-25.51123222866241,-52.67466216825515
4812.5,-66.98946771860378,-90.42761584351219,-71.13591986314223,8.751700497495882e-05,0.00019878237557148837,0.9723621751690276,0.2633215665416373,-26.47715346113692,-53.76901025562433
4843.75,-66.96782666204807,-79.73144999102783,-71.27913152657312,0.00010510531358263934,0.001992605099432276,0.9748998504962004,0.1417680795075018,-27.250834660026662,-53.08327801352145
4875.0,-66.93529578711318,-77.25463671947561,-71.91881737439337,0.00014053397826624864,0.003763517918997211,0.9750210394338077,0.07787268469987017,-28.479870467728077,-53.36819224930099
4906.25,-73.58465385761548,-84.32503794698977,-73.19639335868602,4.707073278385409e-05,0.001272301097322094,0.9705762203070412,0.05503345300808068,-30.37892472619643,-55.72855261273443
4937.5,-74.57697592663646,-92.82082397435089,-74.69586140013115,5.534359154434986e-05,0.00027690950648211817,0.9687535976101984,0.035016740545317705,-32.07441059621189,-57.601818278753
4968.75,-76.7251006435139,-92.9480839593542,-75.97962185788857,4.709952846723425e-05,0.0002815529521304229,0.9678977456695359,0.018532816197997005,-33.5220275112645,-57.80130046116348
5000.0,-76.66605342782957,-92.55841910929028,-76.66248231676457,7.120606345563756e-05,0.0002818490786279044,0.9638746950033914,0.009849709807337742,-35.257984472765294,-57.41620095196182
5031.25,-72.35185551377805,-84.24796312215636,-77.1546436185968,0.00028737259493628224,0.0012911175067967867,0.9607357616922602,0.002192171212781033,-37.003070285208615,-55.71523646987891
5062.5,-78.37971525310897,-76.38729834818035,-77.82956370823908,8.839693490002614e-05,0.004983381556799481,0.9623641293946528,0.0005072045519339486,-37.9108485926227,-53.72015540213133
5093.75,-76.91847239286511,-78.78939121899514,-78.35855387903786,0.00015845668066440143,0.003379221333263379,0.9612246879745836,0.00015556682579728873,-38.98433920937742,-54.435173249864384
5125.0,-77.74934798292662,-85.31057745069705,-78.8138785681443,0.00019982898081834062,0.0011712206932932658,0.9574820741607827,0.0007718476743936393,-40.82269399181139,-56.35458046857068
5156.25,-85.26792822128272,-88.47625247499539,-79.50002641006273,6.896392981609609e-05,0.0007183838621418115,0.9454904735153102,0.0003123261588820508,-43.72090950857868,-57.397433800556584
5187.5,-105.21652292396446,-90.1813118930359,-79.92118879264189,1.5117290537040782e-06,0.0005108529276618699,0.9400224257433193,8.23909994225094e-05,-47.07802379720721,-57.62188640767383
5218.75,-97.28357610373988,-89.93436959702494,-79.99939877380261,1.9290064531749515e-05,0.0004845014944756923,0.9325865672966779,0.0002922954773209419,-50.2036741840653,-57.14493645529089
5250.0,-97.44422587841284,-80.79744157029253,-79.97922512331452,3.914524296764091e-05,0.0024288907518182586,0.915551022619744,0.00011676359707297942,-53.4377770836509,-55.0091370313105
5281.25,-99.67945308251238,-78.185524442223,-79.97830027916837,4.659675518879214e-05,0.003939122520944928,0.8949350272519376,6.185881947897723e-05,-56.429771109929156,-54.49713498198065
5312.5,-98.18419392440953,-83.90335072911944,-79.98535073275633,0.00013417617482611857,0.0015394435416223784,0.8609281508050708,0.0018652919035033182,-59.5277092655812,-56.13460403723377
5343.75,-112.7413614596943,-90.30508063650169,-79.98862471164854,1.1226261656578886e-05,0.000553562473254697,0.8160235653007551,0.0005009772701889621,-63.31047433833676,-58.094362695179356
5375.0,-110.84656046893127,-91.96728513706643,-80.00444849243964,4.391231375767296e-05,0.00039151683365861963,0.7240734432768577,0.010272012182982328,-67.3391849527851,-58.252405182572986
5406.25,-112.06058455379114,-91.3537492981029,-80.0059530854345,8.906990631681883e-05,0.0003669406485776776,0.44726794683734233,0.0015381044244166886,-71.62465578432004,-57.35732318892013
5437.5,-117.45130466756451,-84.3658800138035,-80.0058049820286,5.62368650473831e-05,0.0011896096931435492,0.0892615459415785,0.0007411460527515498,-75.01827697001642,-55.47754060443272
5468.75,-126.71655160858433,-78.33186795794165,-79.99813343137016,9.49460961254137e-06,0.003592928929470501,0.0025208860807160774,0.0007486683540822108,-76.55808401047567,-54.243969872781754
5500.0,-136.87084777354744,-81.32143384344575,-79.99885384674906,9.96121310243267e-07,0.0022771373452262194,0.05022028095998743,0.00207740086502892,-76.92073136035685,-55.2529417499051
5531.25,-139.04903781232088,-88.17042051108977,-80.00382650488518,5.765832870091477e-07,0.0006573856759322801,0.06338147110509162,0.0035408983405488636,-76.72441958420836,-56.706238527515936
5562.5,-131.25723534441795,-90.40291219326019,-79.99991058609157,3.3793271032636015e-06,0.0004231059077700716,0.03629523465210875,0.0007141733281264723,-76.61229893477578,-57.02501873523032
5593.75,-139.73631922065135,-90.76449142378326,-79.99476794706618,5.068024268283844e-07,0.0003399865388132325,0.004234448991754208,1.3567254247367035e-05,-76.85146735430112,-56.43672429440933
5625.0,-136.3853856137406,-88.86705728228216,-80.00064466095381,1.155543370229366e-06,0.0004415435767850219,0.007068403263615334,0.0002673204348259162,-77.08000939101956,-55.67440864443658
5656.25,-138.85435327376348,-79.52334506803065,-80.00887534258744,6.547297260226568e-07,0.0024403435097785555,0.049167510311040594,2.5528430664979343e-05,-77.081735140984,-53.75547034815244
5687.5,-127.58171097307832,-78.2759075355294,-79.9861720117321,9.291494616837217e-06,0.003358983160830404,0.1084610519266019,0.00040188909639670426,-77.32932804449422,-53.895601450347044
5718.75,-128.49046066197891,-85.50380217929329,-80.00772179991,8.05548901534963e-06,0.001054260205441508,0.16168993383795313,0.00665418221072642,-77.61814103496532,-56.09089596519449
5750.0,-139.92106937573732,-92.40660638540504,-79.99686878592,5.566915185766235e-07,0.0003015124114785318,0.17308683921598425,0.005106988225303706,-77.44397669801916,-57.557273975426156
5781.25,-123.71460280162364,-94.20154470534257,-79.99481761180911,2.225399907145462e-05,0.00018663857339431853,0.14878142943711867,0.00043165121911796695,-77.25544473278948,-57.269174415530216
5812.5,-124.77305388894271,-89.54163086386588,-80.00852350609628,1.7002462491675183e-05,0.0004624518704934622,0.11160988827694315,0.0005034888241086887,-77.14493341862334,-56.54991191605504
5843.75,-133.09983970020915,-83.38680358372198,-79.98124708363184,2.4092136380002984e-06,0.0013176099829062507,0.06404891836171425,0.000308466225896723,-76.98535410492086,-54.942287998185584
5875.0,-134.04243708324282,-78.11798067220299,-79.98830233161225,1.9644293917773274e-06,0.0033181621307935244,0.015968495418315156,0.00029976145102568604,-77.04156259268343,-53.68457234589953
5906.25,-132.59056208111565,-81.24973525312399,-79.98523211096305,2.7560176525499184e-06,0.0020645407542068486,0.0008748812621841861,0.011642115857747702,-77.06014330577909,-54.75558550445845
5937.5,-141.35107963984856,-90.8256263496581,-79.99028196963198,3.262720700321396e-07,0.0003376069648040507,0.029129480676580992,0.041367305649676965,-76.55363989845651,-56.467355973002356
5968.75,-130.26154062991057,-101.37013379437222,-79.9842891416793,3.4462568767337704e-06,3.215893647273499e-05,0.07927499746242819,0.028129403753167102,-75.70177836231349,-56.800766220395545
6000.0,-145.8131141391865,-95.94677925088055,-79.983225070851,8.300278482069142e-08,9.386844044118911e-05,0.13947397868035305,0.005976137314332261,-75.07080205048496,-56.02959092342055
6031.25,-138.20846941284546,-89.16713930950593,-79.98418105165223,4.785125299387455e-07,0.00040736000716946034,0.18357932254975975,0.0002223733241507343,-75.07416383152528,-55.62453885396434
6062.5,-129.6497731811201,-81.65237762059043,-79.99249653965254,3.616680774383983e-06,0.0017593155426734485,0.19940013080380353,0.0004679786778783009,-75.29963623173587,-54.46343066374763
6093.75,-127.41178849277766,-79.88680411840834,-79.9981145708091,5.626384169778151e-06,0.0024162085489714156,0.19425121808798593,1.5837203888637782e-05,-74.98084359292422,-54.07576393273773
6125.0,-124.63019092787042,-88.45876962798161,-79.99618000090331,1.0941297677679578e-05,0.0005110319144008525,0.1943275115485264,0.006911921187043323,-75.08764054268829,-55.90086550688036
6156.25,-129.2550741503774,-104.68390314224823,-79.99375186406232,4.035908024103092e-06,1.873765463208937e-05,0.1913880812932441,0.013444854221811579,-75.38124802932673,-57.76867108930539
6187.5,-132.53490266191972,-100.98931368493359,-79.99115699258446,2.052357402159443e-06,4.2824864132514786e-05,0.13932074989696705,0.018650870408783757,-75.72419385766075,-57.66388927105798
6218.75,-141.01221905180083,-104.2359134542143,-79.9920114464308,3.081543743614148e-07,1.6646487844326154e-05,0.061706829391268335,0.0005465647382534283,-75.96666369781046,-56.806755282291235
6250.0,-138.73352951944676,-88.33030148771856,-79.99698456715363,5.051203058766059e-07,0.0004454341095837089,0.01407749505895106,0.00041684654876987634,-75.83423907006,-55.17575184127092
6281.25,-141.41096141367515,-81.91201622343037,-79.99105179188462,2.736540588428747e-07,0.0015066040531369629,2.1587125358967818e-06,2.2438218368183003e-05,-75.849741628841,-54.04962318629359
6312.5,-144.23210080353695,-84.88016900686831,-79.99805082381796,1.4077737474686317e-07,0.0009194965504335793,0.01636523026426151,0.0006315285425069894,-75.78419069985081,-54.873285698015366
6343.75,-136.71874660821672,-98.132391493165,-80.00006216416588,8.45395517319323e-07,7.186705127739644e-05,0.06366577215730165,0.00409680547743477,-76.05610729014427,-57.05530540159296
6375.0,-140.38643741296792,-106.10714322897067,-79.99294556906142,3.6759713803583736e-07,1.3987549270591363e-05,0.11898329263448365,0.002521165762346423,-76.10691990306259,-57.92217517050151
6406.25,-128.8613750006688,-107.09183050288688,-79.99241047937946,4.784769205804111e-06,8.635566633799626e-06,0.1647702633229594,0.0038403779998341255,-75.72674621938381,-56.81235454746321
6437.5,-132.60241518731414,-91.68276120272297,-80.00230781983659,1.78265814568956e-06,0.00021978086632683786,0.20574371342759015,0.0005272825026161516,-75.17985714235637,-55.460275660439926
6468.75,-127.09075907060887,-83.68237414322037,-79.99106233449402,6.065954558716089e-06,0.0009605495455927669,0.22073268320519568,0.00012781369429392192,-74.98651187185745,-53.86518750037848
6500.0,-128.39144382180683,-81.67939815186158,-79.9962964542811,4.60981859764574e-06,0.0014701910354361321,0.21623359666760145,9.867689908057671e-05,-75.0950434537938,-53.71075150304119
6531.25,-127.97178602812372,-88.79264855115274,-79.99114433241778,5.249460818002373e-06,0.00040131306243740836,0.21928033928019983,0.0012739459790264878,-75.23969428830856,-55.185097158656816
6562.5,-132.26871978593775,-103.58990056871478,-79.99475419380065,2.238250151548805e-06,2.048881329773538e-05,0.2088583449658691,0.0017300217899530255,-75.83456728689414,-57.06268426701249
6593.75,-141.40020756144452,-98.9144283765804,-79.99765367264817,3.446307816728105e-07,6.352885786182736e-05,0.15429630721777018,3.485016141182293e-05,-76.84050948753857,-57.301754500341886
6625.0,-141.0199497957651,-102.05401985949686,-79.98743390630969,4.0907616035037444e-07,2.4561292783703146e-05,0.09366401887669196,0.00032051075140787015,-77.20475278044832,-56.314147729402805
6656.25,-142.06337378817327,-89.85872789152782,-79.9988752371761,3.1623319782818786e-07,0.00028969049822466454,0.04091005085946777,5.998834813064833e-05,-77.13020966109484,-54.835686046693716
6687.5,-152.48290655432717,-83.88507431291885,-79.99641889865458,3.0581158245534025e-08,0.0009761661206482745,0.005082507712302244,2.276334947435092e-05,-77.40420713024363,-54.137927268424846
6718.75,-153.16773538636394,-87.78649495618198,-79.99965439389979,3.041396158091277e-08,0.0005604927963556519,0.004987532644936667,8.572434915364565e-06,-78.0652265916577,-55.62981095713215
6750.0,-142.32678725093098,-98.36922255808571,-79.99590280575045,3.8373492255928254e-07,7.971873223523516e-05,0.0428377595257321,0.00011747243723474689,-78.23386177447674,-57.74244204147739
6781.25,-154.42837490877076,-106.85828815235962,-80.0026446642748,2.2636676137706635e-08,1.3563716683013602e-05,0.0966113550608193,0.00015752714684911484,-78.04326275855432,-58.53969089784112
6812.5,-144.90509209085434,-108.14848342882803,-80.00345412222865,1.8364347147894264e-07,7.96519450712339e-06,0.1540247157823682,5.7603063040025664e-05,-77.61160830407847,-57.51806293289906
6843.75,-144.2350134409897,-101.96965195936853,-80.00002867406538,2.045887896967973e-07,2.77351003223646e-05,0.19389281913355952,3.243095332013259e-05,-77.41059304782317,-56.75756501897037
6875.0,-142.1057496204838,-89.07952745693703,-79.99519560267018,3.3190297102694426e-07,0.00044816618506102396,0.2077382811717738,7.313573371925084e-05,-77.38262229583383,-55.95153395663473
6906.25,-142.99508602351167,-88.37289154859859,-79.99383679756411,2.696497169505423e-07,0.000567488288178436,0.22122054090339133,1.7106447542083656e-05,-77.36984698624865,-56.27007622678089
6937.5,-132.6432289265191,-95.11661704339345,-79.99006850023781,2.7677403894523872e-06,0.0001693329610148205,0.2372119489134513,0.000713968052026016,-77.13124371599167,-57.76164771834425
6968.75,-128.3948807446406,-103.95518074762367,-79.99695148085044,7.438860162821824e-06,3.436777114374244e-05,0.2494537722753472,0.00044107456998055897,-77.17670596820032,-59.674310073012194
7000.0,-131.32461825020533,-105.05342008360721,-79.99941976368193,3.884109335133475e-06,2.505586934119669e-05,0.21319026389204887,0.0003498265548522068,-77.28429399058962,-59.400130488584864
7031.25,-136.1469062942543,-105.9850299868817,-79.99595261801294,1.2493993546065438e-06,1.4758752770006389e-05,0.15167151206519291,0.0007747896966635886,-77.18068034220254,-58.03314221275602
7062.5,-142.63428068967184,-93.96047713203485,-79.99660489388859,2.966430182980973e-07,0.0001972894907679991,0.10503214932918609,5.830736763910871e-05,-77.42338327860318,-57.26913229868207
7093.75,-143.4008248118913,-87.57092149322845,-79.99323397899333,2.591165916280297e-07,0.0007856935911545543,0.057261999528900306,4.444700067165878e-05,-77.60253831124331,-56.881069248024815
7125.0,-148.83759140534335,-90.86450535317461,-79.99608804733998,7.104545774312048e-08,0.0004210247433496679,0.018458501382350116,3.73303048009643e-05,-77.41971584803575,-57.46519719935478
7156.25,-144.84945865141646,-100.07173560290249,-79.99510098558086,1.790553110396019e-07,7.567357430689198e-05,3.174274951370351e-05,0.0005393072781923995,-77.4460920000855,-59.218793726996395
7187.5,-160.34155562247724,-108.97268804504237,-80.00125558347892,4.8891744252302066e-09,1.181910457767397e-05,0.01744249942815613,0.0002676216275835863,-77.30067221118125,-60.05614944718729
7218.75,-152.78892615422942,-107.41345215549563,-80.00157764816264,2.5797992896370275e-08,1.257420319173434e-05,0.05752367164789388,1.0042791864829545e-05,-76.97154661781984,-58.76587254392827
7250.0,-146.52301836611207,-97.07360353095103,-79.99660379346524,1.1207203986329134e-07,0.00011812934036647272,0.12627191031449045,4.3886562078347577e-05,-77.08475240891151,-58.154796967963605
7281.25,-144.5581704394531,-89.80040866720086,-79.99766640030687,1.8752858049936253e-07,0.0006350211079821783,0.2269973236948068,0.00023317590815781562,-77.35560637706294,-58.18590592947651
7312.5,-146.376679935434,-91.88233658098548,-79.99590994947573,1.1229888038669919e-07,0.00042980292240098146,0.3295317469756147,0.0007747047473917472,-76.94719547460952,-58.5726458703367
7343.75,-136.8765268241499,-102.57201283704823,-79.99944880024623,8.039196244426187e-07,4.658197473991946e-05,0.42969052543697295,0.003318875046697215,-75.9954144027327,-59.61180744077723
7375.0,-137.39826784873242,-106.70850024707121,-79.99745996696501,6.010703142581532e-07,2.5838496984080045e-05,0.5073837049992319,0.0037526549428985173,-75.25428191902199,-61.18878836842497
7406.25,-137.2250613020096,-104.37355251491763,-79.99776496778532,5.377485505297037e-07,3.8691389324451e-05,0.5624867246307728,0.0005641733858560637,-74.59761506171449,-60.60731140901169
7437.5,-140.15575221519586,-105.45806674607896,-79.99281367795379,2.6360337705821935e-07,2.1704937459179723e-05,0.5836847565271527,0.00015510779911178963,-74.43202318807269,-59.181267782328035
7468.75,-133.09880996867,-97.5487709925033,-79.99720653178474,1.4541466846565354e-06,0.00011429258925132685,0.567758579493904,4.0239313193669105e-05,-74.7916534186693,-58.486567356677774
7500.0,-130.2453747018114,-91.5081218984072,-79.99955167276666,3.2095589155707447e-06,0.00041443324595982203,0.4884589381202603,1.774319282971608e-05,-75.37658949832097,-58.04028342038307
7531.25,-135.6486881675199,-97.63150343069955,-80.00320420560939,1.140711781513399e-06,0.00012050412291794294,0.37131629565724855,1.660905351034133e-05,-76.28720871333225,-58.79913813978754
7562.5,-142.56048653733615,-106.47685837142235,-79.9990760846721,2.9850525050383904e-07,2.507708629640309e-05,0.2588193057154907,2.3355475592949272e-05,-77.37676755735238,-60.827244764381106
7593.75,-145.53262016869218,-111.77695594431582,-80.0020833907493,1.6030048682670277e-07,8.975353242952174e-06,0.14334098096628564,6.951019925239258e-05,-77.64872985687003,-61.66508709373774
7625.0,-149.55514048631937,-116.07040601851719,-79.99525820975633,6.311260199796327e-08,2.147691762319183e-06,0.045962077193704445,2.220199282141072e-06,-77.62306261736185,-59.74774118042426
7656.25,-147.67388332849828,-104.78668776015029,-79.99374921891602,1.0354225298546836e-07,2.243245369606746e-05,0.003257683025449454,2.3091771829581657e-06,-77.89182070977529,-58.65307120819121
7687.5,-147.81882122106038,-97.60307454956586,-79.99615207257483,1.0066699550805965e-07,0.00010629489003940633,0.00883258967090589,8.355499822920415e-06,-77.91445356548567,-58.225814067825006
7718.75,-140.0863978234524,-100.48656469374733,-79.99490228954002,5.375091150492475e-07,5.6123949478763175e-05,0.054122461626743584,8.289070016278438e-06,-77.45701743261866,-58.33566259219858
7750.0,-133.51752200060577,-99.2654405861394,-79.99131029040136,2.179403681779221e-06,9.605608975906429e-05,0.12736611944190454,6.181774148491489e-06,-76.96766007823585,-59.44830526892592
7781.25,-142.33020586930493,-103.11373489026519,-79.99188436530888,2.6716814451906615e-07,6.458970934505949e-05,0.20594075706550916,3.254399188929607e-05,-76.66481388751974,-61.57298384069279
7812.5,-144.66994226583174,-103.3709660278471,-79.9963875775841,1.5201955802598072e-07,6.165399167823138e-05,0.25131935819231055,8.031908037213146e-06,-76.55569819660688,-61.62819367080679
7843.75,-136.3716669037024,-101.3569008179956,-79.99991782247596,1.0448495201768471e-06,6.793743471978462e-05,0.25248493684001994,5.4934908512952655e-06,-76.62896565507442,-60.03560790750874
7875.0,-134.797630198745,-101.95792538339416,-80.00434812214505,1.4075588427049113e-06,4.567879765255347e-05,0.2435084544850957,2.4214960383544764e-05,-76.34905706893167,-58.9126876715087
7906.25,-135.26625343221843,-99.66469683780261,-80.00379434494906,1.33637452374408e-06,7.306139135444832e-05,0.17101197781501692,1.2718887855428205e-05,-76.59229658528159,-58.65919187109157
7937.5,-140.63269543448632,-106.19498373985297,-79.99564561921869,4.4092345689178927e-07,1.9196904706661255e-05,0.06865067968171368,1.0894695452860403e-06,-77.14308874648627,-59.38491147872548
7968.75,-140.09452437875422,-105.84575239266582,-79.98914496421841,5.400152187074015e-07,3.159175232106939e-05,0.054556705165003924,6.561366326035853e-06,-77.48534564681962,-61.199105199740586
8000.0,-139.8844347601914,-115.51743597342009,-79.98876416058974,6.008074635691856e-07,5.201494602980347e-06,0.0662833123305891,2.1176996687957626e-06,-77.73854922624986,-63.0363331437517
