model,scope,quantity,kind,unit,estimate,ci_lower,ci_upper,excludes_zero,n_boot_valid,n_speakers,n_utterances,n_words,replicates_denominator_le_0
whisper,pooled,wer_REF,micro,pp,2.496717875486561,2.1897798291026747,2.8356960960043733,True,10000,73,2174,43417,
whisper,pooled,wer_LP,micro,pp,2.6372158371144945,2.3182764037432273,2.983473955473731,True,10000,73,2174,43417,
whisper,pooled,wer_OPUS,micro,pp,3.3235829283460396,2.859073369943585,3.8173013274608394,True,10000,73,2174,43417,
whisper,pooled,wer_LIN8,micro,pp,2.5819379505723563,2.2754652978431102,2.9163929262031827,True,10000,73,2174,43417,
whisper,pooled,L8,micro,pp,0.08522007508579565,-0.017860508491794706,0.18770248188184793,False,10000,73,2174,43417,
whisper,pooled,R8,micro,pp,0.7416449777736832,0.5122446582313616,1.0001948489355756,True,10000,73,2174,43417,
whisper,pooled,T,micro,pp,0.8268650528594789,0.5741181416861005,1.102322079849063,True,10000,73,2174,43417,
whisper,pooled,B_primary,micro,pp,0.1404979616279337,0.035623200262557164,0.24880470345565975,True,10000,73,2174,43417,
whisper,pooled,R_primary,micro,pp,0.6863670912315452,0.459526979636811,0.9379698403151301,True,10000,73,2174,43417,
whisper,pooled,delta_L,micro,pp,-0.05527788654213807,-0.12689019429288262,0.013473374017107343,False,10000,73,2174,43417,
whisper,pooled,delta_R,micro,pp,0.05527788654213807,-0.01347337401710736,0.12689019429288262,False,10000,73,2174,43417,
whisper,pooled,S8,ratio,fraction,0.10306406685236742,-0.023813600782779207,0.21762488375182676,False,10000,73,2174,43417,0.0
whisper,pooled,S_primary,ratio,fraction,0.16991643454038996,0.04901890150872989,0.28736267927982945,True,10000,73,2174,43417,0.0
whisper,test-clean,wer_REF,micro,pp,1.6173047596115258,1.3501940984460354,1.912439105319105,True,10000,40,1190,24918,
whisper,test-clean,wer_LP,micro,pp,1.589212617385023,1.3106606328623558,1.8914827303655575,True,10000,40,1190,24918,
whisper,test-clean,wer_OPUS,micro,pp,1.8821735291756962,1.5305302643049927,2.258488902756997,True,10000,40,1190,24918,
whisper,test-clean,wer_LIN8,micro,pp,1.5972389437354524,1.3227565697413737,1.890791040840883,True,10000,40,1190,24918,
whisper,test-clean,L8,micro,pp,-0.020065815876073312,-0.10394460048464854,0.06074031091529338,False,10000,40,1190,24918,
whisper,test-clean,R8,micro,pp,0.28493458544024375,0.13801530494646044,0.45626317766334884,True,10000,40,1190,24918,
whisper,test-clean,T,micro,pp,0.26486876956417044,0.11766989799484406,0.4332407255695719,True,10000,40,1190,24918,
whisper,test-clean,B_primary,micro,pp,-0.028092142226502845,-0.1272624801017268,0.07213667976850367,False,10000,40,1190,24918,
whisper,test-clean,R_primary,micro,pp,0.2929609117906733,0.14615815018357456,0.46294647036555664,True,10000,40,1190,24918,
whisper,test-clean,delta_L,micro,pp,0.008026326350429533,-0.05389727929076349,0.06366851681627073,False,10000,40,1190,24918,
whisper,test-clean,delta_R,micro,pp,-0.008026326350429533,-0.06366851681627074,0.05389727929076349,False,10000,40,1190,24918,
whisper,test-clean,S8,ratio,fraction,-0.07575757575757498,-0.5814922480620137,0.2203389830508474,False,9999,40,1190,24918,1.0
whisper,test-clean,S_primary,ratio,fraction,-0.10606060606060576,-0.7334591194968547,0.24999999999999967,False,9999,40,1190,24918,1.0
whisper,test-other,wer_REF,micro,pp,3.6812800691929293,3.063704486134762,4.407325688802366,True,10000,33,984,18499,
whisper,test-other,wer_LP,micro,pp,4.048867506351694,3.403463183254659,4.793222735496279,True,10000,33,984,18499,
whisper,test-other,wer_OPUS,micro,pp,5.2651494675387855,4.303668685606394,6.375532357441682,True,10000,33,984,18499,
whisper,test-other,wer_LIN8,micro,pp,3.90831936861452,3.2913287854240765,4.62306174291214,True,10000,33,984,18499,
whisper,test-other,L8,micro,pp,0.2270392994215907,0.01658758274387592,0.45145531276099343,True,10000,33,984,18499,
whisper,test-other,R8,micro,pp,1.3568300989242659,0.8689473764325509,1.9307666532401575,True,10000,33,984,18499,
whisper,test-other,T,micro,pp,1.5838693983458565,1.0359497635892687,2.1975226242721706,True,10000,33,984,18499,
whisper,test-other,B_primary,micro,pp,0.3675874371587652,0.16108413791164375,0.5898516992883577,True,10000,33,984,18499,
whisper,test-other,R_primary,micro,pp,1.2162819611870914,0.7480077794213943,1.7671719643906905,True,10000,33,984,18499,
whisper,test-other,delta_L,micro,pp,-0.1405481377371745,-0.2932232770606174,0.0,False,10000,33,984,18499,
whisper,test-other,delta_R,micro,pp,0.1405481377371745,0.0,0.2932232770606174,False,10000,33,984,18499,
whisper,test-other,S8,ratio,fraction,0.14334470989761114,0.01337570417449084,0.26994305761229836,True,10000,33,984,18499,0.0
whisper,test-other,S_primary,ratio,fraction,0.23208191126279856,0.11674915397631142,0.36000297619047616,True,10000,33,984,18499,0.0
wav2vec2,pooled,wer_REF,micro,pp,5.359651749314785,4.72533194412052,6.080577788940398,True,10000,73,2174,43417,
wav2vec2,pooled,wer_LP,micro,pp,6.764631365594122,5.886536498903172,7.73973834906699,True,10000,73,2174,43417,
wav2vec2,pooled,wer_OPUS,micro,pp,8.835248865651703,7.716023503638021,10.171154939913132,True,10000,73,2174,43417,
wav2vec2,pooled,wer_LIN8,micro,pp,6.515880876154502,5.694008248548592,7.408045760963338,True,10000,73,2174,43417,
wav2vec2,pooled,L8,micro,pp,1.1562291268397176,0.8065167815346342,1.5466897918995337,True,10000,73,2174,43417,
wav2vec2,pooled,R8,micro,pp,2.319367989497201,1.8499875973043947,2.968346019244394,True,10000,73,2174,43417,
wav2vec2,pooled,T,micro,pp,3.4755971163369184,2.7320382456995875,4.452608987427618,True,10000,73,2174,43417,
wav2vec2,pooled,B_primary,micro,pp,1.4049796162793373,0.9898874753179487,1.9228030749432747,True,10000,73,2174,43417,
wav2vec2,pooled,R_primary,micro,pp,2.070617500057581,1.679111733009272,2.567087421302722,True,10000,73,2174,43417,
wav2vec2,pooled,delta_L,micro,pp,-0.24875048943961975,-0.47187963333124455,-0.04043562932536219,True,10000,73,2174,43417,
wav2vec2,pooled,delta_R,micro,pp,0.24875048943961975,0.04043562932536219,0.47187963333124455,True,10000,73,2174,43417,
wav2vec2,pooled,S8,ratio,fraction,0.33267064280980796,0.27962314453507103,0.386574181130049,True,10000,73,2174,43417,0.0
wav2vec2,pooled,S_primary,ratio,fraction,0.40424121935056323,0.3481568923749244,0.4501501349341851,True,10000,73,2174,43417,0.0
wav2vec2,test-clean,wer_REF,micro,pp,3.3028332932017013,2.8620089217103293,3.726151296636237,True,10000,40,1190,24918,
wav2vec2,test-clean,wer_LP,micro,pp,3.7121759370736016,3.2521697941881302,4.182072206536342,True,10000,40,1190,24918,
wav2vec2,test-clean,wer_OPUS,micro,pp,4.647242956898627,4.084399641975383,5.243479445332741,True,10000,40,1190,24918,
wav2vec2,test-clean,wer_LIN8,micro,pp,3.571715225941087,3.125118928052917,4.027184472388907,True,10000,40,1190,24918,
wav2vec2,test-clean,L8,micro,pp,0.2688819327393857,0.07165296961199483,0.47645027342440444,True,10000,40,1190,24918,
wav2vec2,test-clean,R8,micro,pp,1.0755277309575408,0.8174154464638996,1.3672249074644467,True,10000,40,1190,24918,
wav2vec2,test-clean,T,micro,pp,1.3444096636969265,0.9661956173957365,1.7700538552218488,True,10000,40,1190,24918,
wav2vec2,test-clean,B_primary,micro,pp,0.4093426438719003,0.196854523457624,0.6418729129936677,True,10000,40,1190,24918,
wav2vec2,test-clean,R_primary,micro,pp,0.9350670198250262,0.718846334584443,1.178391692443927,True,10000,40,1190,24918,
wav2vec2,test-clean,delta_L,micro,pp,-0.14046071113251457,-0.27083993021531466,-0.012109178298730002,True,10000,40,1190,24918,
wav2vec2,test-clean,delta_R,micro,pp,0.14046071113251457,0.012109178298729997,0.2708399302153146,True,10000,40,1190,24918,
wav2vec2,test-clean,S8,ratio,fraction,0.20000000000000032,0.06772362028678526,0.30037080405932864,True,10000,40,1190,24918,0.0
wav2vec2,test-clean,S_primary,ratio,fraction,0.3044776119402987,0.19230427046263338,0.3895357754315883,True,10000,40,1190,24918,0.0
wav2vec2,test-other,wer_REF,micro,pp,8.130169198335045,6.701046337387475,9.820439364373396,True,10000,33,984,18499,
wav2vec2,test-other,wer_LP,micro,pp,10.876263581815234,8.91550116383944,13.1385059830765,True,10000,33,984,18499,
wav2vec2,test-other,wer_OPUS,micro,pp,14.476458186929023,11.954427700824597,17.524661016579277,True,10000,33,984,18499,
wav2vec2,test-other,wer_LIN8,micro,pp,10.481647656630088,8.659388903204581,12.587971706377813,True,10000,33,984,18499,
wav2vec2,test-other,L8,micro,pp,2.3514784582950434,1.6198607795182733,3.239498113571867,True,10000,33,984,18499,
wav2vec2,test-other,R8,micro,pp,3.994810530298934,2.9860846462642536,5.435559440920727,True,10000,33,984,18499,
wav2vec2,test-other,T,micro,pp,6.346288988593978,4.761892519245461,8.54168143788996,True,10000,33,984,18499,
wav2vec2,test-other,B_primary,micro,pp,2.7460943834801883,1.8312312105132467,3.9182472691228027,True,10000,33,984,18499,
wav2vec2,test-other,R_primary,micro,pp,3.6001946051137894,2.777937319373321,4.675821506638377,True,10000,33,984,18499,
wav2vec2,test-other,delta_L,micro,pp,-0.3946159251851447,-0.8950043599965505,0.05784646595848205,False,10000,33,984,18499,
wav2vec2,test-other,delta_R,micro,pp,0.3946159251851447,-0.057846465958482106,0.8950043599965505,False,10000,33,984,18499,
wav2vec2,test-other,S8,ratio,fraction,0.37052810902896094,0.3147197829568425,0.43478460311128825,True,10000,33,984,18499,0.0
wav2vec2,test-other,S_primary,ratio,fraction,0.4327086882453152,0.36808883192880515,0.4868799621075424,True,10000,33,984,18499,0.0
