model,scope,metric,quantity,unit,estimate,ci_lower,ci_upper,excludes_zero,n_boot_valid,prob_R_gt_B,replicates_denominator_le_0
whisper,pooled,micro,B,pp,0.1404979616279337,0.035623200262557164,0.24880470345565975,True,10000,,
whisper,pooled,micro,R,pp,0.6863670912315452,0.459526979636811,0.9379698403151301,True,10000,,
whisper,pooled,micro,T,pp,0.8268650528594789,0.5741181416861005,1.102322079849063,True,10000,,
whisper,pooled,micro,R_minus_B,pp,0.5458691296036113,0.30059176770575524,0.815730428843746,True,10000,1.0,
whisper,pooled,micro,share_B_over_T,fraction,0.16991643454038996,0.04901890150872989,0.28736267927982945,True,10000,,0.0
whisper,pooled,micro,rel_B,fraction of REF,0.05627306273062729,0.01382827117526738,0.10222016096505522,True,10000,,
whisper,pooled,micro,rel_R,fraction of REF,0.2749077490774907,0.19252336448598142,0.3665684793554883,True,10000,,
whisper,pooled,micro,rel_T,fraction of REF,0.331180811808118,0.2356918521776351,0.4369142730840558,True,10000,,
whisper,pooled,macro,B,pp,0.34762076865354347,0.1711403578338367,0.5390443805196681,True,10000,,
whisper,pooled,macro,R,pp,1.000000337017222,0.6361048683046829,1.3905769415634566,True,10000,,
whisper,pooled,macro,T,pp,1.3476211056707654,0.925389299043148,1.7786640108665788,True,10000,,
whisper,pooled,macro,R_minus_B,pp,0.6523795683636785,0.2527498028565226,1.0787947145109655,True,10000,0.9996,
whisper,pooled,macro,share_B_over_T,fraction,0.25795141319081566,0.13832099896282474,0.3909785754452734,True,10000,,0.0
whisper,pooled,macro,rel_B,fraction of REF,0.10542762309051928,0.05171503369958161,0.1663489610974668,True,10000,,
whisper,pooled,macro,rel_R,fraction of REF,0.303283543816447,0.2026643163537958,0.4124541560490456,True,10000,,
whisper,pooled,macro,rel_T,fraction of REF,0.4087111669069663,0.2931298556857615,0.5321925117195181,True,10000,,
whisper,pooled,speaker,B,pp,0.17555477788699753,0.054004723344989125,0.30816493249959975,True,10000,,
whisper,pooled,speaker,R,pp,0.7650484855182258,0.531458526233703,1.0144071077909862,True,10000,,
whisper,pooled,speaker,T,pp,0.9406032634052233,0.6778800203649695,1.2152482715654371,True,10000,,
whisper,pooled,speaker,R_minus_B,pp,0.5894937076312282,0.31774728022114973,0.8756885341313468,True,10000,1.0,
whisper,pooled,speaker,share_B_over_T,fraction,0.18664062173401835,0.06368757368542445,0.3092913082004427,True,10000,,0.0
whisper,pooled,speaker,rel_B,fraction of REF,0.0651703654341474,0.01983777593502937,0.11715268720354717,True,10000,,
whisper,pooled,speaker,rel_R,fraction of REF,0.28400531148264796,0.20786717750609043,0.36207264644475257,True,10000,,
whisper,pooled,speaker,rel_T,fraction of REF,0.34917567691679535,0.2618002177842811,0.44123141246771863,True,10000,,
whisper,pooled,cer,B,pp,0.1218085502591719,0.0669741355320626,0.17833427860098322,True,10000,,
whisper,pooled,cer,R,pp,0.3119700999443536,0.19942010387603593,0.44040400996203727,True,10000,,
whisper,pooled,cer,T,pp,0.4337786502035255,0.2994233708605819,0.5853116474674476,True,10000,,
whisper,pooled,cer,R_minus_B,pp,0.19016154968518173,0.07597962845255693,0.31614649719717824,True,10000,0.9995,
whisper,pooled,cer,share_B_over_T,fraction,0.280808080808081,0.17381711243339734,0.3957630850854378,True,10000,,0.0
whisper,pooled,cer,rel_B,fraction of REF,0.13429951690821268,0.07168794938966613,0.2020061317275618,True,10000,,
whisper,pooled,cer,rel_R,fraction of REF,0.34396135265700484,0.2308468575933676,0.4713870594738936,True,10000,,
whisper,pooled,cer,rel_T,fraction of REF,0.4782608695652175,0.34259590450142274,0.6400816979595242,True,10000,,
whisper,pooled,S,B,per_100_words,0.09443305617615229,0.008879482161542617,0.18332991888144193,True,10000,,
whisper,pooled,S,R,per_100_words,0.5067139599695971,0.33731265139290906,0.7024246304553895,True,10000,,
whisper,pooled,S,T,per_100_words,0.6011470161457495,0.4094460685939326,0.8191089425448175,True,10000,,
whisper,pooled,S,R_minus_B,per_100_words,0.4122809037934449,0.22329997508704857,0.6239969987526758,True,10000,1.0,
whisper,pooled,D,B,per_100_words,0.025335697998479876,-0.0092734538719516,0.05932230836673956,False,10000,,
whisper,pooled,D,R,per_100_words,0.09903954672133039,0.04735686775927196,0.15864873288541284,True,10000,,
whisper,pooled,D,T,per_100_words,0.12437524471981026,0.07172097039606908,0.18768913024469439,True,10000,,
whisper,pooled,D,R_minus_B,per_100_words,0.07370384872285052,0.004339524912206443,0.14838956222639363,True,10000,0.9809,
whisper,pooled,I,B,per_100_words,0.020729207453301732,-0.00906889127126281,0.0502883322986874,False,10000,,
whisper,pooled,I,R,per_100_words,0.08061358454061768,0.030739322032827327,0.1336973529290051,True,10000,,
whisper,pooled,I,T,per_100_words,0.10134279199391942,0.046421096186048214,0.16130150517974756,True,10000,,
whisper,pooled,I,R_minus_B,per_100_words,0.05988437708731595,0.0,0.12430665888655207,False,10000,0.9744,
whisper,test-clean,micro,B,pp,-0.028092142226502845,-0.1272624801017268,0.07213667976850367,False,10000,,
whisper,test-clean,micro,R,pp,0.2929609117906733,0.14615815018357456,0.46294647036555664,True,10000,,
whisper,test-clean,micro,T,pp,0.26486876956417044,0.11766989799484406,0.4332407255695719,True,10000,,
whisper,test-clean,micro,R_minus_B,pp,0.3210530540171761,0.11944724959416213,0.5354899160716617,True,10000,0.9989,
whisper,test-clean,micro,share_B_over_T,fraction,-0.10606060606060576,-0.7334591194968547,0.24999999999999967,False,9999,,1.0
whisper,test-clean,micro,rel_B,fraction of REF,-0.01736972704714635,-0.07781102533358569,0.04496908501277227,False,10000,,
whisper,test-clean,micro,rel_R,fraction of REF,0.18114143920595527,0.094657586168526,0.27614649403866687,True,10000,,
whisper,test-clean,micro,rel_T,fraction of REF,0.1637717121588089,0.076727621741766,0.2614564937881462,True,10000,,
whisper,test-clean,macro,B,pp,0.050013390953223755,-0.08575369072976788,0.18981190001555043,False,10000,,
whisper,test-clean,macro,R,pp,0.37293152228534443,0.15267108296792184,0.611738158064416,True,10000,,
whisper,test-clean,macro,T,pp,0.4229449132385682,0.21081726359994177,0.6604523715016741,True,10000,,
whisper,test-clean,macro,R_minus_B,pp,0.32291813133212066,0.01989383369531451,0.6333643105259076,True,10000,0.9809,
whisper,test-clean,macro,share_B_over_T,fraction,0.11825036638994398,-0.2732986018934595,0.47062920616809056,False,10000,,0.0
whisper,test-clean,macro,rel_B,fraction of REF,0.02421582556192892,-0.04304451160695849,0.09399134379162367,False,10000,,
whisper,test-clean,macro,rel_R,fraction of REF,0.18056853410825166,0.07725505640249744,0.2996092583528444,True,10000,,
whisper,test-clean,macro,rel_T,fraction of REF,0.20478435967018058,0.10880126086093372,0.32263732809192813,True,10000,,
whisper,test-clean,speaker,B,pp,-0.02579530799318476,-0.1294287169503993,0.08109521024819287,False,10000,,
whisper,test-clean,speaker,R,pp,0.33628896769164507,0.16174660618144765,0.5296106836737766,True,10000,,
whisper,test-clean,speaker,T,pp,0.3104936596984603,0.1371466735596018,0.5035812032742445,True,10000,,
whisper,test-clean,speaker,R_minus_B,pp,0.3620842756848298,0.1269877030374957,0.5980590009006214,True,10000,0.9988,
whisper,test-clean,speaker,share_B_over_T,fraction,-0.08307837273790449,-0.6332300993493858,0.252203605806481,False,9999,,1.0
whisper,test-clean,speaker,rel_B,fraction of REF,-0.01534876532566182,-0.07607084115106472,0.048841313156231005,False,10000,,
whisper,test-clean,speaker,rel_R,fraction of REF,0.20009919819805425,0.09853079444647103,0.31616691505426386,True,10000,,
whisper,test-clean,speaker,rel_T,fraction of REF,0.18475043287239243,0.08450088305596164,0.30513985939582877,True,10000,,
whisper,test-clean,cer,B,pp,0.010526315789473675,-0.032374798039510044,0.05686038230801297,False,10000,,
whisper,test-clean,cer,R,pp,0.10075187969924813,0.03435896240800777,0.17438183590433273,True,10000,,
whisper,test-clean,cer,T,pp,0.11127819548872181,0.04993459863351983,0.18108740755426186,True,10000,,
whisper,test-clean,cer,R_minus_B,pp,0.09022556390977446,-0.006732139427819031,0.18901298750313433,False,10000,0.9647,
whisper,test-clean,cer,share_B_over_T,fraction,0.09459459459459452,-0.38070502161622877,0.5428908886389194,False,9998,,2.0
whisper,test-clean,cer,rel_B,fraction of REF,0.0206489675516224,-0.06480452537153578,0.10954676277731103,False,10000,,
whisper,test-clean,cer,rel_R,fraction of REF,0.19764011799410033,0.06764348046911083,0.3384890026857479,True,10000,,
whisper,test-clean,cer,rel_T,fraction of REF,0.21828908554572274,0.10197752545539117,0.3486426051902242,True,10000,,
whisper,test-clean,S,B,per_100_words,-0.012039489525644126,-0.08183693110256221,0.05740440371638482,False,10000,,
whisper,test-clean,S,R,per_100_words,0.22875030098723823,0.12112132975792836,0.3515660040426348,True,10000,,
whisper,test-clean,S,T,per_100_words,0.2167108114615941,0.09673664963249812,0.34953304024876153,True,10000,,
whisper,test-clean,S,R_minus_B,per_100_words,0.24078979051288235,0.1007929168599579,0.3901826791456679,True,10000,0.9997,
whisper,test-clean,D,B,per_100_words,-0.016052652700858806,-0.053782035745383226,0.016559257691425897,False,10000,,
whisper,test-clean,D,R,per_100_words,0.04013163175214701,-0.00401622958390584,0.08762503578362889,False,10000,,
whisper,test-clean,D,T,per_100_words,0.02407897905128821,-0.003963578693923032,0.053505760142032247,False,10000,,
whisper,test-clean,D,R_minus_B,per_100_words,0.05618428445300582,-0.016481872989269994,0.13681758297893998,False,10000,0.926,
whisper,test-clean,I,B,per_100_words,0.0,-0.030933778927628792,0.029176696279573228,False,10000,,
whisper,test-clean,I,R,per_100_words,0.02407897905128823,-0.017064178254571405,0.0690447569867221,False,10000,,
whisper,test-clean,I,T,per_100_words,0.02407897905128823,-0.01640097098050722,0.06925552486516316,False,10000,,
whisper,test-clean,I,R_minus_B,per_100_words,0.02407897905128823,-0.03545540712871842,0.08561717162473542,False,10000,0.7756,
whisper,test-other,micro,B,pp,0.3675874371587652,0.16108413791164375,0.5898516992883577,True,10000,,
whisper,test-other,micro,R,pp,1.2162819611870914,0.7480077794213943,1.7671719643906905,True,10000,,
whisper,test-other,micro,T,pp,1.5838693983458565,1.0359497635892687,2.1975226242721706,True,10000,,
whisper,test-other,micro,R_minus_B,pp,0.8486945240283261,0.36926159180698803,1.4020694512128573,True,10000,1.0,
whisper,test-other,micro,share_B_over_T,fraction,0.23208191126279856,0.11674915397631142,0.36000297619047616,True,10000,,0.0
whisper,test-other,micro,rel_B,fraction of REF,0.09985315712187956,0.04265385419570667,0.16793893129770993,True,10000,,
whisper,test-other,micro,rel_R,fraction of REF,0.3303964757709252,0.2136168089439117,0.4689364987159105,True,10000,,
whisper,test-other,micro,rel_T,fraction of REF,0.4302496328928047,0.2909966064584154,0.5993664364037681,True,10000,,
whisper,test-other,macro,B,pp,0.7075321298968207,0.34346956980422444,1.1037763614603409,True,10000,,
whisper,test-other,macro,R,pp,1.7583457532071938,1.018371757278112,2.5785260764696276,True,10000,,
whisper,test-other,macro,T,pp,2.4658778831040147,1.6087952717325358,3.39296776059271,True,10000,,
whisper,test-other,macro,R_minus_B,pp,1.0508136233103733,0.25670260732647726,1.9277543791105523,True,10000,0.9963,
whisper,test-other,macro,share_B_over_T,fraction,0.28692910332047283,0.15632946118272487,0.4358718160823392,True,10000,,0.0
whisper,test-other,macro,rel_B,fraction of REF,0.14780047169254987,0.07027114173154339,0.23696941907547414,True,10000,,
whisper,test-other,macro,rel_R,fraction of REF,0.3673109965486854,0.22873892104875812,0.5257527263510381,True,10000,,
whisper,test-other,macro,rel_T,fraction of REF,0.5151114682412352,0.3535891036233095,0.7016808553571334,True,10000,,
whisper,test-other,speaker,B,pp,0.4196154880447951,0.18578263023367342,0.6861683087543247,True,10000,,
whisper,test-other,speaker,R,pp,1.284756991974688,0.8267522509539924,1.789039547392205,True,10000,,
whisper,test-other,speaker,T,pp,1.704372480019483,1.1690436405054205,2.2732753502197816,True,10000,,
whisper,test-other,speaker,R_minus_B,pp,0.8651415039298928,0.3523664080859405,1.4186951442537656,True,10000,0.9997,
whisper,test-other,speaker,share_B_over_T,fraction,0.24619940357168782,0.12306276459423425,0.38321732829752586,True,10000,,0.0
whisper,test-other,speaker,rel_B,fraction of REF,0.10699376980754859,0.04583932117348924,0.18265092768696786,True,10000,,
whisper,test-other,speaker,rel_R,fraction of REF,0.32758798894311536,0.22718929968802246,0.4314484727900768,True,10000,,
whisper,test-other,speaker,rel_T,fraction of REF,0.43458175875066396,0.31538040628507374,0.568532518044098,True,10000,,
whisper,test-other,cer,B,pp,0.277232297562666,0.16140975677881833,0.39855136204428365,True,10000,,
whisper,test-other,cer,R,pp,0.6069707120879585,0.3631172038191156,0.8953754284045338,True,10000,,
whisper,test-other,cer,T,pp,0.8842030096506245,0.5796485244519972,1.238503050217464,True,10000,,
whisper,test-other,cer,R_minus_B,pp,0.32973841452529246,0.09532965304412411,0.5963307160852863,True,10000,0.9981,
whisper,test-other,cer,share_B_over_T,fraction,0.31353919239904976,0.21138029907084763,0.4309772140004695,True,10000,,0.0
whisper,test-other,cer,rel_B,fraction of REF,0.18965517241379307,0.10519303759424321,0.2859460971169773,True,10000,,
whisper,test-other,cer,rel_R,fraction of REF,0.41522988505747144,0.2690019508023676,0.5891122871055616,True,10000,,
whisper,test-other,cer,rel_T,fraction of REF,0.6048850574712645,0.4156163106414997,0.8451223078599388,True,10000,,
whisper,test-other,S,B,per_100_words,0.2378506946321423,0.06191098600946042,0.4321065989847715,True,10000,,
whisper,test-other,S,R,per_100_words,0.8811287096599819,0.5286670271286793,1.3142817255609636,True,10000,,
whisper,test-other,S,T,per_100_words,1.1189794042921242,0.7044117735045148,1.6018206373775674,True,10000,,
whisper,test-other,S,R_minus_B,per_100_words,0.6432780150278397,0.2609520316274517,1.1024134192781827,True,10000,0.9998,
whisper,test-other,D,B,per_100_words,0.08108546407913945,0.016434583228476428,0.14649653571255883,True,10000,,
whisper,test-other,D,R,per_100_words,0.17838802097410672,0.07353240553238083,0.3045425408430207,True,10000,,
whisper,test-other,D,T,per_100_words,0.2594734850532462,0.14552243203354237,0.40512810302654034,True,10000,,
whisper,test-other,D,R_minus_B,per_100_words,0.09730255689496728,-0.033523740429067576,0.23713853309700625,False,10000,0.9206,
whisper,test-other,I,B,per_100_words,0.04865127844748364,-0.005341616403174767,0.11049861183684327,False,10000,,
whisper,test-other,I,R,per_100_words,0.15676523055300293,0.058908505722928814,0.27502339267590803,True,10000,,
whisper,test-other,I,T,per_100_words,0.20541650900048658,0.09156806454546261,0.3397108584102146,True,10000,,
whisper,test-other,I,R_minus_B,per_100_words,0.1081139521055193,-0.005125261724896525,0.2379488813192161,False,10000,0.9681,
wav2vec2,pooled,micro,B,pp,1.4049796162793373,0.9898874753179487,1.9228030749432747,True,10000,,
wav2vec2,pooled,micro,R,pp,2.070617500057581,1.679111733009272,2.567087421302722,True,10000,,
wav2vec2,pooled,micro,T,pp,3.4755971163369184,2.7320382456995875,4.452608987427618,True,10000,,
wav2vec2,pooled,micro,R_minus_B,pp,0.6656378837782438,0.36518797397859387,0.9535710501539101,True,10000,0.9999,
wav2vec2,pooled,micro,share_B_over_T,fraction,0.40424121935056323,0.3481568923749244,0.4501501349341851,True,10000,,0.0
wav2vec2,pooled,micro,rel_B,fraction of REF,0.2621400945423291,0.18703697829066088,0.3554824806796455,True,10000,,
wav2vec2,pooled,micro,rel_R,fraction of REF,0.38633433605500644,0.31065750058879665,0.4824403023946186,True,10000,,
wav2vec2,pooled,micro,rel_T,fraction of REF,0.6484744305973356,0.5102675441383127,0.8298903585270383,True,10000,,
wav2vec2,pooled,macro,B,pp,1.8976569450252527,1.3928590069852247,2.4439877914179036,True,10000,,
wav2vec2,pooled,macro,R,pp,2.606407803239166,2.1194376149650154,3.128819575265242,True,10000,,
wav2vec2,pooled,macro,T,pp,4.504064748264419,3.6520188883021802,5.473462471641348,True,10000,,
wav2vec2,pooled,macro,R_minus_B,pp,0.7087508582139135,0.21281174805069392,1.2033033841794167,True,10000,0.9975,
wav2vec2,pooled,macro,share_B_over_T,fraction,0.4213209736286516,0.35815945878622985,0.4767334521048498,True,10000,,0.0
wav2vec2,pooled,macro,rel_B,fraction of REF,0.2921475009607089,0.21512089592726144,0.3822365062283537,True,10000,,
wav2vec2,pooled,macro,rel_R,fraction of REF,0.4012608960734368,0.32094822903839376,0.4952609749178647,True,10000,,
wav2vec2,pooled,macro,rel_T,fraction of REF,0.6934083970341457,0.5564802899728074,0.8597569483801031,True,10000,,
wav2vec2,pooled,speaker,B,pp,1.5229949432792913,1.133067957902607,1.9485949743541047,True,10000,,
wav2vec2,pooled,speaker,R,pp,2.1574476282677195,1.787273052046704,2.5706408470513487,True,10000,,
wav2vec2,pooled,speaker,T,pp,3.680442571547011,3.004605337422057,4.46256056620482,True,10000,,
wav2vec2,pooled,speaker,R_minus_B,pp,0.6344526849884284,0.3185172000152486,0.9490650556563281,True,10000,0.9999,
wav2vec2,pooled,speaker,share_B_over_T,fraction,0.41380755538840713,0.3622840860363595,0.4583178887002297,True,10000,,0.0
wav2vec2,pooled,speaker,rel_B,fraction of REF,0.2669703068995844,0.20122431301588206,0.3456876936507629,True,10000,,
wav2vec2,pooled,speaker,rel_R,fraction of REF,0.378185402374504,0.3108530124692366,0.4626784547980158,True,10000,,
wav2vec2,pooled,speaker,rel_T,fraction of REF,0.6451557092740884,0.5255543475451642,0.7978952506843445,True,10000,,
wav2vec2,pooled,cer,B,pp,0.5932689821975489,0.41544018868905297,0.81229500336952,True,10000,,
wav2vec2,pooled,cer,R,pp,1.0949624715743536,0.8657325310701249,1.3974934160403307,True,10000,,
wav2vec2,pooled,cer,T,pp,1.6882314537719025,1.3016426039741908,2.1951878314968254,True,10000,,
wav2vec2,pooled,cer,R_minus_B,pp,0.5016934893768046,0.36249799854380266,0.6455779610606113,True,10000,1.0,
wav2vec2,pooled,cer,share_B_over_T,fraction,0.35141448222164545,0.30487015739720735,0.3890003417754006,True,10000,,0.0
wav2vec2,pooled,cer,rel_B,fraction of REF,0.32832201745877787,0.2362815062446561,0.44475807434499387,True,10000,,
wav2vec2,pooled,cer,rel_R,fraction of REF,0.6059650824442289,0.4853116079900164,0.767409153976664,True,10000,,
wav2vec2,pooled,cer,rel_T,fraction of REF,0.9342870999030068,0.7373334879666524,1.204402304218595,True,10000,,
wav2vec2,pooled,S,B,per_100_words,1.1608356173848957,0.8320800877469542,1.5752403805348798,True,10000,,
wav2vec2,pooled,S,R,per_100_words,1.789621576801713,1.4625552354136253,2.2066181723138616,True,10000,,
wav2vec2,pooled,S,T,per_100_words,2.9504571941866087,2.3406911836335067,3.7509862374882768,True,10000,,
wav2vec2,pooled,S,R_minus_B,per_100_words,0.6287859594168173,0.4074020437440849,0.8391896478313071,True,10000,1.0,
wav2vec2,pooled,D,B,per_100_words,0.22571803671372964,0.13964897276764587,0.32647962958807286,True,10000,,
wav2vec2,pooled,D,R,per_100_words,0.1335882258101666,0.046870750749817246,0.22267098340821675,True,10000,,
wav2vec2,pooled,D,T,per_100_words,0.35930626252389625,0.23263765399538794,0.5057054785303752,True,10000,,
wav2vec2,pooled,D,R_minus_B,per_100_words,-0.09212981090356304,-0.2182463019449753,0.023803545977579204,False,10000,0.06,
wav2vec2,pooled,I,B,per_100_words,0.018425962180712574,-0.03310152276253956,0.0725973554495494,False,10000,,
wav2vec2,pooled,I,R,per_100_words,0.14740769744570104,0.09240104456526389,0.2036583624715344,True,10000,,
wav2vec2,pooled,I,T,per_100_words,0.1658336596264136,0.09166890843467558,0.24410974016916265,True,10000,,
wav2vec2,pooled,I,R_minus_B,per_100_words,0.12898173526498846,0.05041312784907091,0.2012665320864305,True,10000,0.9995,
wav2vec2,test-clean,micro,B,pp,0.4093426438719003,0.196854523457624,0.6418729129936677,True,10000,,
wav2vec2,test-clean,micro,R,pp,0.9350670198250262,0.718846334584443,1.178391692443927,True,10000,,
wav2vec2,test-clean,micro,T,pp,1.3444096636969265,0.9661956173957365,1.7700538552218488,True,10000,,
wav2vec2,test-clean,micro,R_minus_B,pp,0.5257243759531259,0.31208602629819465,0.7343847497206759,True,10000,1.0,
wav2vec2,test-clean,micro,share_B_over_T,fraction,0.3044776119402987,0.19230427046263338,0.3895357754315883,True,10000,,0.0
wav2vec2,test-clean,micro,rel_B,fraction of REF,0.12393681652490902,0.058364948119325424,0.2002696883881291,True,10000,,
wav2vec2,test-clean,micro,rel_R,fraction of REF,0.2831105710814095,0.21155943293347879,0.36780413414995533,True,10000,,
wav2vec2,test-clean,micro,rel_T,fraction of REF,0.40704738760631853,0.28408633751306156,0.5536174705490107,True,10000,,
wav2vec2,test-clean,macro,B,pp,0.5928156883239561,0.3090783428231613,0.8997735872292145,True,10000,,
wav2vec2,test-clean,macro,R,pp,1.2422018280603124,0.9224417478521346,1.5992220986086412,True,10000,,
wav2vec2,test-clean,macro,T,pp,1.8350175163842686,1.3404294855456738,2.3873329064240654,True,10000,,
wav2vec2,test-clean,macro,R_minus_B,pp,0.6493861397363563,0.2961236490302548,0.9975487889749663,True,10000,1.0,
wav2vec2,test-clean,macro,share_B_over_T,fraction,0.32305723680068427,0.20818079396282568,0.42056558917373993,True,10000,,0.0
wav2vec2,test-clean,macro,rel_B,fraction of REF,0.1565834151446355,0.0801273188097526,0.24213750834432843,True,10000,,
wav2vec2,test-clean,macro,rel_R,fraction of REF,0.3281090706059386,0.24869593706448387,0.4152034642753092,True,10000,,
wav2vec2,test-clean,macro,rel_T,fraction of REF,0.4846924857505741,0.35402310154049665,0.6357211414067725,True,10000,,
wav2vec2,test-clean,speaker,B,pp,0.4752979958730037,0.2627452809745088,0.7018053756200231,True,10000,,
wav2vec2,test-clean,speaker,R,pp,0.9705733835780883,0.7387351137376305,1.2284047956348705,True,10000,,
wav2vec2,test-clean,speaker,T,pp,1.445871379451092,1.0631115151137438,1.8659859747206644,True,10000,,
wav2vec2,test-clean,speaker,R_minus_B,pp,0.4952753877050846,0.2590775830863103,0.7286219641994461,True,10000,1.0,
wav2vec2,test-clean,speaker,share_B_over_T,fraction,0.3287277157761052,0.22633375390773006,0.4101369880336031,True,10000,,0.0
wav2vec2,test-clean,speaker,rel_B,fraction of REF,0.1472926646197716,0.07881595614814028,0.22522458832517264,True,10000,,
wav2vec2,test-clean,speaker,rel_R,fraction of REF,0.3007762311592868,0.22584636934221192,0.38634587795519404,True,10000,,
wav2vec2,test-clean,speaker,rel_T,fraction of REF,0.4480688957790584,0.3234830013532533,0.5940611120362087,True,10000,,
wav2vec2,test-clean,cer,B,pp,0.13759398496240616,0.07551814211495267,0.2093785560777707,True,10000,,
wav2vec2,test-clean,cer,R,pp,0.41203007518796975,0.3002722967685027,0.539623620371514,True,10000,,
wav2vec2,test-clean,cer,T,pp,0.5496240601503759,0.39893660484574545,0.7242205865866657,True,10000,,
wav2vec2,test-clean,cer,R_minus_B,pp,0.2744360902255636,0.17658463602687446,0.382420539462221,True,10000,1.0,
wav2vec2,test-clean,cer,share_B_over_T,fraction,0.2503419972640222,0.16527867073711644,0.32694943477271027,True,10000,,0.0
wav2vec2,test-clean,cer,rel_B,fraction of REF,0.14319248826291098,0.07633988623698064,0.2237217714753466,True,10000,,
wav2vec2,test-clean,cer,rel_R,fraction of REF,0.4287949921752737,0.3168932605768623,0.5601251606647288,True,10000,,
wav2vec2,test-clean,cer,rel_T,fraction of REF,0.5719874804381847,0.4174290461417152,0.7619878486548934,True,10000,,
wav2vec2,test-clean,S,B,per_100_words,0.4133558070471145,0.2281064818228918,0.6206197940270165,True,10000,,
wav2vec2,test-clean,S,R,per_100_words,0.8588169194959469,0.6529012993068571,1.094292717543114,True,10000,,
wav2vec2,test-clean,S,T,per_100_words,1.2721727265430613,0.9215115419292914,1.6720780984051125,True,10000,,
wav2vec2,test-clean,S,R_minus_B,per_100_words,0.4454611124488323,0.25968000094343713,0.6345894435008975,True,10000,1.0,
wav2vec2,test-clean,D,B,per_100_words,0.020065815876073485,-0.020299086904015485,0.06520754062147176,False,10000,,
wav2vec2,test-clean,D,R,per_100_words,0.0040131631752147665,-0.05046231253470786,0.0574953389220716,False,10000,,
wav2vec2,test-clean,D,T,per_100_words,0.024078979051288252,-0.034819286351492965,0.08441673163859827,False,10000,,
wav2vec2,test-clean,D,R_minus_B,per_100_words,-0.01605265270085872,-0.09628778297830633,0.05854214350918013,False,10000,0.3385,
wav2vec2,test-clean,I,B,per_100_words,-0.02407897905128821,-0.0672759992193998,0.02015214623403321,False,10000,,
wav2vec2,test-clean,I,R,per_100_words,0.07223693715386467,0.028069387596351577,0.11815107840378561,True,10000,,
wav2vec2,test-clean,I,T,per_100_words,0.04815795810257646,-0.012314917131905953,0.10849655352076977,False,10000,,
wav2vec2,test-clean,I,R_minus_B,per_100_words,0.09631591620515288,0.027975166465521194,0.1586479890567172,True,10000,0.997,
wav2vec2,test-other,micro,B,pp,2.7460943834801883,1.8312312105132467,3.9182472691228027,True,10000,,
wav2vec2,test-other,micro,R,pp,3.6001946051137894,2.777937319373321,4.675821506638377,True,10000,,
wav2vec2,test-other,micro,T,pp,6.346288988593978,4.761892519245461,8.54168143788996,True,10000,,
wav2vec2,test-other,micro,R_minus_B,pp,0.8541002216336011,0.1837185504830813,1.457193126552443,True,10000,0.994,
wav2vec2,test-other,micro,share_B_over_T,fraction,0.4327086882453152,0.36808883192880515,0.4868799621075424,True,10000,,0.0
wav2vec2,test-other,micro,rel_B,fraction of REF,0.33776595744680854,0.23127071828687815,0.4767720149498394,True,10000,,
wav2vec2,test-other,micro,rel_R,fraction of REF,0.44281914893617014,0.3328860336692827,0.5863578525470678,True,10000,,
wav2vec2,test-other,micro,rel_T,fraction of REF,0.7805851063829786,0.5843143308873181,1.0523505171032257,True,10000,,
wav2vec2,test-other,macro,B,pp,3.4756661883936877,2.4324263869755858,4.680823781387804,True,10000,,
wav2vec2,test-other,macro,R,pp,4.25620974476644,3.2719767120744265,5.336971131639937,True,10000,,
wav2vec2,test-other,macro,T,pp,7.7318759331601274,6.0169773489569485,9.873497422465945,True,10000,,
wav2vec2,test-other,macro,R_minus_B,pp,0.7805435563727523,-0.2510164235507688,1.7781890492203105,False,10000,0.9319,
wav2vec2,test-other,macro,share_B_over_T,fraction,0.449524309293092,0.37660523532730683,0.5158291779442904,True,10000,,0.0
wav2vec2,test-other,macro,rel_B,fraction of REF,0.35566146059026404,0.24961188898461034,0.4880078006065162,True,10000,,
wav2vec2,test-other,macro,rel_R,fraction of REF,0.4355337055834324,0.3274146861003316,0.5763646182103123,True,10000,,
wav2vec2,test-other,macro,rel_T,fraction of REF,0.7911951661736965,0.6022066865570987,1.0421654500637427,True,10000,,
wav2vec2,test-other,speaker,B,pp,2.792930637105094,1.9871344908690105,3.749184432247935,True,10000,,
wav2vec2,test-other,speaker,R,pp,3.5960830763763636,2.861456314469362,4.462278197350922,True,10000,,
wav2vec2,test-other,speaker,T,pp,6.389013713481457,5.004346686698032,8.095619841947226,True,10000,,
wav2vec2,test-other,speaker,R_minus_B,pp,0.8031524392712694,0.13386748236154178,1.418616284654709,True,10000,0.9917,
wav2vec2,test-other,speaker,share_B_over_T,fraction,0.43714581973923944,0.3776463007685601,0.48969454329799794,True,10000,,0.0
wav2vec2,test-other,speaker,rel_B,fraction of REF,0.3207250323265138,0.23153135737738836,0.43697765964754803,True,10000,,
wav2vec2,test-other,speaker,rel_R,fraction of REF,0.41295470986529886,0.3215891855698817,0.5355234152249949,True,10000,,
wav2vec2,test-other,speaker,rel_T,fraction of REF,0.7336797421918126,0.5708495805249588,0.9567631131367219,True,10000,,
wav2vec2,test-other,cer,B,pp,1.2296932592647045,0.8210332412746145,1.7481794399232227,True,10000,,
wav2vec2,test-other,cer,R,pp,2.0487886838816713,1.5540008967945314,2.7186192280612063,True,10000,,
wav2vec2,test-other,cer,T,pp,3.278481943146376,2.421173613919135,4.44448087702518,True,10000,,
wav2vec2,test-other,cer,R_minus_B,pp,0.8190954246169668,0.5282633218516419,1.1109064002145963,True,10000,1.0,
wav2vec2,test-other,cer,share_B_over_T,fraction,0.37508007687379896,0.32555458948036015,0.4175344845664964,True,10000,,0.0
wav2vec2,test-other,cer,rel_B,fraction of REF,0.4114546732255798,0.28722550005390624,0.577683525083902,True,10000,,
wav2vec2,test-other,cer,rel_R,fraction of REF,0.6855235418130707,0.5186123136123137,0.9206718875626198,True,10000,,
wav2vec2,test-other,cer,rel_T,fraction of REF,1.0969782150386505,0.8227798235412376,1.492540910229289,True,10000,,
wav2vec2,test-other,S,B,per_100_words,2.167684739715661,1.4509807007787285,3.0958685882188504,True,10000,,
wav2vec2,test-other,S,R,per_100_words,3.043407751770365,2.386752009705028,3.9285921512233095,True,10000,,
wav2vec2,test-other,S,T,per_100_words,5.211092491486026,3.936463849753499,6.98432547214038,True,10000,,
wav2vec2,test-other,S,R_minus_B,per_100_words,0.8757230120547035,0.40392426849195984,1.293604752804338,True,10000,0.9999,
wav2vec2,test-other,D,B,per_100_words,0.5027298772906643,0.3125141472320338,0.7330423357511767,True,10000,,
wav2vec2,test-other,D,R,per_100_words,0.3081247635007297,0.11779035592522362,0.5109958030260758,True,10000,,
wav2vec2,test-other,D,T,per_100_words,0.810854640791394,0.533288084986782,1.150432273652302,True,10000,,
wav2vec2,test-other,D,R_minus_B,per_100_words,-0.19460511378993464,-0.4638753584737807,0.05684786110953175,False,10000,0.0644,
wav2vec2,test-other,I,B,per_100_words,0.0756797664738634,-0.02971055820175251,0.1898569957902252,False,10000,,
wav2vec2,test-other,I,R,per_100_words,0.24866208984269422,0.13875706983937014,0.36628005268461045,True,10000,,
wav2vec2,test-other,I,T,per_100_words,0.32434185631655765,0.17457755361318653,0.4975984582221349,True,10000,,
wav2vec2,test-other,I,R_minus_B,per_100_words,0.17298232336883085,0.011859143663004185,0.32209688361717553,True,10000,0.9817,
