set,model,scope,quantity,kind,unit,estimate,ci_lower,ci_upper,excludes_zero,n_boot_valid,n_speakers,n_utterances,n_words
confirmation,whisper,pooled,delta_bw_S,micro_error_type,pp,0.0944330561761522,0.008879482161542837,0.18332991888144193,True,10000,73,2174,43417
confirmation,whisper,pooled,delta_bw_D,micro_error_type,pp,0.02533569799847986,-0.00927345387195158,0.059322308366739504,False,10000,73,2174,43417
confirmation,whisper,pooled,delta_bw_I,micro_error_type,pp,0.0207292074533017,-0.009068891271262775,0.050288332298687385,False,10000,73,2174,43417
confirmation,whisper,pooled,delta_opus_residual_S,micro_error_type,pp,0.5067139599695971,0.3373126513929089,0.7024246304553894,True,10000,73,2174,43417
confirmation,whisper,pooled,delta_opus_residual_D,micro_error_type,pp,0.09903954672133035,0.047356867759271976,0.15864873288541279,True,10000,73,2174,43417
confirmation,whisper,pooled,delta_opus_residual_I,micro_error_type,pp,0.08061358454061773,0.03073932203282732,0.1336973529290051,True,10000,73,2174,43417
confirmation,whisper,pooled,delta_silk_residual_S,micro_error_type,pp,0.029942188543658012,-0.021291178796573343,0.08571302641224447,False,10000,73,2174,43417
confirmation,whisper,pooled,delta_silk_residual_D,micro_error_type,pp,-0.009212981090356311,-0.026516903748148152,0.006929082579444359,False,10000,73,2174,43417
confirmation,whisper,pooled,delta_silk_residual_I,micro_error_type,pp,-0.002303245272589078,-0.021313971419323067,0.015764132594731823,False,10000,73,2174,43417
confirmation,whisper,test-clean,delta_bw_S,micro_error_type,pp,-0.012039489525644112,-0.08183693110256215,0.05740440371638478,False,10000,40,1190,24918
confirmation,whisper,test-clean,delta_bw_D,micro_error_type,pp,-0.016052652700858816,-0.05378203574538326,0.016559257691425897,False,10000,40,1190,24918
confirmation,whisper,test-clean,delta_bw_I,micro_error_type,pp,0.0,-0.030933778927628792,0.029176696279573245,False,10000,40,1190,24918
confirmation,whisper,test-clean,delta_opus_residual_S,micro_error_type,pp,0.22875030098723814,0.12112132975792841,0.35156600404263477,True,10000,40,1190,24918
confirmation,whisper,test-clean,delta_opus_residual_D,micro_error_type,pp,0.04013163175214704,-0.004016229583905838,0.08762503578362889,False,10000,40,1190,24918
confirmation,whisper,test-clean,delta_opus_residual_I,micro_error_type,pp,0.024078979051288224,-0.01706417825457141,0.0690447569867221,False,10000,40,1190,24918
confirmation,whisper,test-clean,delta_silk_residual_S,micro_error_type,pp,-0.004013163175214704,-0.046858409861934125,0.039160746169984835,False,10000,40,1190,24918
confirmation,whisper,test-clean,delta_silk_residual_D,micro_error_type,pp,0.0,-0.019719160808240644,0.02007679422964822,False,10000,40,1190,24918
confirmation,whisper,test-clean,delta_silk_residual_I,micro_error_type,pp,0.0,-0.012137063944069921,0.011580384768800566,False,10000,40,1190,24918
confirmation,whisper,test-other,delta_bw_S,micro_error_type,pp,0.2378506946321423,0.06191098600946028,0.43210659898477144,True,10000,33,984,18499
confirmation,whisper,test-other,delta_bw_D,micro_error_type,pp,0.08108546407913941,0.016434583228476376,0.14649653571255886,True,10000,33,984,18499
confirmation,whisper,test-other,delta_bw_I,micro_error_type,pp,0.04865127844748365,-0.00534161640317471,0.11049861183684326,False,10000,33,984,18499
confirmation,whisper,test-other,delta_opus_residual_S,micro_error_type,pp,0.8811287096599816,0.5286670271286793,1.3142817255609638,True,10000,33,984,18499
confirmation,whisper,test-other,delta_opus_residual_D,micro_error_type,pp,0.1783880209741067,0.07353240553238082,0.30454254084302074,True,10000,33,984,18499
confirmation,whisper,test-other,delta_opus_residual_I,micro_error_type,pp,0.15676523055300287,0.058908505722928814,0.27502339267590803,True,10000,33,984,18499
confirmation,whisper,test-other,delta_silk_residual_S,micro_error_type,pp,0.07567976647386344,-0.03237273086304462,0.19817170021931,False,10000,33,984,18499
confirmation,whisper,test-other,delta_silk_residual_D,micro_error_type,pp,-0.021622790421103846,-0.053856241549704045,0.005385348626635442,False,10000,33,984,18499
confirmation,whisper,test-other,delta_silk_residual_I,micro_error_type,pp,-0.005405697605275961,-0.04756202993166517,0.03268178570894038,False,10000,33,984,18499
confirmation,wav2vec2,pooled,delta_bw_S,micro_error_type,pp,1.1608356173848953,0.8320800877469537,1.5752403805348794,True,10000,73,2174,43417
confirmation,wav2vec2,pooled,delta_bw_D,micro_error_type,pp,0.22571803671372964,0.1396489727676459,0.3264796295880728,True,10000,73,2174,43417
confirmation,wav2vec2,pooled,delta_bw_I,micro_error_type,pp,0.018425962180712623,-0.033101522762539574,0.0725973554495494,False,10000,73,2174,43417
confirmation,wav2vec2,pooled,delta_opus_residual_S,micro_error_type,pp,1.7896215768017136,1.4625552354136258,2.206618172313862,True,10000,73,2174,43417
confirmation,wav2vec2,pooled,delta_opus_residual_D,micro_error_type,pp,0.13358822581016652,0.046870750749817315,0.22267098340821675,True,10000,73,2174,43417
confirmation,wav2vec2,pooled,delta_opus_residual_I,micro_error_type,pp,0.14740769744570098,0.09240104456526393,0.20365836247153443,True,10000,73,2174,43417
confirmation,wav2vec2,pooled,delta_silk_residual_S,micro_error_type,pp,-0.07831033926802866,-0.17721165837432118,0.02000748958884475,False,10000,73,2174,43417
confirmation,wav2vec2,pooled,delta_silk_residual_D,micro_error_type,pp,-0.02533569799847986,-0.05921904884604008,0.009400773545082978,False,10000,73,2174,43417
confirmation,wav2vec2,pooled,delta_silk_residual_I,micro_error_type,pp,0.016122716908123544,-0.011460254331761852,0.04478486441561387,False,10000,73,2174,43417
confirmation,wav2vec2,test-clean,delta_bw_S,micro_error_type,pp,0.4133558070471145,0.22810648182289178,0.6206197940270163,True,10000,40,1190,24918
confirmation,wav2vec2,test-clean,delta_bw_D,micro_error_type,pp,0.02006581587607352,-0.02029908690401547,0.06520754062147179,False,10000,40,1190,24918
confirmation,wav2vec2,test-clean,delta_bw_I,micro_error_type,pp,-0.024078979051288224,-0.06727599921939982,0.020152146234033202,False,10000,40,1190,24918
confirmation,wav2vec2,test-clean,delta_opus_residual_S,micro_error_type,pp,0.8588169194959466,0.6529012993068574,1.0942927175431145,True,10000,40,1190,24918
confirmation,wav2vec2,test-clean,delta_opus_residual_D,micro_error_type,pp,0.004013163175214704,-0.050462312534707815,0.057495338922071634,False,10000,40,1190,24918
confirmation,wav2vec2,test-clean,delta_opus_residual_I,micro_error_type,pp,0.07223693715386469,0.028069387596351594,0.11815107840378561,True,10000,40,1190,24918
confirmation,wav2vec2,test-clean,delta_silk_residual_S,micro_error_type,pp,0.016052652700858816,-0.06080235094163937,0.09328926693229239,False,10000,40,1190,24918
confirmation,wav2vec2,test-clean,delta_silk_residual_D,micro_error_type,pp,0.016052652700858816,-0.004224261851533773,0.038097173296275794,False,10000,40,1190,24918
confirmation,wav2vec2,test-clean,delta_silk_residual_I,micro_error_type,pp,-0.008026326350429408,-0.031075232167115753,0.012570209861805518,False,10000,40,1190,24918
confirmation,wav2vec2,test-other,delta_bw_S,micro_error_type,pp,2.1676847397156602,1.4509807007787279,3.0958685882188504,True,10000,33,984,18499
confirmation,wav2vec2,test-other,delta_bw_D,micro_error_type,pp,0.5027298772906643,0.3125141472320338,0.7330423357511765,True,10000,33,984,18499
confirmation,wav2vec2,test-other,delta_bw_I,micro_error_type,pp,0.07567976647386344,-0.029710558201752488,0.18985699579022516,False,10000,33,984,18499
confirmation,wav2vec2,test-other,delta_opus_residual_S,micro_error_type,pp,3.0434077517703657,2.3867520097050283,3.928592151223311,True,10000,33,984,18499
confirmation,wav2vec2,test-other,delta_opus_residual_D,micro_error_type,pp,0.30812476350072976,0.11779035592522374,0.5109958030260758,True,10000,33,984,18499
confirmation,wav2vec2,test-other,delta_opus_residual_I,micro_error_type,pp,0.2486620898426942,0.1387570698393702,0.3662800526846105,True,10000,33,984,18499
confirmation,wav2vec2,test-other,delta_silk_residual_S,micro_error_type,pp,-0.20541650900048652,-0.42779496224231756,-0.005260361602931963,True,10000,33,984,18499
confirmation,wav2vec2,test-other,delta_silk_residual_D,micro_error_type,pp,-0.08108546407913941,-0.15462230513322145,-0.005582670499009315,True,10000,33,984,18499
confirmation,wav2vec2,test-other,delta_silk_residual_I,micro_error_type,pp,0.04865127844748365,-0.00599269789813637,0.10794109287519085,False,10000,33,984,18499
pilot,whisper,pooled,delta_bw_S,micro_error_type,pp,0.17319016279875304,-0.18809013394558408,0.5511582431371367,False,10000,69,138,2887
pilot,whisper,pooled,delta_bw_D,micro_error_type,pp,0.0,-0.1387022770947879,0.13527911129212591,False,10000,69,138,2887
pilot,whisper,pooled,delta_bw_I,micro_error_type,pp,0.034638032559750606,0.0,0.10783608914450035,False,10000,69,138,2887
pilot,whisper,pooled,delta_opus_residual_S,micro_error_type,pp,0.20782819535850364,0.0,0.41914442269657476,False,10000,69,138,2887
pilot,whisper,pooled,delta_opus_residual_D,micro_error_type,pp,0.13855213023900242,0.03232062055591467,0.29101491451436884,True,10000,69,138,2887
pilot,whisper,pooled,delta_opus_residual_I,micro_error_type,pp,0.0,-0.1034857460400507,0.10320361958124315,False,10000,69,138,2887
pilot,whisper,pooled,delta_silk_residual_S,micro_error_type,pp,0.10391409767925182,-0.1114847931185021,0.3467436447720941,False,10000,69,138,2887
pilot,whisper,pooled,delta_silk_residual_D,micro_error_type,pp,-0.034638032559750606,-0.15389528275532638,0.07331445510142412,False,10000,69,138,2887
pilot,whisper,pooled,delta_silk_residual_I,micro_error_type,pp,0.0,0.0,0.0,False,10000,69,138,2887
pilot,whisper,dev-clean,delta_bw_S,micro_error_type,pp,0.11641443538998836,-0.29378067325637647,0.5025298036385033,False,10000,36,72,1718
pilot,whisper,dev-clean,delta_bw_D,micro_error_type,pp,-0.11641443538998836,-0.3115313352133684,0.0,False,10000,36,72,1718
pilot,whisper,dev-clean,delta_bw_I,micro_error_type,pp,0.0,0.0,0.0,False,10000,36,72,1718
pilot,whisper,dev-clean,delta_opus_residual_S,micro_error_type,pp,0.05820721769499418,0.0,0.1864541107390332,False,10000,36,72,1718
pilot,whisper,dev-clean,delta_opus_residual_D,micro_error_type,pp,0.17462165308498254,0.0,0.39473684210526316,False,10000,36,72,1718
pilot,whisper,dev-clean,delta_opus_residual_I,micro_error_type,pp,-0.05820721769499418,-0.1977587343441002,0.0,False,10000,36,72,1718
pilot,whisper,dev-clean,delta_silk_residual_S,micro_error_type,pp,0.05820721769499418,0.0,0.1977587343441002,False,10000,36,72,1718
pilot,whisper,dev-clean,delta_silk_residual_D,micro_error_type,pp,0.05820721769499418,0.0,0.19789244755610122,False,10000,36,72,1718
pilot,whisper,dev-clean,delta_silk_residual_I,micro_error_type,pp,0.0,0.0,0.0,False,10000,36,72,1718
pilot,whisper,dev-other,delta_bw_S,micro_error_type,pp,0.2566295979469632,-0.3955774502139771,1.0338439326239224,False,10000,33,66,1169
pilot,whisper,dev-other,delta_bw_D,micro_error_type,pp,0.1710863986313088,0.0,0.4576921462011627,False,10000,33,66,1169
pilot,whisper,dev-other,delta_bw_I,micro_error_type,pp,0.0855431993156544,0.0,0.2654867256637168,False,10000,33,66,1169
pilot,whisper,dev-other,delta_opus_residual_S,micro_error_type,pp,0.42771599657827203,0.0,0.9302423956242867,False,10000,33,66,1169
pilot,whisper,dev-other,delta_opus_residual_D,micro_error_type,pp,0.0855431993156544,0.0,0.2976338398182332,False,10000,33,66,1169
pilot,whisper,dev-other,delta_opus_residual_I,micro_error_type,pp,0.0855431993156544,0.0,0.29881222865268725,False,10000,33,66,1169
pilot,whisper,dev-other,delta_silk_residual_S,micro_error_type,pp,0.1710863986313088,-0.3669893416082028,0.7319472232555487,False,10000,33,66,1169
pilot,whisper,dev-other,delta_silk_residual_D,micro_error_type,pp,-0.1710863986313088,-0.45769214620116283,0.0,False,10000,33,66,1169
pilot,whisper,dev-other,delta_silk_residual_I,micro_error_type,pp,0.0,0.0,0.0,False,10000,33,66,1169
pilot,wav2vec2,pooled,delta_bw_S,micro_error_type,pp,1.662625562868029,0.8818689514031012,2.6387936943111723,True,10000,69,138,2887
pilot,wav2vec2,pooled,delta_bw_D,micro_error_type,pp,0.31174229303775547,0.10023387905111927,0.5510676077320505,True,10000,69,138,2887
pilot,wav2vec2,pooled,delta_bw_I,micro_error_type,pp,0.06927606511950121,-0.06729588391768741,0.20805160656495597,False,10000,69,138,2887
pilot,wav2vec2,pooled,delta_opus_residual_S,micro_error_type,pp,1.3855213023900244,0.6462960907618455,2.1162391748304574,True,10000,69,138,2887
pilot,wav2vec2,pooled,delta_opus_residual_D,micro_error_type,pp,0.034638032559750606,-0.20891364902506965,0.2806131531933099,False,10000,69,138,2887
pilot,wav2vec2,pooled,delta_opus_residual_I,micro_error_type,pp,0.06927606511950121,-0.1105379513633014,0.2580657055856884,False,10000,69,138,2887
pilot,wav2vec2,pooled,delta_silk_residual_S,micro_error_type,pp,-0.48493245583650846,-0.8768881978600648,-0.10423724519342138,True,10000,69,138,2887
pilot,wav2vec2,pooled,delta_silk_residual_D,micro_error_type,pp,0.034638032559750606,-0.07032410643656563,0.16474634279783515,False,10000,69,138,2887
pilot,wav2vec2,pooled,delta_silk_residual_I,micro_error_type,pp,0.034638032559750606,-0.07382798080472498,0.15630220531127548,False,10000,69,138,2887
pilot,wav2vec2,dev-clean,delta_bw_S,micro_error_type,pp,0.6984866123399301,0.15350973145710128,1.374383408805896,True,10000,36,72,1718
pilot,wav2vec2,dev-clean,delta_bw_D,micro_error_type,pp,0.23282887077997672,0.0,0.5390835579514826,False,10000,36,72,1718
pilot,wav2vec2,dev-clean,delta_bw_I,micro_error_type,pp,0.05820721769499418,0.0,0.20053811278235828,False,10000,36,72,1718
pilot,wav2vec2,dev-clean,delta_opus_residual_S,micro_error_type,pp,0.11641443538998836,-0.7624745294838433,0.9243848618584123,False,10000,36,72,1718
pilot,wav2vec2,dev-clean,delta_opus_residual_D,micro_error_type,pp,-0.05820721769499418,-0.2677376171352075,0.12399256044637322,False,10000,36,72,1718
pilot,wav2vec2,dev-clean,delta_opus_residual_I,micro_error_type,pp,-0.05820721769499418,-0.2726839407498108,0.12262603769752453,False,10000,36,72,1718
pilot,wav2vec2,dev-clean,delta_silk_residual_S,micro_error_type,pp,-0.3492433061699651,-0.7304116865869853,-0.05143834769540987,True,10000,36,72,1718
pilot,wav2vec2,dev-clean,delta_silk_residual_D,micro_error_type,pp,0.0,0.0,0.0,False,10000,36,72,1718
pilot,wav2vec2,dev-clean,delta_silk_residual_I,micro_error_type,pp,-0.05820721769499418,-0.18773760719998303,0.0,False,10000,36,72,1718
pilot,wav2vec2,dev-other,delta_bw_S,micro_error_type,pp,3.0795551753635584,1.430753968535362,5.114103812072818,True,10000,33,66,1169
pilot,wav2vec2,dev-other,delta_bw_D,micro_error_type,pp,0.42771599657827203,0.0,0.8430148546326798,False,10000,33,66,1169
pilot,wav2vec2,dev-other,delta_bw_I,micro_error_type,pp,0.0855431993156544,-0.1951219512195122,0.3477293932569446,False,10000,33,66,1169
pilot,wav2vec2,dev-other,delta_opus_residual_S,micro_error_type,pp,3.2506415739948675,1.954103091625298,4.700004051863857,True,10000,33,66,1169
pilot,wav2vec2,dev-other,delta_opus_residual_D,micro_error_type,pp,0.1710863986313088,-0.36598200531169506,0.7329970941768326,False,10000,33,66,1169
pilot,wav2vec2,dev-other,delta_opus_residual_I,micro_error_type,pp,0.2566295979469632,-0.08598822582305551,0.6446674327961969,False,10000,33,66,1169
pilot,wav2vec2,dev-other,delta_silk_residual_S,micro_error_type,pp,-0.6843455945252352,-1.4297077860263965,0.17183611802346227,False,10000,33,66,1169
pilot,wav2vec2,dev-other,delta_silk_residual_D,micro_error_type,pp,0.0855431993156544,-0.176223128531623,0.4149485313443896,False,10000,33,66,1169
pilot,wav2vec2,dev-other,delta_silk_residual_I,micro_error_type,pp,0.1710863986313088,0.0,0.4444543297746143,False,10000,33,66,1169
