set,condition,vs_ref_alignment_lag_samples,vs_ref_alignment_lag_ms,vs_ref_spectral_distortion,vs_ref_lsd_db,vs_ref_lsd_0_3k_db,vs_ref_lsd_0_4k_db,vs_ref_lsd_4_8k_db,vs_ref_retained_bandwidth_hz,vs_ref_hf_power_change_db,vs_ref_coherence_0_3500,vs_lp_alignment_lag_samples,vs_lp_alignment_lag_ms,vs_lp_spectral_distortion,vs_lp_lsd_db,vs_lp_lsd_0_3k_db,vs_lp_lsd_0_4k_db,vs_lp_lsd_4_8k_db,vs_lp_retained_bandwidth_hz,vs_lp_hf_power_change_db,vs_lp_coherence_0_3500,vs_lp_envelope_decorrelation
pilot,LP,0.0,0.0,116.88536834716797,8.557592868804932,0.030140695162117398,1.3597838282585144,11.956224918365479,4093.75,-24.29943330372751,0.9999731774985207,,,,,,,,,,,
pilot,OPUS,2.0,0.125,120.11100006103516,9.585373878479004,5.938302040100098,6.264498949050903,11.159088611602783,4625.0,-16.186842026730016,0.6198174062502508,2.0,0.125,29.66539764404297,5.153715372085571,5.937788248062134,6.020028829574585,3.190515875816345,8000.0,8.396311124491529,0.6197679293962177,0.0085222005239426
pilot,SILK,2.0,0.125,101.26377487182617,8.100212574005127,1.292499840259552,2.0526177883148193,11.123440265655518,4687.5,-15.325642653129965,0.9931281895878727,2.0,0.125,12.393914222717285,2.8214370012283325,1.2912724018096924,1.4852260947227478,3.3859928846359253,8000.0,9.20166282318068,0.9931370994775923,0.00024269867851365
pilot,NEG_LP,0.0,0.0,18.33358669281006,3.044374942779541,2.4918825147324242e-05,3.2167516110348515e-05,4.297043323516846,7156.25,-0.3842952879253737,0.99999999999913,,,,,,,,,,,
pilot,NEG_CODEC,0.0,0.0,2.574523091316223,1.439433515071869,1.2398943901062012,1.230982482433319,1.4699166417121887,8000.0,-0.2784752496312368,0.9949029287817793,,,,,,,,,,,
confirmation,LP,0.0,0.0,148.34986114501953,9.707319259643555,0.03113089129328725,1.4216533303260803,13.597516536712646,4093.75,-25.405512623441968,0.9999732867735505,,,,,,,,,,,
confirmation,OPUS,2.0,0.125,148.9417724609375,10.415644645690918,6.138346433639526,6.456445693969727,12.600305080413818,4625.0,-17.197543037161076,0.6228335801037637,2.0,0.125,31.297554969787598,5.30382513999939,6.137549877166748,6.231595754623413,3.385595917701721,8000.0,8.178268493072146,0.6228493807737991,0.0092931558991386
confirmation,SILK,2.0,0.125,129.20653533935547,9.154104232788086,1.3676533102989197,2.161171793937683,12.520695686340332,4656.25,-16.321575911889724,0.9928894096192715,2.0,0.125,13.615456581115723,3.0036003589630127,1.3667981624603271,1.5749265551567078,3.575391411781311,8000.0,9.000652833658194,0.9928901652727387,0.00027234299727965
confirmation,NEG_LP,0.0,0.0,23.714923858642578,3.4848984479904175,2.8344737984298263e-05,3.586653656384442e-05,4.918821334838867,7156.25,-0.48353549622383263,0.9999999999992681,,,,,,,,,,,
confirmation,NEG_CODEC,0.0,0.0,2.924832344055176,1.566837728023529,1.291607141494751,1.3010825514793396,1.6395694017410278,8000.0,-0.35715966679148436,0.9952748899574145,,,,,,,,,,,
