set,codec,model,feature,spearman,ci_lower,ci_upper,excludes_zero,n
confirmation,OPUS,whisper,ref_hf_energy_fraction_4_8k,-0.00931622678792797,-0.06443142442637283,0.04467682717896919,False,2174
confirmation,OPUS,whisper,ref_fricative_frame_fraction,0.0038472470871254464,-0.04505551421402468,0.057238168046738445,False,2174
confirmation,OPUS,whisper,ref_voiced_frame_fraction,0.02253954292606169,-0.032150307122619765,0.07730217985974255,False,2174
confirmation,OPUS,whisper,ref_spectral_flatness,0.01522550805363095,-0.048505507004594585,0.07636285750480237,False,2174
confirmation,OPUS,whisper,ref_spectral_flux_db,-0.051815668684747566,-0.11376578924051493,0.01143433149357627,False,2174
confirmation,OPUS,whisper,vs_lp_lsd_0_3k_db,0.030341268311992187,-0.02812404245904594,0.09462742218737329,False,2174
confirmation,OPUS,whisper,vs_lp_lsd_0_4k_db,0.030887040739095657,-0.029206245996416472,0.09714114068619124,False,2174
confirmation,OPUS,whisper,vs_lp_coherence_0_3500,-0.05565344080123882,-0.12050845065327237,0.004246769810144188,False,2174
confirmation,OPUS,whisper,vs_lp_envelope_decorrelation,-0.005977002080878392,-0.05902218278572965,0.04187940859435052,False,2174
confirmation,OPUS,wav2vec2,ref_hf_energy_fraction_4_8k,-0.010094142192936086,-0.06601183317066886,0.04959299915905719,False,2174
confirmation,OPUS,wav2vec2,ref_fricative_frame_fraction,0.034304701341077874,-0.02187977490923167,0.08751950595629936,False,2174
confirmation,OPUS,wav2vec2,ref_voiced_frame_fraction,0.03713157430796134,-0.033740566166809344,0.10769747700854161,False,2174
confirmation,OPUS,wav2vec2,ref_spectral_flatness,-0.003009302380504406,-0.06667111672782355,0.05574808268090347,False,2174
confirmation,OPUS,wav2vec2,ref_spectral_flux_db,-0.03415732589872774,-0.10696570513730634,0.036763235399340864,False,2174
confirmation,OPUS,wav2vec2,vs_lp_lsd_0_3k_db,0.04066928096116685,-0.0202088484140336,0.10302491403150381,False,2174
confirmation,OPUS,wav2vec2,vs_lp_lsd_0_4k_db,0.028714973803245815,-0.033074338595904494,0.09317899201023983,False,2174
confirmation,OPUS,wav2vec2,vs_lp_coherence_0_3500,-0.0898635097707426,-0.16136589695512568,-0.018087185367433086,True,2174
confirmation,OPUS,wav2vec2,vs_lp_envelope_decorrelation,-0.004971440478465757,-0.05958738718534689,0.04648100273183309,False,2174
confirmation,SILK,whisper,ref_hf_energy_fraction_4_8k,0.03040113575138664,-0.013753760162076129,0.07156107256608495,False,2174
confirmation,SILK,whisper,ref_fricative_frame_fraction,0.007831661506531539,-0.04254045587272678,0.05539030122823084,False,2174
confirmation,SILK,whisper,ref_voiced_frame_fraction,-0.006197836322524528,-0.04960879080216799,0.039038595606504974,False,2174
confirmation,SILK,whisper,ref_spectral_flatness,0.028967328429280223,-0.016046394158609117,0.07158774477735066,False,2174
confirmation,SILK,whisper,ref_spectral_flux_db,-0.00922084313020347,-0.05301837244783551,0.035674727209557146,False,2174
confirmation,SILK,whisper,vs_lp_lsd_0_3k_db,0.05646051708760662,0.0065446713978588615,0.09978492866459021,True,2174
confirmation,SILK,whisper,vs_lp_lsd_0_4k_db,0.06458125406271038,0.014385991405014854,0.1072154321486062,True,2174
confirmation,SILK,whisper,vs_lp_coherence_0_3500,-0.047018032139325955,-0.08817598552832917,-0.0033934524421914435,True,2174
confirmation,SILK,whisper,vs_lp_envelope_decorrelation,0.02092222120911479,-0.026536972745537547,0.06707752905429658,False,2174
confirmation,SILK,wav2vec2,ref_hf_energy_fraction_4_8k,-0.0038773112447048805,-0.04349799925961064,0.03778737500066055,False,2174
confirmation,SILK,wav2vec2,ref_fricative_frame_fraction,-0.0033374472625459254,-0.04658562538005115,0.04074091021870075,False,2174
confirmation,SILK,wav2vec2,ref_voiced_frame_fraction,0.0011170890445446504,-0.04417654002223291,0.045568338487707714,False,2174
confirmation,SILK,wav2vec2,ref_spectral_flatness,-0.022255947367560237,-0.05741541274065781,0.01476236380761458,False,2174
confirmation,SILK,wav2vec2,ref_spectral_flux_db,0.022732443205002756,-0.02023248034049647,0.06546686782539668,False,2174
confirmation,SILK,wav2vec2,vs_lp_lsd_0_3k_db,-0.006092205811046658,-0.046095603265715435,0.035182793646890274,False,2174
confirmation,SILK,wav2vec2,vs_lp_lsd_0_4k_db,-0.003525583794567753,-0.04407389605476574,0.037573824649893006,False,2174
confirmation,SILK,wav2vec2,vs_lp_coherence_0_3500,0.0014185618392409621,-0.043370180055002684,0.04371221275900711,False,2174
confirmation,SILK,wav2vec2,vs_lp_envelope_decorrelation,0.040622662495188984,-0.0009133771234420233,0.08295683128886132,False,2174
