reference,processed,h1_level_db,coherent_bandwidth_hz,coherent_hf_power_db,total_hf_power_db,image_coherence_4100_4900,mean_coherence_0_3500,set
REF,LP,2.617377203838906e-07,4093.75,-24.53330875377069,-24.361151080131386,1.9188275873456474e-05,0.9999731365138188,sweep
REF,SILK8,-1.825150220055519,4000.0,-33.796269423568745,-16.537916422220437,0.24499294801532115,0.6570642822281437,sweep
REF,SILK12,-0.8690333492013806,4031.25,-30.40800445504828,-17.619994601805114,0.5475230150670954,0.8375320645802277,sweep
REF,SILK16,-0.5093724364119544,4062.5,-28.704355404657026,-17.515821914568455,0.7302257067657355,0.913208433907634,sweep
REF,SILK24,-0.23495857938883574,4093.75,-26.658526525827714,-16.6884945786682,0.8916056341625521,0.9683416920133383,sweep
REF,SILK40,-0.07643722585756829,4093.75,-24.9698990397569,-15.598797576048838,0.9696822539915892,0.992286276504285,sweep
LP,SILK8,-1.826626284336086,8000.0,-9.23592186432329,7.823668918581417,0.24392332725402927,0.6566670116797636,sweep
LP,SILK12,-0.8690920997538314,8000.0,-5.858741610942253,6.741587787406933,0.5462094986691851,0.8375255395735792,sweep
LP,SILK16,-0.5093727332912241,8000.0,-4.158346704571107,6.845760480138098,0.7285020666982512,0.913222288620593,sweep
LP,SILK24,-0.23511192431440753,8000.0,-2.124761196781252,7.673087891011322,0.8891934096532665,0.9683035540089927,sweep
LP,SILK40,-0.0765919304286415,8000.0,-0.44579285140423885,8.762784882710656,0.9669538933190931,0.9922392147364147,sweep
