utterance,subset,speaker_id,lp_waveform_identical,opus_waveform_identical,opus_ogg_identical,gain,gain_db,frozen_gain_db,gain_reproduction_error_db,level_error_db,length_equals_ref,nonfinite,samples_at_or_above_full_scale,gates_pass,lp_metrics_mismatched,opus_metrics_mismatched,transform_exact,gain_equals_rms_ratio,opus_peak,level_matched_peak,peak_scaled_not_limited,opus_samples_at_or_above_full_scale,lengths_equal_ref,lag_opus,lag_level_matched,lag_opus_to_level_matched,codec_calls,codec_calls_expected,w2v_conv_has_bias,w2v_groupnorm_groups_equal_channels,w2v_conv_linearity_rel_error,w2v_conv_min_channel_variance,w2v_groupnorm_max_abs_diff,w2v_groupnorm_max_abs_diff_eps0,w2v_emissions_max_abs,w2v_emissions_max_abs_diff,w2v_frames,w2v_frames_argmax_changed,w2v_hypothesis_opus,w2v_hypothesis_level_matched,w2v_hypotheses_identical,w2v_opus_hypothesis_equals_stage3,whisper_expected_offset,whisper_median_offset,whisper_max_abs_deviation_speech,whisper_max_abs_deviation_padding,whisper_share_bins_within_1e-4
777-126732-0023,dev-clean,777,True,True,True,1.0968458704181707,0.8029120896942533,0.8029120896942494,3.885780586188048e-15,2.5560140670677356e-09,True,0,0,True,,,True,True,0.1755281686782837,0.19252735376358032,True,0,True,2,2,0,"{""decode"": [{""decoded_rate"": 48000}], ""encode"": [{""application"": ""audio"", ""bandwidth"": ""NB"", ""bitrate_bps"": 8000, ""channels"": 1, ""complexity"": 10, ""dtx"": false, ""expert_frame_duration"": ""arg"", ""force_channels"": ""auto"", ""frame_ms"": 20.0, ""inband_fec"": false, ""lsb_depth"": 24, ""max_bandwidth"": ""FB"", ""packet_loss_perc"": 0, ""prediction_disabled"": false, ""sample_rate"": 16000, ""signal"": ""auto"", ""vbr"": true, ""vbr_constraint"": false}], ""resample"": [{""keyword_arguments"": [], ""new_freq"": 16000, ""orig_freq"": 48000}]}",True,False,True,3.2337566190814085e-08,2.256491423995638e-09,1.7125199446568615,0.00020529578335448662,17.302881240844727,1.4824440479278564,350,1,THE FAMOUS TERRORIST HAD NEVER IN HIS LIFE RAISED PERSONALLY AS MUCH AS HIS LITTLE FINGERE AGAINST THE SOCIAL EDIFICE,THE FAMOUS TERRORIST HAD NEVER IN HIS LIFE RAISED PERSONALLY AS MUCH AS HIS LITTLE FINGERE AGAINST THE SOCIAL EDIFICE,True,True,0.020072802242356334,0.0200728178024292,1.9415554123911744e-05,1.556007286560024e-08,1.0
777-126732-0026,dev-clean,777,True,True,True,1.0792928409066824,0.6627859267395025,0.6627859267395024,1.1102230246251565e-16,-2.1840591557520384e-09,True,0,0,True,,,True,True,0.14639566838741302,0.1580037921667099,True,0,True,2,2,0,"{""decode"": [{""decoded_rate"": 48000}], ""encode"": [{""application"": ""audio"", ""bandwidth"": ""NB"", ""bitrate_bps"": 8000, ""channels"": 1, ""complexity"": 10, ""dtx"": false, ""expert_frame_duration"": ""arg"", ""force_channels"": ""auto"", ""frame_ms"": 20.0, ""inband_fec"": false, ""lsb_depth"": 24, ""max_bandwidth"": ""FB"", ""packet_loss_perc"": 0, ""prediction_disabled"": false, ""sample_rate"": 16000, ""signal"": ""auto"", ""vbr"": true, ""vbr_constraint"": false}], ""resample"": [{""keyword_arguments"": [], ""new_freq"": 16000, ""orig_freq"": 48000}]}",True,False,True,2.464816861895772e-08,1.764904930826479e-09,1.279576846420106,0.00021747935663363194,18.220165252685547,0.4519319534301758,98,0,HE HAD BEEN A PRISONER HIMSELF,HE HAD BEEN A PRISONER HIMSELF,True,True,0.016569648168487563,0.01656973361968994,1.2789152069106469e-05,8.545120237790638e-08,1.0
777-126732-0034,dev-clean,777,True,True,True,1.0991680260880858,0.8212817324558861,0.821281732455887,-8.881784197001252e-16,-1.7838530652625195e-09,True,0,0,True,,,True,True,0.18414387106895447,0.20240505039691925,True,0,True,2,2,0,"{""decode"": [{""decoded_rate"": 48000}], ""encode"": [{""application"": ""audio"", ""bandwidth"": ""NB"", ""bitrate_bps"": 8000, ""channels"": 1, ""complexity"": 10, ""dtx"": false, ""expert_frame_duration"": ""arg"", ""force_channels"": ""auto"", ""frame_ms"": 20.0, ""inband_fec"": false, ""lsb_depth"": 24, ""max_bandwidth"": ""FB"", ""packet_loss_perc"": 0, ""prediction_disabled"": false, ""sample_rate"": 16000, ""signal"": ""auto"", ""vbr"": true, ""vbr_constraint"": false}], ""resample"": [{""keyword_arguments"": [], ""new_freq"": 16000, ""orig_freq"": 48000}]}",True,False,True,2.524027018325472e-08,1.5551858049790631e-09,2.4410360462048004,0.00033392506447427195,16.744848251342773,0.3354063034057617,173,3,I DON'T SAY THAT PROTESTED MICHALLUS GENTLY,I DON'T SAY THAT PROTESTED MICHALLUS GENTLY,True,True,0.02053204331139715,0.02053213119506836,1.4273789127751402e-05,8.788367120843299e-08,1.0
777-126732-0052,dev-clean,777,True,True,True,1.117391164091452,0.9641046560100781,0.9641046560100861,-7.993605777301127e-15,1.3462653214446618e-10,True,0,0,True,,,True,True,0.2418467402458191,0.27023741602897644,True,0,True,2,2,0,"{""decode"": [{""decoded_rate"": 48000}], ""encode"": [{""application"": ""audio"", ""bandwidth"": ""NB"", ""bitrate_bps"": 8000, ""channels"": 1, ""complexity"": 10, ""dtx"": false, ""expert_frame_duration"": ""arg"", ""force_channels"": ""auto"", ""frame_ms"": 20.0, ""inband_fec"": false, ""lsb_depth"": 24, ""max_bandwidth"": ""FB"", ""packet_loss_perc"": 0, ""prediction_disabled"": false, ""sample_rate"": 16000, ""signal"": ""auto"", ""vbr"": true, ""vbr_constraint"": false}], ""resample"": [{""keyword_arguments"": [], ""new_freq"": 16000, ""orig_freq"": 48000}]}",True,False,True,2.3139179628448062e-08,2.8087355488171385e-09,1.9938141393860747,0.00021333290929881343,17.781469345092773,0.8028299808502197,247,0,MISTER VERLOCK PERCEIVED WITH SOME SURPRISE THAT HE DID NOT KNOW REALLY WHAT TO SAY TO STEVIE,MISTER VERLOCK PERCEIVED WITH SOME SURPRISE THAT HE DID NOT KNOW REALLY WHAT TO SAY TO STEVIE,True,True,0.024102616400251953,0.02410256862640381,1.4591307173340146e-05,4.77738481448331e-08,1.0
777-126732-0076,dev-clean,777,True,True,True,1.0929452633599794,0.7719682451061067,0.771968245106109,-2.220446049250313e-15,-1.7679155916994205e-09,True,0,0,True,,,True,True,0.1950538456439972,0.2131831794977188,True,0,True,2,2,0,"{""decode"": [{""decoded_rate"": 48000}], ""encode"": [{""application"": ""audio"", ""bandwidth"": ""NB"", ""bitrate_bps"": 8000, ""channels"": 1, ""complexity"": 10, ""dtx"": false, ""expert_frame_duration"": ""arg"", ""force_channels"": ""auto"", ""frame_ms"": 20.0, ""inband_fec"": false, ""lsb_depth"": 24, ""max_bandwidth"": ""FB"", ""packet_loss_perc"": 0, ""prediction_disabled"": false, ""sample_rate"": 16000, ""signal"": ""auto"", ""vbr"": true, ""vbr_constraint"": false}], ""resample"": [{""keyword_arguments"": [], ""new_freq"": 16000, ""orig_freq"": 48000}]}",True,False,True,2.5830995172715947e-08,1.893322851218607e-09,2.7722517636596464,0.0003004061299294314,18.53885841369629,0.6280417442321777,212,0,I WISH HE HAD NEVER BEEN TO SCHOOL MISSUS VERLOC BEGAN AGAIN BRUSQUELY,I WISH HE HAD NEVER BEEN TO SCHOOL MISSUS VERLOC BEGAN AGAIN BRUSQUELY,True,True,0.01929920612765267,0.01929926872253418,1.400410128548149e-05,6.259488151069692e-08,1.0
1993-147149-0006,dev-clean,1993,True,True,True,1.1526193580626216,1.2337181842955804,1.23371818429559,-9.547918011776346e-15,-8.012861485440226e-10,True,0,0,True,,,True,True,0.03903789073228836,0.044995829463005066,True,0,True,2,2,0,"{""decode"": [{""decoded_rate"": 48000}], ""encode"": [{""application"": ""audio"", ""bandwidth"": ""NB"", ""bitrate_bps"": 8000, ""channels"": 1, ""complexity"": 10, ""dtx"": false, ""expert_frame_duration"": ""arg"", ""force_channels"": ""auto"", ""frame_ms"": 20.0, ""inband_fec"": false, ""lsb_depth"": 24, ""max_bandwidth"": ""FB"", ""packet_loss_perc"": 0, ""prediction_disabled"": false, ""sample_rate"": 16000, ""signal"": ""auto"", ""vbr"": true, ""vbr_constraint"": false}], ""resample"": [{""keyword_arguments"": [], ""new_freq"": 16000, ""orig_freq"": 48000}]}",True,False,True,3.015495297401189e-08,2.2256630484659669e-10,3.237803314207458,0.0002046469880903068,18.296743392944336,11.726083755493164,1393,14,SHE OPENED THE DOOR SOFTLY THERE SAT MISSUS WILSON IN THE OLD ROCKING CHAIR WITH ONE SICK DEATH LIKE BOY LYING ON HER KNEE CRYING WITHOUT LET OR PAUSE BUT SOFTLY GENTLY AS FEARING TO DISTURB THE TROUBLE GASPING CHILD WHILE BEHIND HER OLD ALICE LET HER FAST DROPPING TEARS FALL DOWN ON THE DEAD BODY OF THE OTHER TWIN BUT SHE WAS LYING OUT ON A BOARD PLACED ON A SORT OF SOFA SETEE IN THE CORNER OF THE ROOM,SHE OPENED THE DOOR SOFTLY THERE SAT MISSUS WILSON IN THE OLD ROCKING CHAIR WITH ONE SICK DEATH LIKE BOY LYING ON HER KNEE CRYING WITHOUT LET OR PAUSE BUT SOFTLY GENTLY AS FEARING TO DISTURB THE TROUBLE GASPING CHILD WHILE BEHIND HER OLD ALICE LET HER FAST DROPPING TEARS FALL DOWN ON THE DEAD BODY OF THE OTHER TWIN BUT SHE WAS LYING OUT ON A BOARD PLACED ON A SORT OF SOFA SETEE IN THE CORNER OF THE ROOM,True,True,0.030842954607389513,0.030843019485473633,4.4172315217909375e-05,6.487808412031226e-08,1.0
1993-147149-0014,dev-clean,1993,True,True,True,1.1936904515721742,1.537834398455287,1.5378343984552885,-1.5543122344752192e-15,5.454062090848311e-09,True,0,0,True,,,True,True,0.034030310809612274,0.04062165692448616,True,0,True,2,2,0,"{""decode"": [{""decoded_rate"": 48000}], ""encode"": [{""application"": ""audio"", ""bandwidth"": ""NB"", ""bitrate_bps"": 8000, ""channels"": 1, ""complexity"": 10, ""dtx"": false, ""expert_frame_duration"": ""arg"", ""force_channels"": ""auto"", ""frame_ms"": 20.0, ""inband_fec"": false, ""lsb_depth"": 24, ""max_bandwidth"": ""FB"", ""packet_loss_perc"": 0, ""prediction_disabled"": false, ""sample_rate"": 16000, ""signal"": ""auto"", ""vbr"": true, ""vbr_constraint"": false}], ""resample"": [{""keyword_arguments"": [], ""new_freq"": 16000, ""orig_freq"": 48000}]}",True,False,True,2.4364779086241158e-08,2.0612417250712808e-10,3.6220571501809538,0.00012234278362921458,17.461015701293945,1.8743505477905273,152,1,THEN ALICE BROKE THE SILENCE BY SAYING,THEN ALICE BROKE THE SILENCE BY SAYING,True,True,0.038445859961382174,0.03844594955444336,1.892466081020866e-05,8.959306118522248e-08,1.0
1993-147149-0020,dev-clean,1993,True,True,True,1.0922405589212776,0.766365989104075,0.7663659891040737,1.3322676295501878e-15,3.221245492568414e-10,True,0,0,True,,,True,True,0.09315882623195648,0.10175184905529022,True,0,True,2,2,0,"{""decode"": [{""decoded_rate"": 48000}], ""encode"": [{""application"": ""audio"", ""bandwidth"": ""NB"", ""bitrate_bps"": 8000, ""channels"": 1, ""complexity"": 10, ""dtx"": false, ""expert_frame_duration"": ""arg"", ""force_channels"": ""auto"", ""frame_ms"": 20.0, ""inband_fec"": false, ""lsb_depth"": 24, ""max_bandwidth"": ""FB"", ""packet_loss_perc"": 0, ""prediction_disabled"": false, ""sample_rate"": 16000, ""signal"": ""auto"", ""vbr"": true, ""vbr_constraint"": false}], ""resample"": [{""keyword_arguments"": [], ""new_freq"": 16000, ""orig_freq"": 48000}]}",True,False,True,3.591989282098331e-08,4.966896975158176e-10,3.6718398334218065,0.0003214749783246873,17.47507667541504,4.337298393249512,848,5,MARY I ALMOST LOATHE MYSELF WHEN I FEEL I WOULD NOT GIVE UP THIS MINUTE WHEN MY BROTHERS LIE DEAD AND FATHER AND MOTHER ARE IN SUCH TROUBLE FOR ALL MY LIFE ATS PAST AND GONE AND MARY AS SHE TRIED TO RELEASE HER HAND YOU KNOW WHAT MAKES ME FEEL SO BLESSED,MARY I ALMOST LOATHE MYSELF WHEN I FEEL I WOULD NOT GIVE UP THIS MINUTE WHEN MY BROTHERS LIE DEAD AND FATHER AND MOTHER ARE IN SUCH TROUBLE FOR ALL MY LIFE HATS PAST AND GONE AND MARY AS SHE TRIED TO RELEASE HER HAND YOU KNOW WHAT MAKES ME FEEL SO BLESSED,False,True,0.019159149727601875,0.01915907859802246,4.0244660158027246e-05,7.112957941396436e-08,1.0
1993-147964-0004,dev-clean,1993,True,True,True,1.0680617616043964,0.5719273375294819,0.571927337529484,-2.1094237467877974e-15,-4.0899941211591795e-09,True,0,0,True,,,True,True,0.471420556306839,0.5035062432289124,True,0,True,2,2,0,"{""decode"": [{""decoded_rate"": 48000}], ""encode"": [{""application"": ""audio"", ""bandwidth"": ""NB"", ""bitrate_bps"": 8000, ""channels"": 1, ""complexity"": 10, ""dtx"": false, ""expert_frame_duration"": ""arg"", ""force_channels"": ""auto"", ""frame_ms"": 20.0, ""inband_fec"": false, ""lsb_depth"": 24, ""max_bandwidth"": ""FB"", ""packet_loss_perc"": 0, ""prediction_disabled"": false, ""sample_rate"": 16000, ""signal"": ""auto"", ""vbr"": true, ""vbr_constraint"": false}], ""resample"": [{""keyword_arguments"": [], ""new_freq"": 16000, ""orig_freq"": 48000}]}",True,False,True,2.5574199262330506e-08,6.171719957365447e-08,2.3351497889565636,0.00010633429690609653,18.316322326660156,4.5279083251953125,364,1,ON THE WHITE PAGES I GROUPED SUNDAY SCHOOL CARDS AND ADVERTISING CARDS WHICH I HAD BROUGHT FROM MY OLD COUNTRY,ON THE WHITE PAGES I GROUPED SUNDAY SCHOOL CARDS AND ADVERTISING CARDS WHICH I HAD BROUGHT FROM MY OLD COUNTRY,True,True,0.014298183438237046,0.014298200607299805,2.4539944584702628e-05,1.7169062758309872e-08,1.0
1993-147965-0003,dev-clean,1993,True,True,True,1.044300257482263,0.3765077016688326,0.37650770166883163,9.43689570931383e-16,1.0553513618560828e-09,True,0,0,True,,,True,True,0.48866117000579834,0.5103089809417725,True,0,True,2,2,0,"{""decode"": [{""decoded_rate"": 48000}], ""encode"": [{""application"": ""audio"", ""bandwidth"": ""NB"", ""bitrate_bps"": 8000, ""channels"": 1, ""complexity"": 10, ""dtx"": false, ""expert_frame_duration"": ""arg"", ""force_channels"": ""auto"", ""frame_ms"": 20.0, ""inband_fec"": false, ""lsb_depth"": 24, ""max_bandwidth"": ""FB"", ""packet_loss_perc"": 0, ""prediction_disabled"": false, ""sample_rate"": 16000, ""signal"": ""auto"", ""vbr"": true, ""vbr_constraint"": false}], ""resample"": [{""keyword_arguments"": [], ""new_freq"": 16000, ""orig_freq"": 48000}]}",True,False,True,2.5576160423774195e-08,8.104780990911621e-09,0.8572207310444284,0.00038406645498012537,18.86406135559082,6.5046234130859375,368,0,BECAUSE HE TALKED SO LITTLE HIS WORDS HAD A PECULIAR FORCE THEY WERE NOT WORN DULL FROM CONSTANT USE,BECAUSE HE TALKED SO LITTLE HIS WORDS HAD A PECULIAR FORCE THEY WERE NOT WORN DULL FROM CONSTANT USE,True,True,0.009412692541720814,0.009412646293640137,1.8908028957896617e-05,4.624808067760222e-08,1.0
3170-137482-0012,dev-clean,3170,True,True,True,1.0837802684856768,0.698824797971126,0.6988247979711275,-1.5543122344752192e-15,-3.2773925795481773e-09,True,0,0,True,,,True,True,0.40460699796676636,0.438505083322525,True,0,True,2,2,0,"{""decode"": [{""decoded_rate"": 48000}], ""encode"": [{""application"": ""audio"", ""bandwidth"": ""NB"", ""bitrate_bps"": 8000, ""channels"": 1, ""complexity"": 10, ""dtx"": false, ""expert_frame_duration"": ""arg"", ""force_channels"": ""auto"", ""frame_ms"": 20.0, ""inband_fec"": false, ""lsb_depth"": 24, ""max_bandwidth"": ""FB"", ""packet_loss_perc"": 0, ""prediction_disabled"": false, ""sample_rate"": 16000, ""signal"": ""auto"", ""vbr"": true, ""vbr_constraint"": false}], ""resample"": [{""keyword_arguments"": [], ""new_freq"": 16000, ""orig_freq"": 48000}]}",True,False,True,2.4198413878999453e-08,8.852591560500662e-09,1.7533414102182334,0.00028514777141452896,17.993133544921875,0.5444488525390625,149,0,WE TOOK OUR THREE PRISONERS TO A LARGE BOAT,WE TOOK OUR THREE PRISONERS TO A LARGE BOAT,True,True,0.01747061994927815,0.017470598220825195,1.0154518064769968e-05,2.1728452953562183e-08,1.0
3170-137482-0019,dev-clean,3170,True,True,True,1.074473674440679,0.6239155871457092,0.62391558714571,-8.881784197001252e-16,8.721272592993046e-10,True,0,0,True,,,True,True,0.4322141706943512,0.4644027352333069,True,0,True,2,2,0,"{""decode"": [{""decoded_rate"": 48000}], ""encode"": [{""application"": ""audio"", ""bandwidth"": ""NB"", ""bitrate_bps"": 8000, ""channels"": 1, ""complexity"": 10, ""dtx"": false, ""expert_frame_duration"": ""arg"", ""force_channels"": ""auto"", ""frame_ms"": 20.0, ""inband_fec"": false, ""lsb_depth"": 24, ""max_bandwidth"": ""FB"", ""packet_loss_perc"": 0, ""prediction_disabled"": false, ""sample_rate"": 16000, ""signal"": ""auto"", ""vbr"": true, ""vbr_constraint"": false}], ""resample"": [{""keyword_arguments"": [], ""new_freq"": 16000, ""orig_freq"": 48000}]}",True,False,True,2.695141344895274e-08,1.2558207626787103e-08,1.1666614101615131,0.0002120117216826145,17.688114166259766,1.029665231704712,266,1,I PICKED IT UP AND COMING UP TO HIM JUST AS HE WAS GOING DOWN THE STEPS I HANDED IT TO HIM,I PICKED IT UP AND COMING UP TO HIM JUST AS HE WAS GOING DOWN THE STEPS I HANDED IT TO HIM,True,True,0.015597889678642729,0.015597820281982422,1.604344146011183e-05,6.939666030714164e-08,1.0
3170-137482-0025,dev-clean,3170,True,True,True,1.093680330433915,0.7778080301515277,0.777808030151526,1.6653345369377348e-15,1.3388117281465384e-09,True,0,0,True,,,True,True,0.431122750043869,0.47151046991348267,True,0,True,2,2,0,"{""decode"": [{""decoded_rate"": 48000}], ""encode"": [{""application"": ""audio"", ""bandwidth"": ""NB"", ""bitrate_bps"": 8000, ""channels"": 1, ""complexity"": 10, ""dtx"": false, ""expert_frame_duration"": ""arg"", ""force_channels"": ""auto"", ""frame_ms"": 20.0, ""inband_fec"": false, ""lsb_depth"": 24, ""max_bandwidth"": ""FB"", ""packet_loss_perc"": 0, ""prediction_disabled"": false, ""sample_rate"": 16000, ""signal"": ""auto"", ""vbr"": true, ""vbr_constraint"": false}], ""resample"": [{""keyword_arguments"": [], ""new_freq"": 16000, ""orig_freq"": 48000}]}",True,False,True,2.6317458235986516e-08,9.549323637459543e-09,1.5067531350732963,0.00031567588636050026,18.456254959106445,1.107315182685852,372,0,THEY DID NOT KNOW WHO I WAS AND DID NOT LIKE TO ASK ME WHILST I THOUGHT IT BETTER TO PRESERVE A MODEST SILENCE,THEY DID NOT KNOW WHO I WAS AND DID NOT LIKE TO ASK ME WHILST I THOUGHT IT BETTER TO PRESERVE A MODEST SILENCE,True,True,0.01944520075378819,0.019445180892944336,2.5371717830461465e-05,1.9860843854940802e-08,1.0
3170-137482-0033,dev-clean,3170,True,True,True,1.0814908598403945,0.680457067501199,0.680457067501198,9.992007221626409e-16,-2.2494965890018648e-09,True,0,0,True,,,True,True,0.4019469916820526,0.4347020089626312,True,0,True,2,2,0,"{""decode"": [{""decoded_rate"": 48000}], ""encode"": [{""application"": ""audio"", ""bandwidth"": ""NB"", ""bitrate_bps"": 8000, ""channels"": 1, ""complexity"": 10, ""dtx"": false, ""expert_frame_duration"": ""arg"", ""force_channels"": ""auto"", ""frame_ms"": 20.0, ""inband_fec"": false, ""lsb_depth"": 24, ""max_bandwidth"": ""FB"", ""packet_loss_perc"": 0, ""prediction_disabled"": false, ""sample_rate"": 16000, ""signal"": ""auto"", ""vbr"": true, ""vbr_constraint"": false}], ""resample"": [{""keyword_arguments"": [], ""new_freq"": 16000, ""orig_freq"": 48000}]}",True,False,True,2.9670057394862248e-08,1.9149337147587242e-08,1.1291457862086922,0.00017992281794998455,17.10614776611328,6.862711429595947,123,0,THE THREE FRIENDS WERE ASTOUNDED,THE THREE FRIENDS WERE ASTOUNDED,True,True,0.017011426687529977,0.017011404037475586,1.170516043036765e-05,2.2650054391087915e-08,1.0
3170-137482-0040,dev-clean,3170,True,True,True,1.0693151816871476,0.5821146559536838,0.582114655953685,-1.1102230246251565e-15,-2.9091467013131478e-09,True,0,0,True,,,True,True,0.45493948459625244,0.4864737093448639,True,0,True,2,2,0,"{""decode"": [{""decoded_rate"": 48000}], ""encode"": [{""application"": ""audio"", ""bandwidth"": ""NB"", ""bitrate_bps"": 8000, ""channels"": 1, ""complexity"": 10, ""dtx"": false, ""expert_frame_duration"": ""arg"", ""force_channels"": ""auto"", ""frame_ms"": 20.0, ""inband_fec"": false, ""lsb_depth"": 24, ""max_bandwidth"": ""FB"", ""packet_loss_perc"": 0, ""prediction_disabled"": false, ""sample_rate"": 16000, ""signal"": ""auto"", ""vbr"": true, ""vbr_constraint"": false}], ""resample"": [{""keyword_arguments"": [], ""new_freq"": 16000, ""orig_freq"": 48000}]}",True,False,True,2.999009597159891e-08,9.488397090915143e-09,1.5138967328922135,0.0003812873629325253,18.255165100097656,2.758127212524414,662,3,BUT ALTHOUGH BELIEVING FULLY IN MY ORACLES THEY WERE TOO KIND HEARTED TO THINK THEM THE WORK OF THE DEVIL AND IT SUITED THEIR NATURAL GOODNESS BETTER TO BELIEVE MY ANSWERS INSPIRED BY SOME HEAVENLY SPIRIT,BUT ALTHOUGH BELIEVING FULLY IN MY ORACLES THEY WERE TOO KIND HEARTED TO THINK THEM THE WORK OF THE DEVIL AND IT SUITED THEIR NATURAL GOODNESS BETTER TO BELIEVE MY ANSWERS INSPIRED BY SOME HEAVENLY SPIRIT,True,True,0.014552866398842096,0.014552831649780273,1.9704281837701343e-05,3.4749061822436644e-08,1.0
3536-23268-0001,dev-clean,3536,True,True,True,1.034709619193001,0.29636973061556293,0.29636973061556304,-1.1102230246251565e-16,4.238003725731687e-09,True,0,0,True,,,True,True,0.8881027102470398,0.9189284443855286,True,0,True,2,2,0,"{""decode"": [{""decoded_rate"": 48000}], ""encode"": [{""application"": ""audio"", ""bandwidth"": ""NB"", ""bitrate_bps"": 8000, ""channels"": 1, ""complexity"": 10, ""dtx"": false, ""expert_frame_duration"": ""arg"", ""force_channels"": ""auto"", ""frame_ms"": 20.0, ""inband_fec"": false, ""lsb_depth"": 24, ""max_bandwidth"": ""FB"", ""packet_loss_perc"": 0, ""prediction_disabled"": false, ""sample_rate"": 16000, ""signal"": ""auto"", ""vbr"": true, ""vbr_constraint"": false}], ""resample"": [{""keyword_arguments"": [], ""new_freq"": 16000, ""orig_freq"": 48000}]}",True,False,True,2.7926507421005965e-08,2.3670684734281727e-08,0.5665465890398629,0.00024297438171139163,21.53058624267578,0.9077262878417969,795,0,EVERY TIME HE BEHELD THE OBJECT OF HIS PASSION FOR HE STILL CONTINUED HIS VISIT THOUGH NOT SO FREQUENTLY AS HERETOFORE HE PLEADED HIS CAUSE WITH SUCH ARDOR THAT MISS WOODLEY WHO WAS SOMETIMES PRESENT AND EVER COMPASSIONATE COULD NOT RESIST WISHING HIM SUCCESS,EVERY TIME HE BEHELD THE OBJECT OF HIS PASSION FOR HE STILL CONTINUED HIS VISIT THOUGH NOT SO FREQUENTLY AS HERETOFORE HE PLEADED HIS CAUSE WITH SUCH ARDOR THAT MISS WOODLEY WHO WAS SOMETIMES PRESENT AND EVER COMPASSIONATE COULD NOT RESIST WISHING HIM SUCCESS,True,True,0.007409243265389073,0.007409214973449707,2.029387116299873e-05,2.8291939365918117e-08,1.0
3536-23268-0019,dev-clean,3536,True,True,True,1.0452016950586085,0.3840021074816358,0.3840021074816349,9.43689570931383e-16,-1.8203643037395523e-09,True,0,0,True,,,True,True,0.45939093828201294,0.48015618324279785,True,0,True,2,2,0,"{""decode"": [{""decoded_rate"": 48000}], ""encode"": [{""application"": ""audio"", ""bandwidth"": ""NB"", ""bitrate_bps"": 8000, ""channels"": 1, ""complexity"": 10, ""dtx"": false, ""expert_frame_duration"": ""arg"", ""force_channels"": ""auto"", ""frame_ms"": 20.0, ""inband_fec"": false, ""lsb_depth"": 24, ""max_bandwidth"": ""FB"", ""packet_loss_perc"": 0, ""prediction_disabled"": false, ""sample_rate"": 16000, ""signal"": ""auto"", ""vbr"": true, ""vbr_constraint"": false}], ""resample"": [{""keyword_arguments"": [], ""new_freq"": 16000, ""orig_freq"": 48000}]}",True,False,True,2.4657840848005474e-08,1.3614942444032318e-08,0.5725807567908703,0.00017590922556598443,18.278919219970703,1.9972596168518066,508,0,MISSUS HORTON TOO IN THE SELF APPROVING REFLECTION THAT SHE WAS NOT IN A QUARREL OR ALTERCATION OF ANY KIND FELT HERSELF AT THIS MOMENT REMARKABLY PEACEFUL AND CHARITABLE,MISSUS HORTON TOO IN THE SELF APPROVING REFLECTION THAT SHE WAS NOT IN A QUARREL OR ALTERCATION OF ANY KIND FELT HERSELF AT THIS MOMENT REMARKABLY PEACEFUL AND CHARITABLE,True,True,0.009600052687040896,0.009600162506103516,1.5148969999880316e-05,1.0981906261968433e-07,1.0
3536-8226-0004,dev-clean,3536,True,True,True,1.0502156262547304,0.4255695181316809,0.425569518131681,-5.551115123125783e-17,1.9753301216951513e-09,True,0,0,True,,,True,True,0.32525935769081116,0.3415924608707428,True,0,True,2,2,0,"{""decode"": [{""decoded_rate"": 48000}], ""encode"": [{""application"": ""audio"", ""bandwidth"": ""NB"", ""bitrate_bps"": 8000, ""channels"": 1, ""complexity"": 10, ""dtx"": false, ""expert_frame_duration"": ""arg"", ""force_channels"": ""auto"", ""frame_ms"": 20.0, ""inband_fec"": false, ""lsb_depth"": 24, ""max_bandwidth"": ""FB"", ""packet_loss_perc"": 0, ""prediction_disabled"": false, ""sample_rate"": 16000, ""signal"": ""auto"", ""vbr"": true, ""vbr_constraint"": false}], ""resample"": [{""keyword_arguments"": [], ""new_freq"": 16000, ""orig_freq"": 48000}]}",True,False,True,3.0430837473331183e-08,4.969931409015829e-09,0.752294775139223,0.0002237965712410528,19.657114028930664,0.893439769744873,731,1,MISSUS BOSLE WAS DISPOSED TO THINK THAT LADIES OF QUALITY AMONG WHOM MADAM T WAS ENTITLED IN HER ESTIMATION TO TAKE RANK WERE SELDOM BETTER THAN THEY OUGHT TO BE AND SHE WAS QUITE WILLING THAT HER HUSBAND SHOULD EARN HIS BREAD BY WATCHING THE LADY OR THE LADY'S LOVER,MISSUS BOSLE WAS DISPOSED TO THINK THAT LADIES OF QUALITY AMONG WHOM MADAM T WAS ENTITLED IN HER ESTIMATION TO TAKE RANK WERE SELDOM BETTER THAN THEY OUGHT TO BE AND SHE WAS QUITE WILLING THAT HER HUSBAND SHOULD EARN HIS BREAD BY WATCHING THE LADY OR THE LADY'S LOVER,True,True,0.010639237953292023,0.010639190673828125,1.8763137923370407e-05,4.727946389775084e-08,1.0
3536-8226-0007,dev-clean,3536,True,True,True,1.0201121041834664,0.17295801470929117,0.17295801470929106,1.1102230246251565e-16,-1.0259007865442982e-08,True,0,0,True,,,True,True,0.33104002475738525,0.33769792318344116,True,0,True,2,2,0,"{""decode"": [{""decoded_rate"": 48000}], ""encode"": [{""application"": ""audio"", ""bandwidth"": ""NB"", ""bitrate_bps"": 8000, ""channels"": 1, ""complexity"": 10, ""dtx"": false, ""expert_frame_duration"": ""arg"", ""force_channels"": ""auto"", ""frame_ms"": 20.0, ""inband_fec"": false, ""lsb_depth"": 24, ""max_bandwidth"": ""FB"", ""packet_loss_perc"": 0, ""prediction_disabled"": false, ""sample_rate"": 16000, ""signal"": ""auto"", ""vbr"": true, ""vbr_constraint"": false}], ""resample"": [{""keyword_arguments"": [], ""new_freq"": 16000, ""orig_freq"": 48000}]}",True,False,True,2.619839469900409e-08,3.1385129967981798e-09,0.2668854996272536,0.00021906597963461394,16.281356811523438,0.1464691162109375,116,0,OF COURSE IT AIN'T SAID MISSUS BASLE,OF COURSE IT AIN'T SAID MISSUS BASLE,True,True,0.0043239503677322795,0.0043239593505859375,1.3342457576029539e-05,8.98285365796142e-09,1.0
3536-8226-0019,dev-clean,3536,True,True,True,1.0614448161025332,0.5179484074376245,0.5179484074376255,-9.992007221626409e-16,-6.616467373987689e-10,True,0,0,True,,,True,True,0.473074734210968,0.5021427273750305,True,0,True,2,2,0,"{""decode"": [{""decoded_rate"": 48000}], ""encode"": [{""application"": ""audio"", ""bandwidth"": ""NB"", ""bitrate_bps"": 8000, ""channels"": 1, ""complexity"": 10, ""dtx"": false, ""expert_frame_duration"": ""arg"", ""force_channels"": ""auto"", ""frame_ms"": 20.0, ""inband_fec"": false, ""lsb_depth"": 24, ""max_bandwidth"": ""FB"", ""packet_loss_perc"": 0, ""prediction_disabled"": false, ""sample_rate"": 16000, ""signal"": ""auto"", ""vbr"": true, ""vbr_constraint"": false}], ""resample"": [{""keyword_arguments"": [], ""new_freq"": 16000, ""orig_freq"": 48000}]}",True,False,True,2.21564670275803e-08,5.155985642601572e-09,0.858709833078457,0.00020146527276398984,18.680557250976562,0.31847429275512695,266,0,BOSEL HAD ALWAYS WAITED UPON HIM WITH A DECENT COAT AND A WELL BRUSHED HAT AND CLEAN SHOES,BOSEL HAD ALWAYS WAITED UPON HIM WITH A DECENT COAT AND A WELL BRUSHED HAT AND CLEAN SHOES,True,True,0.012948710185940612,0.012948751449584961,1.1723774020325206e-05,4.12636443486436e-08,1.0
