utterance,subset,speaker_id,condition,vs_ref_alignment_lag_samples,vs_ref_alignment_lag_ms,vs_ref_length_equal,vs_ref_spectral_distortion,vs_ref_lsd_db,vs_ref_lsd_0_3k_db,vs_ref_lsd_0_4k_db,vs_ref_lsd_4_8k_db,vs_ref_retained_bandwidth_hz,vs_ref_hf_power_change_db,vs_ref_coherence_0_3500,stage3_counterpart,stage3_mismatched_metrics,vs_lp_alignment_lag_samples,vs_lp_alignment_lag_ms,vs_lp_spectral_distortion,vs_lp_lsd_db,vs_lp_lsd_0_3k_db,vs_lp_lsd_0_4k_db,vs_lp_lsd_4_8k_db,vs_lp_retained_bandwidth_hz,vs_lp_hf_power_change_db,vs_lp_coherence_0_3500
777-126732-0023,dev-clean,777,LP,0,0.0,True,196.06712341308594,12.197318077087402,0.03743019327521324,1.5725923776626587,17.119022369384766,4093.75,-26.537089847414723,0.9999734265979353,LP,,,,,,,,,,,
777-126732-0023,dev-clean,777,SILK8,2,0.125,True,198.7738037109375,12.761581420898438,6.827498435974121,7.399240970611572,15.973492622375488,4531.25,-17.140280628640852,0.5749632411752357,,,2.0,0.125,43.64936828613281,6.38584041595459,6.828385829925537,7.0810441970825195,4.9597392082214355,8000.0,9.396940903971807,0.5749976038636474
777-126732-0023,dev-clean,777,SILK12,2,0.125,True,192.55133056640625,12.42688274383545,5.551303386688232,6.366602420806885,16.005550384521484,4500.0,-17.870402641952047,0.770134086752963,,,2.0,0.125,35.2824821472168,5.6802754402160645,5.5511627197265625,5.930677890777588,4.791611194610596,8000.0,8.666818890660615,0.7701685775257301
777-126732-0023,dev-clean,777,SILK16,2,0.125,True,187.1065216064453,12.158393859863281,4.529938697814941,5.454031467437744,16.000389099121094,4500.0,-17.558241633041664,0.8710286977516966,,,2.0,0.125,30.306217193603516,5.190967082977295,4.529666900634766,4.950767993927002,4.853776454925537,8000.0,8.978979899570996,0.8710729281828673
777-126732-0023,dev-clean,777,SILK24,2,0.125,True,178.54660034179688,11.756549835205078,3.035346031188965,3.9861507415771484,15.931077003479004,4531.25,-16.87559365165136,0.9522592731523731,,,2.0,0.125,25.264713287353516,4.599040985107422,3.0348613262176514,3.405606508255005,5.120979309082031,8000.0,9.661627880961301,0.9522839638912964
777-126732-0023,dev-clean,777,SILK40,2,0.125,True,171.25294494628906,11.416733741760254,1.5578174591064453,2.457461357116699,15.826977729797363,4625.0,-15.39456620332405,0.9923348578855519,SILK,,2.0,0.125,23.326574325561523,4.2664031982421875,1.5587053298950195,1.8225449323654175,5.505772113800049,8000.0,11.142655329288612,0.9923365234670201
777-126732-0026,dev-clean,777,LP,0,0.0,True,131.12841796875,9.330877304077148,0.03362147882580757,1.5398328304290771,13.032236099243164,4093.75,-29.37816682262178,0.9999773689219659,LP,,,,,,,,,,,
777-126732-0026,dev-clean,777,SILK8,2,0.125,True,140.89064025878906,10.42253303527832,6.4760003089904785,6.982131481170654,12.338560104370117,4625.0,-16.411470106824083,0.6230095244442577,,,2.0,0.125,42.01906204223633,6.150909423828125,6.474626541137695,6.668921947479248,4.471372127532959,8000.0,12.967501661926287,0.6229763163608593
777-126732-0026,dev-clean,777,SILK12,2,0.125,True,136.79750061035156,10.143280029296875,5.332060813903809,6.11923360824585,12.418966293334961,4625.0,-16.945489631411593,0.8269600677097436,,,2.0,0.125,35.23951721191406,5.551608085632324,5.329948425292969,5.67507791519165,4.296950340270996,8000.0,12.433482137338778,0.826962024518652
777-126732-0026,dev-clean,777,SILK16,2,0.125,True,131.3195343017578,9.817435264587402,4.280686378479004,5.177961349487305,12.421284675598145,4625.0,-16.05296988424054,0.9059845977795487,,,2.0,0.125,29.748973846435547,4.984743595123291,4.278473377227783,4.665327072143555,4.2847795486450195,8000.0,13.32600188450983,0.9059727529299448
777-126732-0026,dev-clean,777,SILK24,2,0.125,True,124.716064453125,9.40541934967041,2.9591495990753174,3.8813507556915283,12.39780330657959,4625.0,-15.552963190448308,0.9647743665811072,,,2.0,0.125,25.4615535736084,4.387582302093506,2.955915927886963,3.2812530994415283,4.4806389808654785,8000.0,13.826008578302062,0.9647796224472877
777-126732-0026,dev-clean,777,SILK40,2,0.125,True,119.2236099243164,9.054924011230469,1.543410301208496,2.4800612926483154,12.361613273620605,4625.0,-14.411268450846526,0.9938021889215994,SILK,,2.0,0.125,23.74515151977539,3.9705114364624023,1.5405166149139404,1.8122843503952026,4.837089538574219,8000.0,14.967703317903844,0.9938051788330063
777-126732-0034,dev-clean,777,LP,0,0.0,True,172.6205291748047,10.54031753540039,0.029935428872704506,1.4152065515518188,14.763708114624023,4093.75,-29.461884196851504,0.9999734196110278,LP,,,,,,,,,,,
777-126732-0034,dev-clean,777,SILK8,2,0.125,True,173.22283935546875,11.356239318847656,6.490657329559326,6.8981828689575195,13.79137897491455,4531.25,-18.884133984453296,0.5295452629303078,,,2.0,0.125,39.71721649169922,5.941324234008789,6.490438461303711,6.660996913909912,4.189943790435791,8000.0,10.577803138129465,0.5295085331671491
777-126732-0034,dev-clean,777,SILK12,2,0.125,True,168.0519256591797,11.034497261047363,5.272846221923828,5.933297634124756,13.840609550476074,4531.25,-18.532811529783174,0.7743972805263357,,,2.0,0.125,32.28664016723633,5.280962944030762,5.272412300109863,5.589600086212158,4.043516159057617,8000.0,10.929125592799585,0.7744367889879092
777-126732-0034,dev-clean,777,SILK16,2,0.125,True,163.0814666748047,10.726702690124512,4.27030611038208,5.034640312194824,13.833091735839844,4531.25,-19.466539924180523,0.872783994565425,,,2.0,0.125,27.425790786743164,4.756991386413574,4.269766807556152,4.615147590637207,4.043945789337158,8000.0,9.99539719840224,0.8727423088087666
777-126732-0034,dev-clean,777,SILK24,2,0.125,True,156.22592163085938,10.343512535095215,2.8797199726104736,3.742445707321167,13.798393249511719,4531.25,-18.57935954379853,0.9535122694115036,,,2.0,0.125,22.80007553100586,4.155399799346924,2.879603624343872,3.257821559906006,4.206189155578613,8000.0,10.882577578784232,0.9535061212487068
777-126732-0034,dev-clean,777,SILK40,2,0.125,True,150.63882446289062,10.0272216796875,1.6200603246688843,2.447286605834961,13.738808631896973,4531.25,-17.561434551240296,0.9917465549415595,SILK,,2.0,0.125,21.172409057617188,3.7847185134887695,1.6204034090042114,1.9013415575027466,4.510352611541748,8000.0,11.900502571342466,0.9917310346292214
777-126732-0052,dev-clean,777,LP,0,0.0,True,217.14199829101562,12.03304672241211,0.03473794460296631,1.5457440614700317,16.868959426879883,4093.75,-29.506683733660147,0.9999734288739046,LP,,,,,,,,,,,
777-126732-0052,dev-clean,777,SILK8,2,0.125,True,217.6140899658203,12.749534606933594,6.520402908325195,7.02095365524292,15.934830665588379,4531.25,-19.75800256415011,0.6282307760350089,,,2.0,0.125,46.44351577758789,6.491438388824463,6.521454811096191,6.767209053039551,5.467893123626709,8000.0,9.748904684946254,0.628175442745339
777-126732-0052,dev-clean,777,SILK12,2,0.125,True,213.45115661621094,12.467214584350586,5.323455333709717,6.086794376373291,15.996516227722168,4531.25,-21.236469233354327,0.8004164128899882,,,2.0,0.125,37.99842834472656,5.803312301635742,5.3241119384765625,5.6885809898376465,5.18796968460083,8000.0,8.27043801574204,0.8003891377671017
777-126732-0052,dev-clean,777,SILK16,2,0.125,True,208.38394165039062,12.191325187683105,4.279463768005371,5.174943447113037,16.00579833984375,4531.25,-20.637899306432498,0.8836287370250562,,,2.0,0.125,33.38783264160156,5.34423828125,4.280008792877197,4.722292423248291,5.2367730140686035,8000.0,8.869007942663869,0.8836092571969743
777-126732-0052,dev-clean,777,SILK24,2,0.125,True,201.01919555664062,11.839719772338867,2.9471096992492676,3.8406479358673096,15.973953247070312,4531.25,-19.572393843639247,0.9580287795735289,,,2.0,0.125,29.229164123535156,4.856045722961426,2.9476613998413086,3.317030668258667,5.493520259857178,8000.0,9.93451340545712,0.958016670233813
777-126732-0052,dev-clean,777,SILK40,2,0.125,True,194.60211181640625,11.528312683105469,1.5938798189163208,2.4634249210357666,15.905542373657227,4562.5,-18.493940159595425,0.9923559382282863,SILK,,2.0,0.125,28.00979232788086,4.597661018371582,1.5943186283111572,1.9180612564086914,5.872188568115234,8000.0,11.012967089500943,0.9923478216063709
777-126732-0076,dev-clean,777,LP,0,0.0,True,168.0449981689453,10.2692289352417,0.0292971134185791,1.5031331777572632,14.361212730407715,4093.75,-30.288439703342632,0.99997357246617,LP,,,,,,,,,,,
777-126732-0076,dev-clean,777,SILK8,2,0.125,True,174.0314178466797,11.218245506286621,6.631402492523193,7.127234935760498,13.418792724609375,4562.5,-21.281236441879358,0.571047759005259,,,2.0,0.125,39.304405212402344,5.9799909591674805,6.6309123039245605,6.82930850982666,4.187398910522461,8000.0,9.007424924330735,0.5709471829909893
777-126732-0076,dev-clean,777,SILK12,2,0.125,True,167.64842224121094,10.82033920288086,5.349524021148682,6.075379848480225,13.446151733398438,4531.25,-22.577032561420705,0.7727565000053003,,,2.0,0.125,31.45045280456543,5.271332740783691,5.3482279777526855,5.675357818603516,4.08615255355835,8000.0,7.711628804789389,0.7727929989763591
777-126732-0076,dev-clean,777,SILK16,2,0.125,True,161.94338989257812,10.499944686889648,4.293073654174805,5.130877494812012,13.448974609375,4562.5,-22.800541176684646,0.8549937079720487,,,2.0,0.125,26.465723037719727,4.75039529800415,4.291832447052002,4.661291599273682,4.171911716461182,8000.0,7.488120189525448,0.8550035187713478
777-126732-0076,dev-clean,777,SILK24,2,0.125,True,154.84266662597656,10.087116241455078,2.935127019882202,3.8109629154205322,13.398844718933105,4562.5,-21.957854758953744,0.9503796677687537,,,2.0,0.125,21.948925018310547,4.183506965637207,2.9338481426239014,3.2748067378997803,4.36937141418457,8000.0,8.330806607256347,0.9503198070229423
777-126732-0076,dev-clean,777,SILK40,2,0.125,True,148.717529296875,9.719293594360352,1.4943006038665771,2.374199628829956,13.332880973815918,4593.75,-19.927519829434853,0.9927743042783478,SILK,,2.0,0.125,19.960586547851562,3.7821879386901855,1.492983102798462,1.763865351676941,4.695828437805176,8000.0,10.361141536775243,0.9927822353731446
1993-147149-0006,dev-clean,1993,LP,0,0.0,True,236.6222381591797,13.766077041625977,0.03555339574813843,1.6726019382476807,19.342100143432617,4093.75,-27.151911997600532,0.9999737280270309,LP,,,,,,,,,,,
1993-147149-0006,dev-clean,1993,SILK8,2,0.125,True,233.03359985351562,14.003690719604492,7.10486364364624,7.574059963226318,17.95162010192871,4562.5,-19.979308368302572,0.6275565266081163,,,2.0,0.125,42.27933883666992,6.368968486785889,7.103829383850098,7.226449012756348,4.646734237670898,8000.0,7.172604726898876,0.6275349781415002
1993-147149-0006,dev-clean,1993,SILK12,2,0.125,True,226.49317932128906,13.732613563537598,5.854912757873535,6.589132785797119,17.976112365722656,4562.5,-20.620119081507294,0.8284781694065969,,,2.0,0.125,34.424705505371094,5.713123321533203,5.853348731994629,6.119850158691406,4.5265913009643555,8000.0,6.531794013694151,0.8285092282150561
1993-147149-0006,dev-clean,1993,SILK16,2,0.125,True,220.21546936035156,13.48076057434082,4.787759304046631,5.651559352874756,17.95277214050293,4562.5,-20.55966837757387,0.9145585767646047,,,2.0,0.125,29.206127166748047,5.210670471191406,4.786130905151367,5.109723091125488,4.568472385406494,8000.0,6.5922447176275725,0.914582786414986
1993-147149-0006,dev-clean,1993,SILK24,2,0.125,True,211.2799835205078,13.117292404174805,3.332547903060913,4.253427505493164,17.860403060913086,4687.5,-19.435888197404132,0.968439187219652,,,2.0,0.125,24.249094009399414,4.635955333709717,3.3309757709503174,3.6351816654205322,4.810342311859131,8000.0,7.716024897797313,0.9684691166602194
1993-147149-0006,dev-clean,1993,SILK40,2,0.125,True,203.8341827392578,12.806777000427246,1.9515799283981323,2.8719394207000732,17.742633819580078,4687.5,-18.19062063562785,0.994104123942353,SILK,,2.0,0.125,22.066875457763672,4.269688129425049,1.9504363536834717,2.201786994934082,5.152881622314453,8000.0,8.961292459573594,0.9941105862968542
1993-147149-0014,dev-clean,1993,LP,0,0.0,True,294.7954406738281,15.186745643615723,0.036271143704652786,1.677695870399475,21.35128402709961,4093.75,-30.426502837144632,0.9999735794330854,LP,,,,,,,,,,,
1993-147149-0014,dev-clean,1993,SILK8,2,0.125,True,286.3554992675781,15.329279899597168,7.190179347991943,7.667530059814453,19.904027938842773,4687.5,-22.865572234812277,0.6119224194654168,,,2.0,0.125,45.374969482421875,6.55216646194458,7.188138484954834,7.293912410736084,4.754075050354004,8000.0,7.560949604431228,0.6119316008907228
1993-147149-0014,dev-clean,1993,SILK12,2,0.125,True,278.25970458984375,15.036301612854004,5.8066277503967285,6.5438313484191895,19.912403106689453,4750.0,-23.17411476961577,0.8195528605659228,,,2.0,0.125,37.147499084472656,5.871150493621826,5.80417013168335,6.056675910949707,4.690177917480469,8000.0,7.2524070696277345,0.819597466881318
1993-147149-0014,dev-clean,1993,SILK16,2,0.125,True,272.33856201171875,14.81600570678711,4.862986087799072,5.667325496673584,19.88813591003418,4750.0,-22.35649789681269,0.9116112879012491,,,2.0,0.125,32.87332534790039,5.451268196105957,4.860858917236328,5.113481044769287,4.753044605255127,8000.0,8.070023942430813,0.9116722387753797
1993-147149-0014,dev-clean,1993,SILK24,2,0.125,True,263.14434814453125,14.487850189208984,3.4492027759552,4.308563232421875,19.790870666503906,4750.0,-21.556700775724114,0.9696313386215377,,,2.0,0.125,28.456581115722656,4.924036502838135,3.4471607208251953,3.716397523880005,5.0088067054748535,8000.0,8.869821063519389,0.9696453603011396
1993-147149-0014,dev-clean,1993,SILK40,2,0.125,True,256.09027099609375,14.212067604064941,2.1189472675323486,3.007876396179199,19.695802688598633,4781.25,-20.78144529339276,0.9944548862796984,SILK,,2.0,0.125,26.086153030395508,4.516941547393799,2.1168739795684814,2.355114221572876,5.2674078941345215,8000.0,9.645076545850742,0.9944636678070983
1993-147149-0020,dev-clean,1993,LP,0,0.0,True,131.08436584472656,9.725998878479004,0.03433661907911301,1.548503041267395,13.600101470947266,4093.75,-25.3593389785607,0.9999721985428798,LP,,,,,,,,,,,
1993-147149-0020,dev-clean,1993,SILK8,2,0.125,True,139.37440490722656,10.610440254211426,6.638261795043945,7.052878379821777,12.691976547241211,4687.5,-16.64472532882949,0.6480453480306192,,,2.0,0.125,32.827701568603516,5.566315174102783,6.636872291564941,6.737564563751221,3.3075168132781982,8000.0,8.714688156982703,0.6480770244727014
1993-147149-0020,dev-clean,1993,SILK12,2,0.125,True,132.6533966064453,10.233735084533691,5.361756801605225,5.994296073913574,12.714033126831055,4687.5,-17.55388295958501,0.8336572004457348,,,2.0,0.125,25.110698699951172,4.828011512756348,5.359855651855469,5.561096668243408,3.199963331222534,8000.0,7.80553052622718,0.8337189480841557
1993-147149-0020,dev-clean,1993,SILK16,2,0.125,True,127.36624908447266,9.930159568786621,4.318027973175049,5.0951361656188965,12.699006080627441,4718.75,-17.34164682366045,0.9159740875755431,,,2.0,0.125,20.302894592285156,4.288137912750244,4.316065311431885,4.588475704193115,3.246387004852295,8000.0,8.017766662151741,0.9159803248445361
1993-147149-0020,dev-clean,1993,SILK24,2,0.125,True,120.04058074951172,9.509847640991211,2.9384241104125977,3.754023790359497,12.626814842224121,4718.75,-16.2698653684897,0.9705879067185105,,,2.0,0.125,15.702009201049805,3.6441500186920166,2.9365222454071045,3.1786258220672607,3.438568592071533,8000.0,9.089548117322494,0.9706103357685383
1993-147149-0020,dev-clean,1993,SILK40,2,0.125,True,114.27072143554688,9.160205841064453,1.6110695600509644,2.439638376235962,12.529452323913574,4750.0,-15.057281773878874,0.9948669397142054,SILK,,2.0,0.125,13.606193542480469,3.2048094272613525,1.6092890501022339,1.793972373008728,3.723172903060913,8000.0,10.30213171193332,0.994871050934904
1993-147964-0004,dev-clean,1993,LP,0,0.0,True,209.70018005371094,13.007192611694336,0.03808296099305153,1.6798721551895142,18.267126083374023,4093.75,-24.18233190484566,0.9999742421899026,LP,,,,,,,,,,,
1993-147964-0004,dev-clean,1993,SILK8,2,0.125,True,201.8966827392578,13.081223487854004,6.664157390594482,7.159763813018799,16.73503303527832,4750.0,-13.592631269123487,0.6119817882195304,,,2.0,0.125,47.11012268066406,6.637897491455078,6.68215274810791,6.928167343139648,5.5085039138793945,8000.0,10.589673694210509,0.6120329857180877
1993-147964-0004,dev-clean,1993,SILK12,2,0.125,True,198.14263916015625,12.8689603805542,5.446384906768799,6.265991687774658,16.840606689453125,4656.25,-14.068297017676157,0.8049329851800995,,,2.0,0.125,37.789798736572266,5.886130332946777,5.463949203491211,5.863551616668701,5.12803316116333,8000.0,10.11400794565784,0.8049655291208639
1993-147964-0004,dev-clean,1993,SILK16,2,0.125,True,192.59979248046875,12.620758056640625,4.431823253631592,5.376848220825195,16.824012756347656,4656.25,-14.234545351024167,0.8967932568744827,,,2.0,0.125,32.5092887878418,5.366971492767334,4.447717666625977,4.881696701049805,5.122201919555664,8000.0,9.947759612309827,0.896833591622855
1993-147964-0004,dev-clean,1993,SILK24,2,0.125,True,184.5432586669922,12.266840934753418,2.963738203048706,3.9697506427764893,16.755844116210938,4750.0,-13.18054845727806,0.9619308276448235,,,2.0,0.125,27.703166961669922,4.776098728179932,2.975675582885742,3.3843278884887695,5.345391273498535,8000.0,11.001756506055933,0.9619339172682392
1993-147964-0004,dev-clean,1993,SILK40,2,0.125,True,177.1239013671875,11.938108444213867,1.5305336713790894,2.458702802658081,16.628114700317383,4781.25,-12.50336581575591,0.9923600465543442,SILK,,2.0,0.125,26.087268829345703,4.419164180755615,1.53751540184021,1.8108632564544678,5.7610392570495605,8000.0,11.678939147578085,0.9923656253256995
1993-147965-0003,dev-clean,1993,LP,0,0.0,True,129.5338897705078,8.981657028198242,0.028222251683473587,1.3690048456192017,12.559935569763184,4093.75,-27.168624867722492,0.99997194544526,LP,,,,,,,,,,,
1993-147965-0003,dev-clean,1993,SILK8,2,0.125,True,138.1492462158203,9.934977531433105,6.017744064331055,6.330801963806152,11.911688804626465,4625.0,-19.950003367791393,0.5611299704237427,,,2.0,0.125,26.91661834716797,4.916161060333252,6.016598224639893,6.108113765716553,2.733304262161255,8000.0,7.2186269249720105,0.5610576186490811
1993-147965-0003,dev-clean,1993,SILK12,2,0.125,True,134.9077911376953,9.668132781982422,4.883755207061768,5.532679080963135,11.997721672058105,4625.0,-22.096948939535885,0.7827545387940757,,,2.0,0.125,20.117477416992188,4.198451042175293,4.881965160369873,5.159183979034424,2.4006972312927246,8000.0,5.071681353227518,0.7827804632671955
1993-147965-0003,dev-clean,1993,SILK16,2,0.125,True,130.61721801757812,9.375335693359375,3.9183108806610107,4.710770130157471,12.007375717163086,4625.0,-22.156343185296738,0.8719596804564935,,,2.0,0.125,15.57758903503418,3.6351675987243652,3.916329860687256,4.261763095855713,2.3854730129241943,8000.0,5.012287107466663,0.871927034116033
1993-147965-0003,dev-clean,1993,SILK24,2,0.125,True,124.25566864013672,8.983317375183105,2.6394741535186768,3.4789774417877197,11.969456672668457,4656.25,-20.943394188547515,0.9551876272281318,,,2.0,0.125,10.911611557006836,2.9300453662872314,2.637810230255127,2.9472594261169434,2.5100748538970947,8000.0,6.225236104215889,0.9551922193356595
1993-147965-0003,dev-clean,1993,SILK40,2,0.125,True,118.31104278564453,8.622800827026367,1.3486673831939697,2.121607780456543,11.878101348876953,4656.25,-19.30630286253972,0.9925929819792498,SILK,,2.0,0.125,8.492350578308105,2.4066131114959717,1.3472517728805542,1.5363402366638184,2.8116812705993652,8000.0,7.862327430223682,0.9926012899456613
3170-137482-0012,dev-clean,3170,LP,0,0.0,True,88.5404281616211,6.895008087158203,0.026717159897089005,1.2528129816055298,9.57397174835205,4093.75,-25.55254764218981,0.9999697739093723,LP,,,,,,,,,,,
3170-137482-0012,dev-clean,3170,SILK8,2,0.125,True,94.86405944824219,8.226617813110352,5.840376853942871,6.023245811462402,8.995566368103027,4531.25,-15.887183804422921,0.5546254854297454,,,2.0,0.125,26.15851402282715,4.831818580627441,5.840156078338623,5.850768089294434,2.66117525100708,8000.0,9.665361941154785,0.5546255781465761
3170-137482-0012,dev-clean,3170,SILK12,2,0.125,True,90.77340698242188,7.8292388916015625,4.6062140464782715,5.070831775665283,9.061017036437988,4500.0,-18.911374991842276,0.7529151548770223,,,2.0,0.125,19.06090545654297,4.050984859466553,4.605832576751709,4.759856224060059,2.382570266723633,8000.0,6.641170753735431,0.7530044479678617
3170-137482-0012,dev-clean,3170,SILK16,2,0.125,True,87.47468566894531,7.517826557159424,3.727625608444214,4.332387447357178,9.074952125549316,4500.0,-18.74333210054314,0.8716455908424032,,,2.0,0.125,15.175614356994629,3.529574394226074,3.726973295211792,3.9451117515563965,2.3395848274230957,8000.0,6.809213645034572,0.8716879082310681
3170-137482-0012,dev-clean,3170,SILK24,2,0.125,True,81.68479919433594,7.043259620666504,2.4161009788513184,3.0771186351776123,9.041646003723145,4562.5,-17.39461425535524,0.9567420074237274,,,2.0,0.125,11.000496864318848,2.831075429916382,2.4155640602111816,2.6239404678344727,2.460520029067993,8000.0,8.15793149022247,0.9567033755837772
3170-137482-0012,dev-clean,3170,SILK40,2,0.125,True,77.36175537109375,6.658786296844482,1.1238023042678833,1.8454877138137817,8.993794441223145,4562.5,-16.136533855860243,0.9926309714657571,SILK,,2.0,0.125,9.160244941711426,2.3066024780273438,1.1232179403305054,1.3024747371673584,2.69245982170105,8000.0,9.416011889717465,0.9926133782487107
3170-137482-0019,dev-clean,3170,LP,0,0.0,True,160.5320587158203,10.370670318603516,0.0269260685890913,1.4242832660675049,14.530614852905273,4093.75,-26.983240478848725,0.9999738351400708,LP,,,,,,,,,,,
3170-137482-0019,dev-clean,3170,SILK8,2,0.125,True,157.78736877441406,10.969605445861816,6.283544063568115,6.637813091278076,13.354453086853027,4593.75,-17.288673873809227,0.5904626620327096,,,2.0,0.125,34.68649673461914,5.5991644859313965,6.283135414123535,6.437076091766357,3.8188345432281494,8000.0,9.694575306761124,0.5904542572548938
3170-137482-0019,dev-clean,3170,SILK12,2,0.125,True,152.57289123535156,10.617350578308105,5.035892486572266,5.632957935333252,13.39742660522461,4562.5,-19.099809383313186,0.7956179383467005,,,2.0,0.125,26.476266860961914,4.83334493637085,5.035323143005371,5.312685489654541,3.57525634765625,8000.0,7.883439797257164,0.7955910825581556
3170-137482-0019,dev-clean,3170,SILK16,2,0.125,True,148.45669555664062,10.355488777160645,4.063363552093506,4.8455376625061035,13.406973838806152,4593.75,-19.02326233012006,0.8784245326601788,,,2.0,0.125,21.96424674987793,4.313385963439941,4.062409400939941,4.438942909240723,3.52881121635437,8000.0,7.959986850450294,0.8784021246484108
3170-137482-0019,dev-clean,3170,SILK24,2,0.125,True,140.85971069335938,9.934465408325195,2.708270788192749,3.5127549171447754,13.327383995056152,4593.75,-18.23590885910527,0.9594244555979939,,,2.0,0.125,17.344942092895508,3.6737759113311768,2.707268714904785,3.0272350311279297,3.708439350128174,8000.0,8.74734032146508,0.9593954483574464
3170-137482-0019,dev-clean,3170,SILK40,2,0.125,True,134.5402374267578,9.568425178527832,1.3022023439407349,2.1093878746032715,13.212775230407715,4593.75,-16.910129353196556,0.9933037232196354,SILK,,2.0,0.125,15.187597274780273,3.204847812652588,1.3002634048461914,1.5336499214172363,3.9940741062164307,8000.0,10.073119827373798,0.9933019552153184
3170-137482-0025,dev-clean,3170,LP,0,0.0,True,127.4818344116211,8.630175590515137,0.019114665687084198,1.2813106775283813,12.052745819091797,4093.75,-28.29696388915447,0.9999737924400071,LP,,,,,,,,,,,
3170-137482-0025,dev-clean,3170,SILK8,2,0.125,True,131.43753051757812,9.55743408203125,5.767053604125977,6.06026554107666,11.315454483032227,4468.75,-22.243472239114546,0.5925777056689944,,,2.0,0.125,25.48461151123047,4.736433506011963,5.767194747924805,5.866113185882568,2.5595664978027344,8000.0,6.053492902874893,0.5925535597752521
3170-137482-0025,dev-clean,3170,SILK12,2,0.125,True,127.22799682617188,9.201273918151855,4.5624098777771,5.086119174957275,11.378338813781738,4468.75,-24.285341174391156,0.7853719861766674,,,2.0,0.125,18.572664260864258,3.9757087230682373,4.562286853790283,4.778216361999512,2.366853952407837,8000.0,4.0116239675982825,0.785355596874232
3170-137482-0025,dev-clean,3170,SILK16,2,0.125,True,122.9039077758789,8.913965225219727,3.6113035678863525,4.267055034637451,11.371556282043457,4500.0,-23.78252836601567,0.8798425862690887,,,2.0,0.125,14.485121726989746,3.448931932449341,3.610926389694214,3.88828182220459,2.3783435821533203,8000.0,4.5144367759737705,0.8798291835275802
3170-137482-0025,dev-clean,3170,SILK24,2,0.125,True,116.65179443359375,8.500489234924316,2.322766065597534,3.0359795093536377,11.307830810546875,4500.0,-22.787467775999435,0.9592116487931277,,,2.0,0.125,10.329071998596191,2.7739555835723877,2.3224380016326904,2.5901288986206055,2.4986417293548584,8000.0,5.509497365990004,0.9591738323778146
3170-137482-0025,dev-clean,3170,SILK40,2,0.125,True,111.54441833496094,8.158475875854492,1.070394515991211,1.8076789379119873,11.215352058410645,4500.0,-21.496611925726246,0.9934198437958222,SILK,,2.0,0.125,8.490726470947266,2.299631118774414,1.0698636770248413,1.3136014938354492,2.7297523021698,8000.0,6.800353216263194,0.9934121700039252
3170-137482-0033,dev-clean,3170,LP,0,0.0,True,141.1486358642578,8.945878982543945,0.019605938345193863,1.3393923044204712,12.459949493408203,4093.75,-27.892140789824694,0.9999736126652128,LP,,,,,,,,,,,
3170-137482-0033,dev-clean,3170,SILK8,2,0.125,True,138.9160614013672,9.78515625,5.8452467918396,6.117616176605225,11.491944313049316,4468.75,-21.764628716734737,0.614556472876118,,,2.0,0.125,28.0284366607666,4.971149444580078,5.844465732574463,5.905129909515381,3.084523916244507,8000.0,6.127512317593741,0.6144814658639323
3170-137482-0033,dev-clean,3170,SILK12,2,0.125,True,135.44985961914062,9.442923545837402,4.7106614112854,5.2147698402404785,11.571063995361328,4406.25,-22.529496835454196,0.7771867927576949,,,2.0,0.125,21.283945083618164,4.246250629425049,4.709875106811523,4.882261753082275,2.856698751449585,8000.0,5.362644198874284,0.7771669494825566
3170-137482-0033,dev-clean,3170,SILK16,2,0.125,True,132.37294006347656,9.179441452026367,3.7986605167388916,4.464620590209961,11.609405517578125,4468.75,-23.93900789068995,0.8777270470841002,,,2.0,0.125,17.232521057128906,3.743765354156494,3.79744029045105,4.047138214111328,2.825037956237793,8000.0,3.9531331436385306,0.877771273880752
3170-137482-0033,dev-clean,3170,SILK24,2,0.125,True,125.6124038696289,8.757105827331543,2.5332140922546387,3.2448666095733643,11.532694816589355,4468.75,-22.207763852846764,0.9526040842019472,,,2.0,0.125,13.461061477661133,3.155827283859253,2.531874418258667,2.7753984928131104,3.023761749267578,8000.0,5.684377181481715,0.9526301843068697
3170-137482-0033,dev-clean,3170,SILK40,2,0.125,True,119.73466491699219,8.372394561767578,1.1759649515151978,1.9684956073760986,11.421836853027344,4500.0,-20.661499918650428,0.9917182217444546,SILK,,2.0,0.125,11.517523765563965,2.6977269649505615,1.1742098331451416,1.4160759449005127,3.269273042678833,8000.0,7.2306411156780515,0.9917164741272699
3170-137482-0040,dev-clean,3170,LP,0,0.0,True,98.04569244384766,7.302905082702637,0.020423362031579018,1.2321465015411377,10.162238121032715,4093.75,-30.91005286024194,0.9999741257895333,LP,,,,,,,,,,,
3170-137482-0040,dev-clean,3170,SILK8,2,0.125,True,102.82015991210938,8.312837600708008,5.451730251312256,5.724106788635254,9.476655960083008,4437.5,-21.21615096856948,0.5628077500135311,,,2.0,0.125,23.23394775390625,4.465694904327393,5.451292514801025,5.517598628997803,2.4209938049316406,8000.0,9.693910467175135,0.5627955759784113
3170-137482-0040,dev-clean,3170,SILK12,2,0.125,True,98.80094909667969,7.942188262939453,4.265563488006592,4.782608985900879,9.538604736328125,4437.5,-23.178934220905823,0.7733784759130133,,,2.0,0.125,16.845834732055664,3.7241008281707764,4.2648701667785645,4.451946258544922,2.2275936603546143,8000.0,7.73112721483879,0.7733480363147672
3170-137482-0040,dev-clean,3170,SILK16,2,0.125,True,94.9529037475586,7.64253044128418,3.384150266647339,4.006317615509033,9.526726722717285,4437.5,-22.866747979171276,0.8824027823929944,,,2.0,0.125,13.319390296936035,3.233658790588379,3.3830180168151855,3.617703437805176,2.2479958534240723,8000.0,8.043313456573339,0.8823881179676133
3170-137482-0040,dev-clean,3170,SILK24,2,0.125,True,89.44268035888672,7.235046863555908,2.1588826179504395,2.8267014026641846,9.481644630432129,4468.75,-21.874058443733624,0.9611298119922971,,,2.0,0.125,9.68917179107666,2.6072795391082764,2.1575796604156494,2.368885040283203,2.391141414642334,8000.0,9.03600299201099,0.9610883869207311
3170-137482-0040,dev-clean,3170,SILK40,2,0.125,True,85.4413070678711,6.906045436859131,0.9754480123519897,1.7036237716674805,9.416638374328613,4468.75,-20.5123355115849,0.9935906531818217,SILK,,2.0,0.125,8.110451698303223,2.169844627380371,0.9743674397468567,1.159279465675354,2.599120616912842,8000.0,10.397725924159708,0.9935829425914079
3536-23268-0001,dev-clean,3536,LP,0,0.0,True,148.4743194580078,10.186142921447754,0.03292209282517433,1.3932911157608032,14.287699699401855,4093.75,-26.041005991028307,0.9999739066064911,LP,,,,,,,,,,,
3536-23268-0001,dev-clean,3536,SILK8,2,0.125,True,155.2847900390625,11.03754997253418,6.397079944610596,6.599666595458984,13.51442813873291,4375.0,-20.242481625645823,0.6642598988194529,,,2.0,0.125,26.889108657836914,5.018356800079346,6.396224021911621,6.438647270202637,2.294689893722534,8000.0,5.798555341710712,0.6642747419998933
3536-23268-0001,dev-clean,3536,SILK12,2,0.125,True,151.15309143066406,10.733734130859375,5.179318428039551,5.617584228515625,13.622316360473633,4312.5,-21.881278525590186,0.8544676634359544,,,2.0,0.125,19.35955047607422,4.216799736022949,5.177870750427246,5.320921421051025,2.014085054397583,8000.0,4.159758441766347,0.8545039848234607
3536-23268-0001,dev-clean,3536,SILK16,2,0.125,True,146.91807556152344,10.46457290649414,4.186649799346924,4.758975505828857,13.637001037597656,4312.5,-22.171423449558766,0.9130766573736052,,,2.0,0.125,14.605202674865723,3.603334903717041,4.1849775314331055,4.389998435974121,1.9821866750717163,8000.0,3.8696135177977675,0.913147826334945
3536-23268-0001,dev-clean,3536,SILK24,2,0.125,True,140.64622497558594,10.098772048950195,2.8635828495025635,3.5023674964904785,13.590103149414062,4312.5,-21.183706307399856,0.9689157184902083,,,2.0,0.125,9.820927619934082,2.828644037246704,2.861710786819458,3.0759263038635254,2.0683469772338867,8000.0,4.857330659956679,0.968963923670369
3536-23268-0001,dev-clean,3536,SILK40,2,0.125,True,135.2442169189453,9.781034469604492,1.543968915939331,2.213616371154785,13.503619194030762,4343.75,-19.58733949942801,0.9940018599841353,SILK,,2.0,0.125,7.170347690582275,2.1990303993225098,1.5427706241607666,1.7505829334259033,2.259753704071045,8000.0,6.453697467928524,0.9940122298096977
3536-23268-0019,dev-clean,3536,LP,0,0.0,True,151.07632446289062,10.279867172241211,0.031080180779099464,1.4868249893188477,14.40815258026123,4093.75,-25.49195810404597,0.9999738759625084,LP,,,,,,,,,,,
3536-23268-0019,dev-clean,3536,SILK8,2,0.125,True,157.23513793945312,11.087251663208008,6.469107627868652,6.749067306518555,13.596144676208496,4281.25,-20.352232133661694,0.6492829347677135,,,2.0,0.125,27.93337631225586,5.148285388946533,6.468432426452637,6.564553737640381,2.4756791591644287,8000.0,5.139715460932003,0.6493293265620768
3536-23268-0019,dev-clean,3536,SILK12,2,0.125,True,153.05332946777344,10.792989730834961,5.191864967346191,5.7040276527404785,13.730281829833984,4187.5,-21.38788115171217,0.832115986313567,,,2.0,0.125,19.677724838256836,4.2948079109191895,5.191009998321533,5.385178565979004,2.211946964263916,8000.0,4.104066442881526,0.8322037421297451
3536-23268-0019,dev-clean,3536,SILK16,2,0.125,True,148.36244201660156,10.510885238647461,4.202103137969971,4.818530082702637,13.726729393005371,4156.25,-21.605544854716605,0.9061021173303011,,,2.0,0.125,14.963235855102539,3.6914288997650146,4.201048851013184,4.439359188079834,2.166557550430298,8000.0,3.8864027398770897,0.906132806537069
3536-23268-0019,dev-clean,3536,SILK24,2,0.125,True,141.27247619628906,10.105188369750977,2.817000389099121,3.5050032138824463,13.641705513000488,4187.5,-20.876723769845906,0.9658315467219234,,,2.0,0.125,10.176390647888184,2.9173271656036377,2.8165485858917236,3.0855984687805176,2.2732009887695312,8000.0,4.615223824747792,0.9658702354208344
3536-23268-0019,dev-clean,3536,SILK40,2,0.125,True,135.63755798339844,9.78661823272705,1.5141024589538574,2.2417526245117188,13.533814430236816,4343.75,-19.683793847575252,0.9927838447720643,SILK,,2.0,0.125,7.672309875488281,2.338555097579956,1.513562798500061,1.8210080862045288,2.4653565883636475,8000.0,5.808153747018443,0.9927926750771224
3536-8226-0004,dev-clean,3536,LP,0,0.0,True,101.59494018554688,7.999434471130371,0.02848813496530056,1.2596089839935303,11.194523811340332,4093.75,-25.764909992321996,0.9999735589868491,LP,,,,,,,,,,,
3536-8226-0004,dev-clean,3536,SILK8,2,0.125,True,108.95069122314453,8.999748229980469,5.857034683227539,6.042416572570801,10.531567573547363,4312.5,-21.001578494594142,0.7160368182264532,,,2.0,0.125,21.774595260620117,4.495612621307373,5.855905532836914,5.847431182861328,1.7695930004119873,8000.0,4.763401923549636,0.7160295931277093
3536-8226-0004,dev-clean,3536,SILK12,2,0.125,True,103.80317687988281,8.610221862792969,4.613887786865234,4.9837822914123535,10.585902214050293,4281.25,-21.208799636391976,0.8693496817844354,,,2.0,0.125,15.125777244567871,3.702504873275757,4.612707614898682,4.702897548675537,1.643528699874878,8000.0,4.5561807817518005,0.8693703792813494
3536-8226-0004,dev-clean,3536,SILK16,2,0.125,True,99.74275207519531,8.306596755981445,3.6851584911346436,4.1367316246032715,10.583481788635254,4312.5,-20.799337630383754,0.9315688429287753,,,2.0,0.125,11.158641815185547,3.124751091003418,3.684030055999756,3.8141486644744873,1.6265995502471924,8000.0,4.965642787760028,0.9315889989210243
3536-8226-0004,dev-clean,3536,SILK24,2,0.125,True,94.73739624023438,7.936628341674805,2.4993813037872314,3.015291929244995,10.533201217651367,4312.5,-19.756003558610907,0.9767175250575006,,,2.0,0.125,7.475731372833252,2.4381422996520996,2.4981212615966797,2.65134859085083,1.713101863861084,8000.0,6.008976859532869,0.9767475334833474
3536-8226-0004,dev-clean,3536,SILK40,2,0.125,True,90.8369369506836,7.6467413902282715,1.373637080192566,1.9445284605026245,10.463919639587402,4312.5,-18.482484059507982,0.9954576845341903,SILK,,2.0,0.125,5.484402656555176,1.896780252456665,1.3726696968078613,1.5637528896331787,1.8528982400894165,8000.0,7.282496358635795,0.9954628787449111
3536-8226-0007,dev-clean,3536,LP,0,0.0,True,173.09535217285156,10.609920501708984,0.028313176706433296,1.3482730388641357,14.887176513671875,4093.75,-31.29424128909374,0.999974160856334,LP,,,,,,,,,,,
3536-8226-0007,dev-clean,3536,SILK8,2,0.125,True,177.52822875976562,11.381511688232422,6.102776050567627,6.332040786743164,14.060317993164062,4187.5,-26.580032772081648,0.6576598037468674,,,2.0,0.125,24.619028091430664,4.795565605163574,6.1023783683776855,6.1227126121521,2.171652317047119,8000.0,4.714169132596929,0.6577277093548677
3536-8226-0007,dev-clean,3536,SILK12,2,0.125,True,174.78750610351562,11.119232177734375,4.915332794189453,5.422115802764893,14.186098098754883,4187.5,-27.563505001828457,0.8590313897603322,,,2.0,0.125,17.876426696777344,4.048374176025391,4.91409158706665,5.077726364135742,1.9526728391647339,8000.0,3.730696902850117,0.8591207745539062
3536-8226-0007,dev-clean,3536,SILK16,2,0.125,True,170.10313415527344,10.836865425109863,4.0092597007751465,4.5797247886657715,14.170856475830078,4187.5,-27.582694844513803,0.9336996180302634,,,2.0,0.125,13.519007682800293,3.4669344425201416,4.00807523727417,4.171982288360596,1.9229230880737305,8000.0,3.7115070601647733,0.9337862933900237
3536-8226-0007,dev-clean,3536,SILK24,2,0.125,True,163.4350128173828,10.468286514282227,2.755904197692871,3.360471487045288,14.086689949035645,4187.5,-26.746753927100954,0.9768686741642579,,,2.0,0.125,9.061367988586426,2.7478742599487305,2.7550559043884277,2.9182584285736084,2.021364688873291,8000.0,4.547447977577621,0.9769295180289681
3536-8226-0007,dev-clean,3536,SILK40,2,0.125,True,157.95689392089844,10.161364555358887,1.5529578924179077,2.1758337020874023,13.987092018127441,4187.5,-25.504307655120797,0.9948679496261813,SILK,,2.0,0.125,6.78494930267334,2.189103841781616,1.5526658296585083,1.7249802350997925,2.1960031986236572,8000.0,5.789894249557776,0.994890704708331
3536-8226-0019,dev-clean,3536,LP,0,0.0,True,85.90453338623047,7.2388434410095215,0.02948179468512535,1.1786226034164429,10.115429878234863,4093.75,-25.55479174013636,0.9999733756637558,LP,,,,,,,,,,,
3536-8226-0019,dev-clean,3536,SILK8,2,0.125,True,95.88441467285156,8.444009780883789,5.777795791625977,5.862961769104004,9.667603492736816,4343.75,-17.801913706902024,0.677734987180514,,,2.0,0.125,19.791522979736328,4.279731750488281,5.776547431945801,5.679222106933594,1.4345511198043823,8000.0,7.753269697360677,0.677724978781657
3536-8226-0019,dev-clean,3536,SILK12,2,0.125,True,91.78001403808594,8.094706535339355,4.637983798980713,4.939118385314941,9.737847328186035,4343.75,-19.052467426232916,0.8437027346791615,,,2.0,0.125,13.875633239746094,3.552217483520508,4.6363019943237305,4.658499240875244,1.271295189857483,8000.0,6.502715978029787,0.8436903895303146
3536-8226-0019,dev-clean,3536,SILK16,2,0.125,True,87.8065185546875,7.77911901473999,3.722087860107422,4.1083598136901855,9.728167533874512,4312.5,-18.243879643016676,0.9141077695336709,,,2.0,0.125,10.020544052124023,2.980015993118286,3.720465898513794,3.7760093212127686,1.2943646907806396,8000.0,7.311303761246025,0.9141360797834592
3536-8226-0019,dev-clean,3536,SILK24,2,0.125,True,82.86700439453125,7.384609222412109,2.457996368408203,2.9540369510650635,9.694806098937988,4312.5,-17.81110302991391,0.9692199878447164,,,2.0,0.125,6.0745439529418945,2.2259113788604736,2.456592321395874,2.5640125274658203,1.3330329656600952,8000.0,7.7440803743487905,0.9692437081596788
3536-8226-0019,dev-clean,3536,SILK40,2,0.125,True,78.9856948852539,7.073543071746826,1.3675626516342163,1.8981832265853882,9.619277954101562,4343.75,-16.551832691521206,0.9937347770489092,SILK,,2.0,0.125,4.204092025756836,1.6737678050994873,1.3659954071044922,1.4888889789581299,1.4837749004364014,8000.0,9.003350712741495,0.9937498160527783
