model,scope,quantity,kind,unit,estimate,ci_lower,ci_upper,excludes_zero,n_boot_valid,n_speakers,n_utterances,n_words
whisper,pooled,wer_LP,micro,pp,2.6326093465693163,2.3122993765314614,2.9791724548605365,True,10000,73,2174,43417
whisper,pooled,cer_LP,micro,pp,1.027923952906536,0.8797330189093346,1.1926538635133683,True,10000,73,2174,43417
whisper,pooled,wer_OPUS,micro,pp,3.3212796830734503,2.855312905252478,3.8158819677829325,True,10000,73,2174,43417
whisper,pooled,cer_OPUS,micro,pp,1.339017732345428,1.1121425778263605,1.5950660825634326,True,10000,73,2174,43417
whisper,pooled,wer_OPUS8_LEVEL_MATCHED,micro,pp,3.332795909436396,2.871132299118758,3.8266087127958954,True,10000,73,2174,43417
whisper,pooled,cer_OPUS8_LEVEL_MATCHED,micro,pp,1.3420848541145438,1.1162458520928569,1.5963145383543513,True,10000,73,2174,43417
whisper,pooled,L_level_matched_minus_lp,micro,pp,0.7001865628670796,0.4738970784666747,0.9511146945900709,True,10000,73,2174,43417
whisper,pooled,L_level_matched_minus_lp,micro_cer,pp,0.3141609012080078,0.202250526884043,0.4413160124755806,True,10000,73,2174,43417
whisper,pooled,L_level_matched_minus_lp,macro,pp,1.0140432746105972,0.652982676632674,1.4038289328168088,True,10000,73,2174,43417
whisper,pooled,L_level_matched_minus_lp_S,micro_error_type,per_100_words,0.5159269410599534,0.3504802705757539,0.707428373094412,True,10000,73,2174,43417
whisper,pooled,L_level_matched_minus_lp_D,micro_error_type,per_100_words,0.1036460372665085,0.051077948044456825,0.16379307883389116,True,10000,73,2174,43417
whisper,pooled,L_level_matched_minus_lp_I,micro_error_type,per_100_words,0.08061358454061773,0.03156907261072964,0.13427207900865304,True,10000,73,2174,43417
whisper,pooled,K_level_matched_minus_opus,micro,pp,0.011516226362945359,-0.00709920556785714,0.03214957840912585,False,10000,73,2174,43417
whisper,pooled,K_level_matched_minus_opus,micro_cer,pp,0.003067121769115798,-0.0061209203335717876,0.012112522689719048,False,10000,73,2174,43417
whisper,pooled,K_level_matched_minus_opus,macro,pp,0.005993259580496748,-0.016151706676665635,0.028000938573881067,False,10000,73,2174,43417
whisper,pooled,K_level_matched_minus_opus_S,micro_error_type,per_100_words,0.009212981090356311,-0.007019280257485496,0.0254814400125152,False,10000,73,2174,43417
whisper,pooled,K_level_matched_minus_opus_D,micro_error_type,per_100_words,0.004606490545178156,-0.004518875345904208,0.013903822670905733,False,10000,73,2174,43417
whisper,pooled,K_level_matched_minus_opus_I,micro_error_type,per_100_words,-0.002303245272589078,-0.013998454341977353,0.006715969583343723,False,10000,73,2174,43417
whisper,pooled,T_opus_minus_lp,micro,pp,0.6886703365041342,0.46084779126575975,0.9405217301529855,True,10000,73,2174,43417
whisper,pooled,T_opus_minus_lp,micro_cer,pp,0.31109377943889205,0.197978485475495,0.43942448858960914,True,10000,73,2174,43417
whisper,pooled,T_opus_minus_lp,macro,pp,1.0080500150301006,0.6407367060932075,1.4036780120677497,True,10000,73,2174,43417
whisper,pooled,T_opus_minus_lp_S,micro_error_type,per_100_words,0.5067139599695971,0.3371202130420557,0.7045652668072265,True,10000,73,2174,43417
whisper,pooled,T_opus_minus_lp_D,micro_error_type,per_100_words,0.09903954672133035,0.047356867759271976,0.15864873288541279,True,10000,73,2174,43417
whisper,pooled,T_opus_minus_lp_I,micro_error_type,per_100_words,0.0829168298132068,0.032606595284672885,0.13632493503354548,True,10000,73,2174,43417
whisper,test-clean,wer_LP,micro,pp,1.589212617385023,1.3106606328623558,1.8914827303655575,True,10000,40,1190,24918
whisper,test-clean,cer_LP,micro,pp,0.5203007518796993,0.407504367743298,0.6464433494764047,True,10000,40,1190,24918
whisper,test-clean,wer_OPUS,micro,pp,1.8821735291756962,1.5305302643049927,2.258488902756997,True,10000,40,1190,24918
whisper,test-clean,cer_OPUS,micro,pp,0.6210526315789474,0.4879612496444141,0.7680695094769064,True,10000,40,1190,24918
whisper,test-clean,wer_OPUS8_LEVEL_MATCHED,micro,pp,1.9102656714021993,1.5562647758980963,2.2893547568621893,True,10000,40,1190,24918
whisper,test-clean,cer_OPUS8_LEVEL_MATCHED,micro,pp,0.6285714285714286,0.49605158721056153,0.7748324202413664,True,10000,40,1190,24918
whisper,test-clean,L_level_matched_minus_lp,micro,pp,0.32105305401717643,0.1712825517363453,0.49586079882569467,True,10000,40,1190,24918
whisper,test-clean,L_level_matched_minus_lp,micro_cer,pp,0.10827067669172936,0.04111838583041032,0.18345885953298643,True,10000,40,1190,24918
whisper,test-clean,L_level_matched_minus_lp,macro,pp,0.3995433366017143,0.175383300305684,0.6429379213853438,True,10000,40,1190,24918
whisper,test-clean,L_level_matched_minus_lp_S,micro_error_type,per_100_words,0.24480295368809693,0.13644137973094586,0.3690897544822227,True,10000,40,1190,24918
whisper,test-clean,L_level_matched_minus_lp_D,micro_error_type,per_100_words,0.04815795810257645,0.0039885995750304805,0.09520790485316492,True,10000,40,1190,24918
whisper,test-clean,L_level_matched_minus_lp_I,micro_error_type,per_100_words,0.02809214222650293,-0.01629645203111762,0.07891184976995977,False,10000,40,1190,24918
whisper,test-clean,K_level_matched_minus_opus,micro,pp,0.02809214222650319,0.0,0.059441487817221215,False,10000,40,1190,24918
whisper,test-clean,K_level_matched_minus_opus,micro_cer,pp,0.007518796992481234,0.0,0.01745424422710203,False,10000,40,1190,24918
whisper,test-clean,K_level_matched_minus_opus,macro,pp,0.02661181431636981,0.0,0.05802529783843359,False,10000,40,1190,24918
whisper,test-clean,K_level_matched_minus_opus_S,micro_error_type,per_100_words,0.016052652700858816,0.0,0.03518686685618311,False,10000,40,1190,24918
whisper,test-clean,K_level_matched_minus_opus_D,micro_error_type,per_100_words,0.008026326350429408,0.0,0.02025601701786582,False,10000,40,1190,24918
whisper,test-clean,K_level_matched_minus_opus_I,micro_error_type,per_100_words,0.004013163175214704,0.0,0.012778545694066402,False,10000,40,1190,24918
whisper,test-clean,T_opus_minus_lp,micro,pp,0.2929609117906733,0.14615815018357456,0.46294647036555664,True,10000,40,1190,24918
whisper,test-clean,T_opus_minus_lp,micro_cer,pp,0.10075187969924813,0.03435896240800777,0.17438183590433273,True,10000,40,1190,24918
whisper,test-clean,T_opus_minus_lp,macro,pp,0.3729315222853446,0.15267108296792184,0.611738158064416,True,10000,40,1190,24918
whisper,test-clean,T_opus_minus_lp_S,micro_error_type,per_100_words,0.22875030098723814,0.12112132975792841,0.35156600404263477,True,10000,40,1190,24918
whisper,test-clean,T_opus_minus_lp_D,micro_error_type,per_100_words,0.04013163175214704,-0.004016229583905838,0.08762503578362889,False,10000,40,1190,24918
whisper,test-clean,T_opus_minus_lp_I,micro_error_type,per_100_words,0.024078979051288224,-0.01706417825457141,0.0690447569867221,False,10000,40,1190,24918
whisper,test-other,wer_LP,micro,pp,4.0380561111411435,3.388351259595709,4.787419136008735,True,10000,33,984,18499
whisper,test-other,cer_LP,micro,pp,1.7369023491236728,1.422845525478431,2.116767520428383,True,10000,33,984,18499
whisper,test-other,wer_OPUS,micro,pp,5.25974376993351,4.295124080879691,6.370436126305552,True,10000,33,984,18499
whisper,test-other,cer_OPUS,micro,pp,2.341772816533126,1.8349025411287903,2.941080161050974,True,10000,33,984,18499
whisper,test-other,wer_OPUS8_LEVEL_MATCHED,micro,pp,5.248932374722958,4.29443139562823,6.353405174566522,True,10000,33,984,18499
whisper,test-other,cer_OPUS8_LEVEL_MATCHED,micro,pp,2.3386224495153685,1.8372344303539756,2.9297635976897087,True,10000,33,984,18499
whisper,test-other,L_level_matched_minus_lp,micro,pp,1.210876263581815,0.7443147403653024,1.7558930310209129,True,10000,33,984,18499
whisper,test-other,L_level_matched_minus_lp,micro_cer,pp,0.6017201003916957,0.36084869951989407,0.8859362193621613,True,10000,33,984,18499
whisper,test-other,L_level_matched_minus_lp,macro,pp,1.7571885248449173,1.0306640103503124,2.563427312529462,True,10000,33,984,18499
whisper,test-other,L_level_matched_minus_lp_S,micro_error_type,per_100_words,0.8811287096599816,0.5319990656687188,1.306954697247067,True,10000,33,984,18499
whisper,test-other,L_level_matched_minus_lp_D,micro_error_type,per_100_words,0.1783880209741067,0.07119747308422107,0.3077787296203885,True,10000,33,984,18499
whisper,test-other,L_level_matched_minus_lp_I,micro_error_type,per_100_words,0.1513595329477269,0.057171592071997214,0.26482315842523513,True,10000,33,984,18499
whisper,test-other,K_level_matched_minus_opus,micro,pp,-0.010811395210551938,-0.037214817394494025,0.0157159396466614,False,10000,33,984,18499
whisper,test-other,K_level_matched_minus_opus,micro_cer,pp,-0.0031503670177575327,-0.022414578536529315,0.014428207593739568,False,10000,33,984,18499
whisper,test-other,K_level_matched_minus_opus,macro,pp,-0.01894178120780502,-0.056620268766779946,0.013322081165805869,False,10000,33,984,18499
whisper,test-other,K_level_matched_minus_opus_S,micro_error_type,per_100_words,0.0,-0.03141365368489181,0.028381918527669157,False,10000,33,984,18499
whisper,test-other,K_level_matched_minus_opus_D,micro_error_type,per_100_words,0.0,-0.015765431402384816,0.015799597952592084,False,10000,33,984,18499
whisper,test-other,K_level_matched_minus_opus_I,micro_error_type,per_100_words,-0.010811395210551923,-0.035308708454561376,0.0,False,10000,33,984,18499
whisper,test-other,T_opus_minus_lp,micro,pp,1.221687658792367,0.750116048739437,1.7761905322710887,True,10000,33,984,18499
whisper,test-other,T_opus_minus_lp,micro_cer,pp,0.6048704674094532,0.3604247600504227,0.8946132368753653,True,10000,33,984,18499
whisper,test-other,T_opus_minus_lp,macro,pp,1.776130306052722,1.0315530568399913,2.6048583622605666,True,10000,33,984,18499
whisper,test-other,T_opus_minus_lp_S,micro_error_type,per_100_words,0.8811287096599816,0.525729344544008,1.3162678978640772,True,10000,33,984,18499
whisper,test-other,T_opus_minus_lp_D,micro_error_type,per_100_words,0.1783880209741067,0.07353240553238082,0.30454254084302074,True,10000,33,984,18499
whisper,test-other,T_opus_minus_lp_I,micro_error_type,per_100_words,0.16217092815827883,0.06243122824853444,0.2817916647968491,True,10000,33,984,18499
wav2vec2,pooled,wer_LP,micro,pp,6.764631365594122,5.886536498903172,7.73973834906699,True,10000,73,2174,43417
wav2vec2,pooled,cer_LP,micro,pp,2.4002418644595074,2.0290812442704,2.8250456517094467,True,10000,73,2174,43417
wav2vec2,pooled,wer_OPUS,micro,pp,8.835248865651703,7.716023503638021,10.171154939913132,True,10000,73,2174,43417
wav2vec2,pooled,cer_OPUS,micro,pp,3.495204336033861,2.9384356658393584,4.150890478484253,True,10000,73,2174,43417
wav2vec2,pooled,wer_OPUS8_LEVEL_MATCHED,micro,pp,8.853674827832416,7.7352976464506265,10.179951964541122,True,10000,73,2174,43417
wav2vec2,pooled,cer_OPUS8_LEVEL_MATCHED,micro,pp,3.496518816792053,2.9406575334291616,4.152385648693088,True,10000,73,2174,43417
wav2vec2,pooled,L_level_matched_minus_lp,micro,pp,2.0890434622382936,1.7100818907692852,2.568286069555605,True,10000,73,2174,43417
wav2vec2,pooled,L_level_matched_minus_lp,micro_cer,pp,1.096276952332546,0.8691671388269543,1.3948607497695815,True,10000,73,2174,43417
wav2vec2,pooled,L_level_matched_minus_lp,macro,pp,2.6361676913552454,2.1605953923093075,3.1460656926463564,True,10000,73,2174,43417
wav2vec2,pooled,L_level_matched_minus_lp_S,micro_error_type,per_100_words,1.7942280673468918,1.4775793261079084,2.1906581674494516,True,10000,73,2174,43417
wav2vec2,pooled,L_level_matched_minus_lp_D,micro_error_type,per_100_words,0.14049796162793377,0.056696060476517415,0.22556593391319255,True,10000,73,2174,43417
wav2vec2,pooled,L_level_matched_minus_lp_I,micro_error_type,per_100_words,0.15431743326346822,0.09988108234904665,0.21306486209298703,True,10000,73,2174,43417
wav2vec2,pooled,K_level_matched_minus_opus,micro,pp,0.018425962180712574,-0.027695460921222412,0.06221674502336308,False,10000,73,2174,43417
wav2vec2,pooled,K_level_matched_minus_opus,micro_cer,pp,0.00131448075819246,-0.01030915415474202,0.0129050355499263,False,10000,73,2174,43417
wav2vec2,pooled,K_level_matched_minus_opus,macro,pp,0.029759888116079245,-0.056038322220360474,0.10599401502008708,False,10000,73,2174,43417
wav2vec2,pooled,K_level_matched_minus_opus_S,micro_error_type,per_100_words,0.004606490545178156,-0.03378353679907218,0.04068005762357746,False,10000,73,2174,43417
wav2vec2,pooled,K_level_matched_minus_opus_D,micro_error_type,per_100_words,0.006909735817767234,-0.014118992516519694,0.027642301748628022,False,10000,73,2174,43417
wav2vec2,pooled,K_level_matched_minus_opus_I,micro_error_type,per_100_words,0.006909735817767234,-0.006805217110457258,0.020767881168805,False,10000,73,2174,43417
wav2vec2,pooled,T_opus_minus_lp,micro,pp,2.070617500057581,1.679111733009272,2.567087421302722,True,10000,73,2174,43417
wav2vec2,pooled,T_opus_minus_lp,micro_cer,pp,1.0949624715743536,0.8657325310701249,1.3974934160403307,True,10000,73,2174,43417
wav2vec2,pooled,T_opus_minus_lp,macro,pp,2.606407803239166,2.119437614965015,3.1288195752652443,True,10000,73,2174,43417
wav2vec2,pooled,T_opus_minus_lp_S,micro_error_type,per_100_words,1.7896215768017136,1.4625552354136258,2.206618172313862,True,10000,73,2174,43417
wav2vec2,pooled,T_opus_minus_lp_D,micro_error_type,per_100_words,0.13358822581016652,0.046870750749817315,0.22267098340821675,True,10000,73,2174,43417
wav2vec2,pooled,T_opus_minus_lp_I,micro_error_type,per_100_words,0.14740769744570098,0.09240104456526393,0.20365836247153443,True,10000,73,2174,43417
wav2vec2,test-clean,wer_LP,micro,pp,3.7121759370736016,3.2521697941881302,4.182072206536342,True,10000,40,1190,24918
wav2vec2,test-clean,cer_LP,micro,pp,1.0984962406015037,0.935364831336034,1.264374378988447,True,10000,40,1190,24918
wav2vec2,test-clean,wer_OPUS,micro,pp,4.647242956898627,4.084399641975383,5.243479445332741,True,10000,40,1190,24918
wav2vec2,test-clean,cer_OPUS,micro,pp,1.5105263157894737,1.2730122967577877,1.7685113754776918,True,10000,40,1190,24918
wav2vec2,test-clean,wer_OPUS8_LEVEL_MATCHED,micro,pp,4.67533509912513,4.116934023918317,5.260050106450782,True,10000,40,1190,24918
wav2vec2,test-clean,cer_OPUS8_LEVEL_MATCHED,micro,pp,1.518045112781955,1.279174111869383,1.7766590404801539,True,10000,40,1190,24918
wav2vec2,test-clean,L_level_matched_minus_lp,micro,pp,0.9631591620515287,0.7490328100863601,1.202940769499797,True,10000,40,1190,24918
wav2vec2,test-clean,L_level_matched_minus_lp,micro_cer,pp,0.4195488721804511,0.30555891912279326,0.5477801549362145,True,10000,40,1190,24918
wav2vec2,test-clean,L_level_matched_minus_lp,macro,pp,1.264330931747414,0.9420401335093319,1.6261414291391076,True,10000,40,1190,24918
wav2vec2,test-clean,L_level_matched_minus_lp_S,micro_error_type,per_100_words,0.8748695721968056,0.670257528169101,1.1064959701392485,True,10000,40,1190,24918
wav2vec2,test-clean,L_level_matched_minus_lp_D,micro_error_type,per_100_words,0.016052652700858816,-0.040819160181554,0.07206655986307368,False,10000,40,1190,24918
wav2vec2,test-clean,L_level_matched_minus_lp_I,micro_error_type,per_100_words,0.07223693715386469,0.025537266862881436,0.11896804161711831,True,10000,40,1190,24918
wav2vec2,test-clean,K_level_matched_minus_opus,micro,pp,0.028092142226502498,-0.012542344373899275,0.06860948091882994,False,10000,40,1190,24918
wav2vec2,test-clean,K_level_matched_minus_opus,micro_cer,pp,0.0075187969924813206,-0.003037309634949876,0.019858482154853346,False,10000,40,1190,24918
wav2vec2,test-clean,K_level_matched_minus_opus,macro,pp,0.022129103687101814,-0.035479358987458805,0.0801902542721358,False,10000,40,1190,24918
wav2vec2,test-clean,K_level_matched_minus_opus_S,micro_error_type,per_100_words,0.016052652700858816,-0.016633520945297953,0.04815911778297125,False,10000,40,1190,24918
wav2vec2,test-clean,K_level_matched_minus_opus_D,micro_error_type,per_100_words,0.012039489525644112,0.0,0.026083582668226194,False,10000,40,1190,24918
wav2vec2,test-clean,K_level_matched_minus_opus_I,micro_error_type,per_100_words,0.0,-0.012019532033286543,0.011621195517921575,False,10000,40,1190,24918
wav2vec2,test-clean,T_opus_minus_lp,micro,pp,0.9350670198250262,0.718846334584443,1.178391692443927,True,10000,40,1190,24918
wav2vec2,test-clean,T_opus_minus_lp,micro_cer,pp,0.41203007518796975,0.3002722967685027,0.539623620371514,True,10000,40,1190,24918
wav2vec2,test-clean,T_opus_minus_lp,macro,pp,1.2422018280603124,0.9224417478521352,1.5992220986086418,True,10000,40,1190,24918
wav2vec2,test-clean,T_opus_minus_lp_S,micro_error_type,per_100_words,0.8588169194959466,0.6529012993068574,1.0942927175431145,True,10000,40,1190,24918
wav2vec2,test-clean,T_opus_minus_lp_D,micro_error_type,per_100_words,0.004013163175214704,-0.050462312534707815,0.057495338922071634,False,10000,40,1190,24918
wav2vec2,test-clean,T_opus_minus_lp_I,micro_error_type,per_100_words,0.07223693715386469,0.028069387596351594,0.11815107840378561,True,10000,40,1190,24918
wav2vec2,test-other,wer_LP,micro,pp,10.876263581815234,8.91550116383944,13.1385059830765,True,10000,33,984,18499
wav2vec2,test-other,cer_LP,micro,pp,4.218341436777385,3.348835992109327,5.220443115629514,True,10000,33,984,18499
wav2vec2,test-other,wer_OPUS,micro,pp,14.476458186929023,11.954427700824597,17.524661016579277,True,10000,33,984,18499
wav2vec2,test-other,cer_OPUS,micro,pp,6.267130120659056,4.984023799306597,7.821072619204287,True,10000,33,984,18499
wav2vec2,test-other,wer_OPUS8_LEVEL_MATCHED,micro,pp,14.481863884534299,11.956599821823373,17.511530191403445,True,10000,33,984,18499
wav2vec2,test-other,cer_OPUS8_LEVEL_MATCHED,micro,pp,6.259779264284289,4.9870402383114305,7.802897796479522,True,10000,33,984,18499
wav2vec2,test-other,L_level_matched_minus_lp,micro,pp,3.6056003027190657,2.8050885714193963,4.636919426268055,True,10000,33,984,18499
wav2vec2,test-other,L_level_matched_minus_lp,micro_cer,pp,2.041437827506904,1.5521736049670771,2.702963201368714,True,10000,33,984,18499
wav2vec2,test-other,L_level_matched_minus_lp,macro,pp,4.295197918929756,3.3537478494907065,5.348848138821391,True,10000,33,984,18499
wav2vec2,test-other,L_level_matched_minus_lp_S,micro_error_type,per_100_words,3.0325963565598144,2.3926021558178507,3.869370171556134,True,10000,33,984,18499
wav2vec2,test-other,L_level_matched_minus_lp_D,micro_error_type,per_100_words,0.30812476350072976,0.12902637218819574,0.5002998510326657,True,10000,33,984,18499
wav2vec2,test-other,L_level_matched_minus_lp_I,micro_error_type,per_100_words,0.2648791826585221,0.15624891039051605,0.38602186289200274,True,10000,33,984,18499
wav2vec2,test-other,K_level_matched_minus_opus,micro,pp,0.005405697605276316,-0.08401629396082591,0.09016498642025059,False,10000,33,984,18499
wav2vec2,test-other,K_level_matched_minus_opus,micro_cer,pp,-0.007350856374767345,-0.030157209734251695,0.014307617195949581,False,10000,33,984,18499
wav2vec2,test-other,K_level_matched_minus_opus,macro,pp,0.03898817416331823,-0.13399035976013596,0.18987478238649044,False,10000,33,984,18499
wav2vec2,test-other,K_level_matched_minus_opus_S,micro_error_type,per_100_words,-0.010811395210551923,-0.08971695009761449,0.06275734397095768,False,10000,33,984,18499
wav2vec2,test-other,K_level_matched_minus_opus_D,micro_error_type,per_100_words,0.0,-0.045198563521416844,0.04511293329804874,False,10000,33,984,18499
wav2vec2,test-other,K_level_matched_minus_opus_I,micro_error_type,per_100_words,0.016217092815827883,-0.011207055976160823,0.04517866197505708,False,10000,33,984,18499
wav2vec2,test-other,T_opus_minus_lp,micro,pp,3.6001946051137894,2.777937319373321,4.675821506638377,True,10000,33,984,18499
wav2vec2,test-other,T_opus_minus_lp,micro_cer,pp,2.0487886838816713,1.5540008967945314,2.7186192280612063,True,10000,33,984,18499
wav2vec2,test-other,T_opus_minus_lp,macro,pp,4.256209744766439,3.2719767120744265,5.336971131639938,True,10000,33,984,18499
wav2vec2,test-other,T_opus_minus_lp_S,micro_error_type,per_100_words,3.0434077517703657,2.3867520097050283,3.928592151223311,True,10000,33,984,18499
wav2vec2,test-other,T_opus_minus_lp_D,micro_error_type,per_100_words,0.30812476350072976,0.11779035592522374,0.5109958030260758,True,10000,33,984,18499
wav2vec2,test-other,T_opus_minus_lp_I,micro_error_type,per_100_words,0.2486620898426942,0.1387570698393702,0.3662800526846105,True,10000,33,984,18499
