utterance,speaker_id,sex,num_samples,length_equals_ref,finite,normal_equation_residual,lstsq_fallback,nmse_db,explained_energy_fraction,lin8_rms_change_db,opus8_rms_change_db,lin8_sha256,gain_0p5_2k_db,mag_2000_db,rel_2000_db,mag_2500_db,rel_2500_db,mag_3000_db,rel_3000_db,mag_3500_db,rel_3500_db,mag_4000_db,rel_4000_db,linear_delay_samples,peak_delay_samples,ogg_sha256,opus8_sha256,second_pass_identical,causal_span_nmse_db
19-227-0029,19,F,230560,True,True,4.312383075795417e-16,False,-10.834202537758227,0.9174760996010931,-0.9998035484109451,-0.6257508088662347,0ca07017cb16dcf454e263567b4e2646e9b9317c597f0624e789cd9878b9100c,-1.9204971438109866,-3.8975106934540102,-1.9770135496430237,-5.349632942328019,-3.4291357985170325,-10.020374630526131,-8.099877486715144,-7.829419582463841,-5.908922438652855,-17.01369977720496,-15.093202633393972,1.7451090648530878,2,7373b4cdcf8fba6a16f42c75d395f9e50306ce7324d1167d91337d78f2acca9e,b915271020ee486812eec3aeb7a4679b528d18504db0dd3780266d12f36b35f5,True,-10.824178793534212
39-121915-0030,39,F,196080,True,True,4.436350073562126e-16,False,-12.689641823280464,0.9461685822801434,-1.0366918746850822,-0.796377031302093,6c826d13971bd30a53b5fc5359ad03ddcf5b3c86c5b57989f32d793ebe5fafa2,-2.0990957913045545,-6.9929371570730225,-4.893841365768468,-7.2497867744027955,-5.150690983098241,-5.580512639670595,-3.481416848366041,-8.868709386325245,-6.76961359502069,-22.353768061952156,-20.254672270647603,1.5579087874373072,2,0dd97a1c643be0215fe8e3ebb4d59af43460eb566fdff546971815feee72cb14,3e674c0c1eeeb955e6be3b1b3dd45eaa808aa9e4aae39586098cee3366353e1c,True,-12.613859338991604
87-121553-0000,87,F,251760,True,True,5.607688445133303e-16,False,-12.48845009350913,0.9436161157744452,-0.7907156092437749,-0.538668994692524,ae929fe387c50242ad1a157e87afb92b2a8993b17325c8d3a3bc306d2c66ec36,-1.68682815026232,-3.7084462594253855,-2.0216181091630654,-4.875736309282686,-3.1889081590203663,-6.402570589758182,-4.715742439495862,-19.167841931334372,-17.481013781072054,-21.452446275563073,-19.765618125300755,1.7303853082523708,2,81cf512ceb59641f7e184460c3c0b6f03098458341b39f595a2353d35d0b1074,2feb9bfad4ba11d36b48363911aae4f6b20e2704f6500433ebf8b0b95f0e82f3,True,-12.415716584984208
196-122159-0010,196,M,220400,True,True,4.02154364898117e-16,False,-11.986930976814513,0.9367141085016242,-0.9946504656997811,-0.7107210538770807,4f6a34ce6a47fdbc00e4b3972aea280851f4ad7d603c95f90883734121c0bad9,-1.3359717113806349,-3.6038807088922953,-2.26790899751166,-5.024486472381878,-3.688514761001243,-5.913460107558617,-4.577488396177982,-9.420692537816194,-8.084720826435559,-18.525019072284913,-17.18904736090428,1.7313214025691028,2,de381ab64444a8426b79c724f1d09ef137b0053cdc9222e69600557bee723859,ccbce43dd44d9756795a9c6bfe9e0d29fc376a20df5a8dcd5b181fc942da0c01,True,-11.87193785661149
201-127786-0063,201,M,227440,True,True,4.072370547983819e-16,False,-11.490702492439702,0.9290537000408097,-1.194941990201672,-0.8753500397090984,1a0990bae55ec3ab9d504bf9097edc15b5748d7e185f8f7f705f9e2f7bcb151f,-2.811883675376768,-4.492125666307965,-1.6802419909311967,-6.508741515751445,-3.6968578403746766,-6.5832290027718345,-3.7713453273950663,-12.800379037463646,-9.988495362086878,-16.911043878736564,-14.099160203359796,1.6643087630944027,2,4d1031461e4983722cf73015e1b8d663fdf2a260573339f0e5e50b1be6dd380d,aa4777c41889d4de76890db79c821d8c44b8b879baa9eb6d66b1de0aad0d4cc2,True,-11.405120850915258
226-122538-0015,226,F,235680,True,True,5.585892808231748e-16,False,-7.801198078169277,0.8340870855830443,-2.142099252180144,-1.3541917749471308,77d0d26b47184877705c2af56d8f14412486ee43d6ff4a65c74073bbca4cbc5b,-1.8124844279413097,-2.9528789258519152,-1.1403944979106055,-4.2171233251672415,-2.404638897225932,-3.6754918467106434,-1.8630074187693337,-7.167717562324364,-5.355233134383054,-13.697481421517438,-11.884996993576127,1.759481152646737,2,3fe7adc8d1bc4d9f12a5449514bd548f88d705f550d82bdacf3428ba9c4b934e,1596bea6982ca598e4cd1b87f546e010b9c43fbc12f2cadfd7c1ca99027f6b9f,True,-7.625863886852075
302-123516-0021,302,F,231120,True,True,3.225874313947216e-16,False,-12.511644836682663,0.9439164473721453,-1.1367261806989835,-0.8860616661246052,968dce1a3dac07f87c36b61f6da0cc8ce9c91cc95e19632ed6c44a0a7b3c558e,-2.119339270730951,-2.8647167096080257,-0.7453774388770746,-6.938071685029003,-4.8187324142980525,-8.690368316605396,-6.571029045874445,-9.974148932004463,-7.854809661273512,-18.986900969086356,-16.867561698355406,1.6117639359579439,2,c4be86e685b8db752ae564bce7d942ed75e898ca6af8ab881813c2fe152795f3,0c151e09db13bb852adf4fd2b4d6ed5092d825d7983fb02c47c069a8dcdf734e,True,-12.400877687565162
322-124146-0009,322,F,222880,True,True,4.068324726914995e-16,False,-11.6018987035947,0.9308471426395277,-0.8786162307612442,-0.5673998336252514,faa6dfd00d26ea8b6fcee57b9d582c166478fad606d6e645fbba5b59291b55a5,-2.123917810695662,-4.987390649308695,-2.863472838613033,-8.06042968547639,-5.936511874780727,-8.238113347142818,-6.114195536447156,-12.840787492448712,-10.71686968175305,-15.56124940989716,-13.437331599201498,1.8498932397919203,2,e755e421aaacf475028b9c44b778f86409030da83292ceb435998e9a83aefc37,e7c12af55e93082881e514047b037c2802be96c03453d186c41c3c500972f6cb,True,-11.465692647207412
374-180299-0009,374,M,225760,True,True,4.51952695499887e-16,False,-12.570145614659172,0.9446668443756985,-0.9178669553016383,-0.6706536825613021,1d2113391bcf2ca30d52444dd42d3f3a2e2c473e7e45643eebf5ef9702a7af00,-1.6017769528323078,-2.6160679494431442,-1.0142909966108364,-3.3250910048439426,-1.7233140520116348,-5.990944406839766,-4.389167454007458,-12.285047421781368,-10.68327046894906,-23.80761582085303,-22.205838868020724,1.7786762287709021,2,3e92a66d48c25a85a60854165fc49998ed0b29b5ce56aa19248cbf23dfb13fb5,4811866a08b1d34f923dab8d3f5c21eb914b5348dd3971f489c249d4ed730d63,True,-12.51910457163843
405-130894-0058,405,M,176720,True,True,3.6889886621410165e-16,False,-10.632337407487702,0.9135497488592363,-1.3376355487116143,-0.94495720778975,4e0377efa9499d4fe60eaa673cea622d8c7dc11f515cff2f74afc33a1e94a0ba,-1.579641178963373,-1.9751961136263771,-0.39555493466300407,-3.6306616126733564,-2.0510204337099833,-15.433763799149531,-13.854122620186159,-10.31043455347621,-8.730793374512837,-32.00392478280867,-30.424283603845293,1.7524679533536924,2,ab5653d7cb710bbcdf209a8ff917b8a31496ee21854ee16ed6602af2316fc088,6b95cc74f2ceb41c0c2133cb429c9d9eff0127b13899d764edd7da59cbf72d80,True,-10.508599894027475
426-122821-0036,426,F,172720,True,True,4.1068227963562267e-16,False,-16.48347687778906,0.9775274522331716,-0.4360542207747647,-0.33734290718850934,1256a29314be80cdb33f3dc460138f832636924d3ba72b70260e65e5994d4245,-2.0357351862598105,-3.895138050399258,-1.8594028641394473,-3.9144140374120266,-1.8786788511522161,-6.593801206856408,-4.558066020596597,-11.705785305575171,-9.670050119315361,-13.50074485132347,-11.46500966506366,1.8228484841487436,2,dd1783ff7196b4bef5cdad47c411146e05ed9acb94cbe7d077e0a6dea2cc9888,b15c2aff4101889dc23d487b303893fff6899fbb38c506e022d6bccc5f41df13,True,-16.435516286386573
1116-132851-0000,1116,F,203200,True,True,6.216343369122269e-16,False,-6.360656724728704,0.7688284805637462,-2.5064274631805055,-1.3647219027483866,64c1fea240d75e68c26609f23372f0a9b1f11d6b5a717c0bac3032c50e5b2dcd,-1.6400111935971475,-1.2941800346264267,0.3458311589707208,-1.8376985376972488,-0.19768734410010125,-5.760823616551981,-4.120812422954834,-7.997136605490416,-6.357125411893269,-23.98756576467299,-22.347554571075843,1.6813826372567306,2,4346a8069e1c805784c00d82ff6fddb1be11f12a70c8fc16c4383358ca5acd3b,9f67a88fd3ec0c0f3be4de7065769a49acf7ceaaea31044451ab253a2d5ceaf0,True,-6.289376939604234
1235-135887-0009,1235,M,202720,True,True,3.920943023800026e-16,False,-11.465687173776672,0.9286438708907632,-1.1034361551157592,-0.7819280206882507,543c77712978407cb7e09db38d3c924697c202ccc87163662603965f81bc5426,-2.0711615158160357,-3.0483474358224694,-0.9771859200064337,-4.113155854813167,-2.041994338997131,-8.047270324278399,-5.976108808462364,-8.946255085707019,-6.875093569890984,-18.365048179037657,-16.29388666322162,1.538077250498301,2,23d81496aca346216aafaf83f7805e9404e6328a1c0ff4ec3de02e65ed39afd6,ce4cfcd933e1f64157c0ddb529b4616e340fcde6f3afdf27101c004890b33f61,True,-11.419421563426543
1594-135914-0093,1594,M,170720,True,True,4.802514589844024e-16,False,-8.770183172892978,0.8672661526761342,-1.595220009003878,-0.9767439212281435,983600c96882849f9d3444a8cba3e7fb6ffb1a6b7164f6e4c70df2d8c9b57d01,-2.278702149573397,-3.4324763780832814,-1.1537742285098846,-4.529749540584386,-2.251047391010989,-7.49650066727359,-5.217798517700194,-7.207902344439488,-4.929200194866091,-22.885888109580634,-20.607185960007236,1.7193793584733095,2,199b9120d1e23cee1c5c9ba0bfc1de5b60306fd5a7b557d0b6d01100266b2481,3d67ee208aec940cc0ef6d25ea437ae2c9090cfbdc3b462aeb8cd4ac3da952e8,True,-8.693850207578398
2289-152257-0023,2289,M,237840,True,True,3.4274013625424077e-16,False,-10.132946462272939,0.9030148250002787,-2.6498138866792216,-2.206762686384544,ba34bab59f3d6bf2267d4851b075b02c8076c27b8a759b9e8b898ac88ed5cdef,-3.1650520350348965,-6.254255815313363,-3.0892037802784666,-5.805897231342392,-2.6408451963074957,-10.558415998621895,-7.393363963586998,-15.027743118417419,-11.862691083382522,-20.882810554077203,-17.717758519042306,1.6705915463063643,2,491b2a54eaba3cc2953e9c19e313e31332e52277f6574ce8c2b98b3c4375df54,084987c9136d11ed75631252f7cf2ebbdd1ca6256dee541c815f431ac07a6c84,True,-10.050008109777481
2391-145015-0046,2391,F,244320,True,True,4.442411433020479e-16,False,-14.843198169657146,0.9672146229216245,-0.44818832851719237,-0.30341681117033314,65a9dfb99a8e52a49e75079fe80d2acfe2bd71505ebeab4587ff86f7b81b921c,-2.32792122760415,-3.264539151784361,-0.9366179241802111,-5.193898802579307,-2.865977574975157,-4.714679876255057,-2.386758648650907,-7.7951878089348465,-5.467266581330696,-18.56559915726563,-16.23767792966148,1.4906785762530885,2,ec3d176c11889f72a266dbec3d091f4c55572304aa119614f5bc11a6d4047b51,b67a10b75ab59e95accb578a16489febc904045e170e7458b4719d9d38524dfe,True,-14.695731259026887
2436-2481-0006,2436,M,159200,True,True,4.3985550820225195e-16,False,-10.212713402480853,0.9047798941859094,-1.3746564027801513,-0.9400857283724506,a7a92189b7f0e6fcc7e80bf82416dc8b511d2ea9ccf295413c126d577aab2cae,-1.9745609123020267,-4.334903232900913,-2.3603423205988867,-3.667245651841084,-1.6926847395390574,-10.210710083710829,-8.236149171408803,-9.769727267630005,-7.795166355327979,-17.10599179720527,-15.131430884903244,1.7864158320392658,2,3d004ef8726e3f644ea556c27c1b8ee065b5fb4bc99703357419d4cf80397897,93222e808355680001b19cba9fe88ea2790d688da159262671467bd8366cd390,True,-10.188172310099057
2514-149482-0107,2514,M,257440,True,True,4.788828360889902e-16,False,-13.854368384136649,0.9588316783932309,-0.8704064789515699,-0.6878301472913544,b1dc95dbd445cd3341a4fc66ec8ac3335ae377d1d8f5e8d59a46fda7b50c6b63,-2.5895739354785308,-4.286679847840679,-1.6971059123621481,-5.124791656504546,-2.535217721026015,-10.882487367681568,-8.292913432203036,-8.749270367635324,-6.159696432156793,-19.834374240530778,-17.244800305052248,1.6539994666997884,2,39a657e879c1d70cd1251f5e0f4d0ef9f07ff7db226574003932597e77322bb0,b1cb4497d76e8e77c8265487aa0b626dbf360d01401b8f71a72694c2c440bb88,True,-13.829826871694838
2893-139322-0049,2893,M,80560,True,True,3.725478573252275e-16,False,-10.698888888925175,0.9148644176417754,-1.190366405214469,-0.8039336473905417,3fa6301d57ba406dcb0abc5922ebbbcd2f62c3273f8047ed3b24e3e457d0c8a7,-2.241982015417744,-2.5393569906637503,-0.2973749752460062,1.98895054543078,4.230932560848524,-6.757395754213487,-4.515413738795743,-12.936173812404583,-10.69419179698684,-21.903189363511792,-19.66120734809405,1.2785531757531585,2,8b9ed35d2887f344e5bc3f1da40936522a8ad7754e937b5aef52e3f63f66ab29,e09e707706b1e86e8b02b62f08dc3196600e7a83fc5143992d95a9c7569aa9dd,True,-10.34506839217352
2952-407-0023,2952,M,150960,True,True,4.1251356998262033e-16,False,-8.660568456950452,0.8638733508157393,-1.6936424466166797,-1.058143140410348,d8f58a4821064ed26824f41ab6d3138b301fe4b429825172f0796591a42d5721,-2.4350757182332443,-2.2658031350469967,0.1692725831862476,-6.290649694463512,-3.8555739762302674,-5.469799612711233,-3.0347238944779886,-9.138905948516438,-6.703830230283193,-19.295460903485797,-16.860385185252554,1.6089762135482049,2,7788815fb8a531e79c93cd77fa626520717decd70e47e603b9c89c872512cbbf,46f0ef7b3fafd76fd863d4ebca335187a629c379162ec66b4d003a7b589dfcab,True,-8.62463585979694
3235-28452-0003,3235,F,216880,True,True,3.60503902647605e-16,False,-14.523532496494408,0.9647103988138938,-0.574963114410365,-0.4189327120382688,90b43f7383852d77bcaeb3771d4d52f78941195573023c8a6bc70394129f5c95,-1.6057381193737619,-4.246490155344577,-2.6407520359708148,-5.274972968278756,-3.6692348489049937,-5.5051222733074265,-3.8993841539336644,-6.014855616661033,-4.409117497287271,-19.516635486007527,-17.910897366633765,1.7082797348997045,2,7e06eb5b0aae12dc5423588e24254df04c0cf61a294dac996b2c8c3c4847796f,40300fb481645b7e00f086318ae67f1a1739652b093b1296b3e59f95ae7964f8,True,-14.450384743948703
3242-8112-0039,3242,M,226320,True,True,4.2431365529661073e-16,False,-12.491969260512008,0.9436617861528239,-0.9379143676372363,-0.6860780001525537,4ba2d3a9b394a1798442f0824b1b41ff4ac3f8fa8a6caf4cbe434a1ee3528bc0,-3.0579716094274065,-5.3128760787623355,-2.254904469334929,-4.513991200781112,-1.456019591353705,-10.42478311638953,-7.366811506962124,-11.777152816006161,-8.719181206578755,-19.98916509634218,-16.931193486914772,1.801465367516659,2,38ab4cb81ec1663d26d85207e609e0729dfb8234fbca65789ec32f14dd186c78,aa1a93c328d22bfb549fcca89eb90e9aeb072ea24f1aa310f0209a932e331ff3,True,-12.456927566571022
3259-158083-0012,3259,F,232640,True,True,4.347021543286736e-16,False,-14.087812470060026,0.9609861551090633,-0.6152113225984203,-0.44238258604094777,c48e389e65e9220cce1ed6fb7b7db16553be4ec7e66f4af4003c96b5783425dd,-1.4711148050089942,-2.5097939985677047,-1.0386791935587105,-3.9044294179157153,-2.433314612906721,-9.252751531011404,-7.781636726002409,-7.5873556412565035,-6.11624083624751,-14.907919472071875,-13.43680466706288,1.6739938053482932,2,d98b8257326ffe865ec5eac95828caee0e4254be53a0088737a82daffa13c678,17c4e3226ced70639435078bf1c8ec742571f6b271d62e8a0ad0f6fb89bfbff3,True,-14.063874344570142
3857-182315-0024,3857,M,251600,True,True,4.070178655167599e-16,False,-12.013777802492873,0.937104116832586,-1.650055619722694,-1.367933248181583,6e75706972c246b201fe0c49ed161373f982c4f8155f70f33584d581e7b6d6e8,-3.2368969916859136,-8.807515386738682,-5.570618395052769,-6.043461817220055,-2.8065648255341413,-6.385116603894927,-3.1482196122090134,-13.808679078346222,-10.571782086660308,-19.668614299440232,-16.43171730775432,1.9658046576305084,2,6fa3c70ea5e7011d8b8f39e83eafc8d453ba5a897c5444f4ae8732c45a597376,a2e66294146eac3e202093b3d183d2a88ce9e2d354587cc3a417a0ac2f19ecc6,True,-11.92836440987016
3947-13262-0024,3947,F,209600,True,True,3.4223731738591045e-16,False,-13.812119592987306,0.9584292326950543,-0.4900344443857826,-0.3056349254126918,92f4c383627fdfd8b65ae6de5a5c17d61694dd3c706bdbfc7ceb1c956fa6ece1,-1.9879653208068842,-3.877796553259239,-1.8898312324523547,-4.661910275973708,-2.6739449551668235,-5.891251623412815,-3.903286302605931,-10.791836399854997,-8.803871079048113,-14.679630537748745,-12.69166521694186,1.6765113263241598,2,d837aec12aa16fe7d9a9d920acbe6d12657fa2c7ac07b3f5c9c4c78ab93d587d,0d8d5d5c0823e3db525190191584b8770a7e47c21c13c6dd6751f8ba57765e20,True,-13.736505414166217
4297-13009-0036,4297,F,227920,True,True,4.647657497752972e-16,False,-7.33685367847169,0.8153647443174552,-2.427564778737067,-1.5410836136724815,875055dff60157993031e9eb0ddab4f6d7dddaf677d0e5ba7ddcd09328ff9328,-1.9856053975465588,-2.5652451320893643,-0.5796397345428055,-7.767820435371461,-5.782215037824902,-4.744063710696734,-2.758458313150175,-13.246224153452443,-11.260618755905885,-9.862620292743626,-7.8770148951970675,1.7284789604794983,2,29ed22886931e40566036bfc44bb4074d363acd525004091f103d870079017f5,365b7c19144323f2a9b644ac4b21bdd59836ec30d18085a087dffe0a2864c3ca,True,-7.2684167095374566
4813-248638-0013,4813,M,116560,True,True,3.9617148475119634e-16,False,-10.941432093244801,0.919488708989334,-1.21057304251674,-0.8460364726373542,0d7f951c57a2b9f25066ad3d0b53f188193784cae11577ce6c81ac04ae3edd74,-2.1785100417790666,-3.7690578547590166,-1.59054781297995,-4.436601685571116,-2.2580916437920493,-9.769303794787358,-7.590793753008292,-10.987801281471006,-8.80929123969194,-33.95965156483315,-31.781141523054085,1.6975889999795062,2,42bcff35a58f72df3ddb273f898042b7d5c5fe0bc233c86bf6e5d16466caca22,a7f8c09023ba686debd38040063b50666341feb73162b0adb18543d516703013,True,-10.842745825101634
5393-19219-0016,5393,F,188160,True,True,4.3472285752962234e-16,False,-14.183589536234924,0.9618371283796632,-0.5264996857022998,-0.35751502800918744,bac958bd97476da054e7472ff99762dec89043419ce4547b36f0444b7ee94e05,-1.6372383267516493,-2.4555528903792965,-0.8183145636276472,-4.19176003913478,-2.554521712383131,-3.0292929703998372,-1.392054643648188,-4.45160486098371,-2.8143665342320605,-24.480559443969256,-22.843321117217606,1.6102050771348615,2,083eb9f7d08801db64576786f1228c2455e8c3490b462f93900bdc0072090409,b5b9f30b317f3bf2622c6b73afe6a64181d4a092b41fa1b40cd5d4c2d1226079,True,-14.05894610017446
5514-19192-0003,5514,F,213600,True,True,4.3318695283027033e-16,False,-13.102188993721464,0.9510467983816296,-0.834452725709347,-0.6164712122010954,7fff47aad32135c0b69431f8670ca0f386267ebefc369142d302faf9490d5716,-3.0422792295757146,-4.87480739320782,-1.8325281636321051,-10.58363408341517,-7.541354853839455,-8.029347265660862,-4.987068036085147,-9.614470785468562,-6.572191555892847,-27.483420765921466,-24.44114153634575,1.7072356296002433,2,3199f2393ad77b96bbcd6bcfb6b529689bc65bd67614e03ac6f35adb1746ec5e,4cc82f913ec702a871ae9087d2d1c1c1fd14c915d268b187433604ccb9cac043,True,-13.05097788651011
6019-3185-0001,6019,M,182560,True,True,3.9421565028964524e-16,False,-13.949531745891736,0.9597239542587215,-0.648436007999914,-0.4698992868754704,a8e8d249b87ae51d3bb22879cc457905413bac2ce2009fc6708a15523cb8fb23,-1.8651766295311187,0.08714243054178504,1.9523190600729037,-2.6532509981779135,-0.7880743686467948,-16.08009279360659,-14.21491616407547,-6.894280644308926,-5.029104014777808,-19.004326700720455,-17.139150071189334,1.6553416051914787,2,ce3670c2a9f09ce902dbd70b6ad422f717fe985cc76ad380e1bfe214545115bc,c97cfad1def4974b2f0c428b2d043886ba9649d3f1af77fca23854f11d251228,True,-13.858705944185491
6476-57446-0070,6476,F,71601,True,True,3.8814109612453733e-16,False,-17.23947006494065,0.9811177826026001,-0.37310840674658724,-0.29031987067105436,b94de893f3c4d50a3063629b7f5f353ccaf2f40bb303083d19a31ff572214372,-2.601351625803318,-2.743940723573652,-0.14258909777033413,-3.206785807303813,-0.6054341815004953,-6.450418461083078,-3.8490668352797606,-8.241801271857906,-5.640449646054588,-15.266110813290165,-12.664759187486847,1.6452351874302622,2,86110ffa4a4bb4185b22fe18e4fe37a02024150f8d187fbcdfe690962670d0fb,cd2f58502ccc6cc44e821a890718646e44851904352f958a9b703efcde2dc3cd,True,-17.101310257680428
6529-62554-0036,6529,M,235440,True,True,2.957034330421995e-16,False,-12.063230551116897,0.9378162448167442,-0.9565109112676913,-0.6776884080521042,2a421422ff48a6a8fbda5ea41b9def93ddbd2fac55752d0b3a4105e31a6d6b72,-3.3365128566619204,-3.9307430530793,-0.5942301964173797,-5.735843638807529,-2.3993307821456082,-7.538703556452582,-4.202190699790661,-10.287979458571186,-6.9514666019092655,-13.71597636929373,-10.379463512631808,1.6667811964854462,2,5ad19280ce37b7a4b254b8e0a5ef5ea1fba0dbb8a072f0cdb8364d7e81e8a9cf,f30c93129ae8c98390eff58d14bd794480904df004f0abe49bd1a1681f065086,True,-11.995210453293128
6531-61334-0041,6531,F,236400,True,True,4.500444123340212e-16,False,-12.28385642370277,0.940896342424203,-0.9475155089258785,-0.6829331637030961,01e2b0ec721a11b50b5a829851cec2da519fb6ab208960e60de997ec04d4bc72,-1.978808942806685,-3.6195713620458605,-1.6407624192391754,-3.081284903897989,-1.102475961091304,-11.944950051251986,-9.966141108445301,-17.515441870310966,-15.53663292750428,-9.528680166384403,-7.549871223577718,1.696570649970807,2,36e8aea8b3ef5ffb771305df322b0ad1a3817c7e96db58b12c15a938ea1968d8,5a18642877fa91f8c628cc17d0e7cc3df308728c2b5a27e9881641ceeeb6d6b1,True,-11.98277225334129
6563-285357-0007,6563,M,256000,True,True,4.728813252653506e-16,False,-12.02374843677674,0.9372483490429137,-0.9242877336231591,-0.6428341029258342,be2780da873bf09a6a8d72d6843d30f1b3b72315f70b8f51f7a0f7b8d9e97ff5,-1.7329471872813003,-3.176727052501503,-1.4437798652202025,-5.906485371470401,-4.173538184189101,-5.935908316855417,-4.202961129574117,-4.9235068629731265,-3.1905596756918264,-7.090702986240983,-5.357755798959683,1.6757126180996023,2,4d7fe0198c2d580f54d92d232f1badea7427e11ca52875d61f93b5cb346b3e15,a1575d4ddb60ab0a15dab2adb2b9f4ad2df9151cabd866fe1c1371ec91f96b20,True,-11.919810731163016
7635-105409-0057,7635,F,266641,True,True,4.3847144288051296e-16,False,-9.727086161035302,0.893514277011694,-1.6767797691809485,-1.1877947301223148,33caff113b9041a3faf7f8c7dfc9d1e630018278864719bdaf381b1b4e9ffffe,-2.2185090878614195,-0.9056790072918864,1.3128300805695332,-8.998370530334249,-6.779861442472829,-4.843993354101335,-2.6254842662399156,-8.720900418721195,-6.502391330859775,-17.431858172011427,-15.213349084150007,1.549231610244574,2,410e75039970a2dc99480b0896320ff247f31d068e8ea03f4ec06717a56b5b68,1eafbde0dba7e921517860587062d2753adbec09f5239d8063f7dc4aff63d6b8,True,-9.676027361233468
7794-295948-0000,7794,F,46400,True,True,3.6332694400528243e-16,False,-15.1098098989408,0.9691667708830224,-0.6069095388641144,-0.4708901890668076,eb003de0dc89eae5090ce9818e695643030409b82cccf63ff14f514c1d9140b6,-1.7988341975919249,-1.2962278673545646,0.5026063302373602,-1.0800126814275954,0.7188215161643294,-4.913008854055592,-3.114174656463667,-11.788652389137894,-9.98981819154597,-5.133249752855143,-3.334415555263218,1.455213573736093,2,523f1e8d62e035cc74d9b8311ad25ce5c21553c2f862ccc5172e8451b0e1f3a1,1a9f2dc0656d80304a519ff890c6bd9c473a1cb47564a84c315e8f14b79badf0,True,-15.01083339677308
7800-283478-0033,7800,F,256720,True,True,6.475417196315875e-16,False,-15.139448247250797,0.9693764753210881,-0.4879314319188269,-0.3528561822916959,4784dfb592424c051b72ce145a56aff284331e8f2a26dd5f7016b4f97aacda2f,-1.5682411173071424,-1.170116584251208,0.3981245330559344,-5.644320557334353,-4.076079440027211,-5.821569798774928,-4.253328681467786,-7.814955774939949,-6.246714657632807,-13.027116632701787,-11.458875515394645,1.7025670540036606,2,bbd52c83e0dfa569de1d8d5f0afc09f7240e2f8c5cf2db82a0d80d1d9494b640,7b762349eefaa2b11e171c0963a2ca50b44961d01b9f2e305699b1c65bb291e8,True,-15.166652342607389
8226-274369-0054,8226,M,225840,True,True,4.2391218771981853e-16,False,-12.613969329887887,0.9452223915933553,-0.8750183833673647,-0.6303583931589971,1df2d33986127331c36ce3d48ce060e4ff1df917900360cc07adf5eed968b4b7,-1.7819243921387087,-3.14754683812793,-1.3656224459892212,-3.5813404563485793,-1.7994160642098707,-7.605129546785427,-5.823205154646718,-7.758228798199451,-5.976304406060743,-22.86584774671625,-21.08392335457754,1.7872287517148708,2,bf485cd889553489edc3cf55d56d6a6d9a9251f8d21232caaeec3810ea2055ab,aa75b7905b38c5434be8237d0d70da3f862db58082a62e5962d95896abaaa965,True,-12.54146980167534
8425-292520-0028,8425,M,189440,True,True,3.729540538710285e-16,False,-15.410500164683773,0.9712293294802822,-0.5354118581272674,-0.4086297462249739,d94d3580c026e8741b70a4e0038cb8299a43c9acd94a42165454940737e6413a,-2.4624178795544,-1.3933529147320405,1.0690649648223594,-4.956887378724786,-2.494469499170386,-7.81447363493776,-5.352055755383359,-9.398223765813231,-6.935805886258832,-19.641120329911,-17.1787024503566,1.7388777249556986,2,a18ccb69a053f6129af05426359542e1412d051a93b9de3e2799f46419a13a78,b676a81b6c1b419c4ea42c62c6abed73afe43df45027dc21a939e5e4899fa56b,True,-15.364708058871006
8838-298546-0049,8838,M,245760,True,True,4.986156045310632e-16,False,-13.573709787216504,0.9560833685122572,-0.630249575574947,-0.43520685188199815,233ff6cec6c044167315f027777e33d4e7636955eb68c3d10eac726ca05a66e6,-2.787944160414774,-2.620929168397095,0.16701499201767867,-9.159815218630571,-6.371871058215797,-11.026551872256045,-8.23860771184127,-13.058302494919795,-10.270358334505021,-19.29460842338042,-16.506664262965646,1.4805285386447855,2,aafc5d2608606fe4e95ea9797d094cdaf6aad4dddc8e26a13638ed8aef6c898e,827a163a643d080b92235ef8f2626a3637d96d76a98a610245a2c34e2a0c9b2e,True,-13.507459131729785
