pair,frequency_hz,h1_rel_db,coherence
REF->OPUS8,0.0,-0.269644315139187,0.7518360247803657
REF->OPUS8,31.25,0.5661143805522781,0.8480604766005424
REF->OPUS8,62.5,1.18703854839611,0.9652400998065639
REF->OPUS8,93.75,1.2283187848373605,0.9848811761937541
REF->OPUS8,125.0,1.2935454751981854,0.9882547455578303
REF->OPUS8,156.25,1.396882409317962,0.9899508493682649
REF->OPUS8,187.5,1.4505112766698682,0.9903780803602507
REF->OPUS8,218.75,1.44975845199086,0.9886472933367559
REF->OPUS8,250.0,1.4192413648823865,0.984548457834783
REF->OPUS8,281.25,1.3767163647356628,0.9792476196502626
REF->OPUS8,312.5,1.3851454441602897,0.9759107096234475
REF->OPUS8,343.75,1.4302575258563612,0.9747201467785026
REF->OPUS8,375.0,1.4197185516836006,0.9735066756709585
REF->OPUS8,406.25,1.4098069869099512,0.9727626282433577
REF->OPUS8,437.5,1.4324574701294224,0.9714485341250495
REF->OPUS8,468.75,1.4339200538298762,0.9673549550747309
REF->OPUS8,500.0,1.3727596829832942,0.9620434944032383
REF->OPUS8,531.25,1.2780616233178288,0.9570875004322079
REF->OPUS8,562.5,1.112318670591324,0.948896349053067
REF->OPUS8,593.75,0.9835472535066729,0.9415475700956483
REF->OPUS8,625.0,0.8450082976605051,0.9316372890486476
REF->OPUS8,656.25,0.6783989346240125,0.9176808570086592
REF->OPUS8,687.5,0.7029612811131035,0.9111608212726098
REF->OPUS8,718.75,0.7277306465697495,0.9057812637458458
REF->OPUS8,750.0,0.5991130616431215,0.8955426019202318
REF->OPUS8,781.25,0.5056838777671426,0.8884958448274659
REF->OPUS8,812.5,0.4553413761275775,0.8828188222325024
REF->OPUS8,843.75,0.4581241843756975,0.8786874846058864
REF->OPUS8,875.0,0.5683767030587723,0.8775733101294507
REF->OPUS8,906.25,0.6174098664071699,0.8717304212412248
REF->OPUS8,937.5,0.681067070854771,0.8678244030700902
REF->OPUS8,968.75,0.6382108482230543,0.8695586117904102
REF->OPUS8,1000.0,0.4939794927663465,0.8613741670172644
REF->OPUS8,1031.25,0.3356051799435945,0.8448845551831707
REF->OPUS8,1062.5,0.22602865504221592,0.8304106616743586
REF->OPUS8,1093.75,0.25555753409487203,0.8202156191896592
REF->OPUS8,1125.0,0.3262291938441685,0.8123435917453233
REF->OPUS8,1156.25,0.23740066341886137,0.8022684192082947
REF->OPUS8,1187.5,0.05515205527862284,0.7935873778955707
REF->OPUS8,1218.75,-0.02312879611458249,0.793337842920365
REF->OPUS8,1250.0,-0.1057929410035596,0.7894304220721464
REF->OPUS8,1281.25,-0.07919321508307009,0.7777912796151095
REF->OPUS8,1312.5,-0.08079313156093831,0.7618177158471308
REF->OPUS8,1343.75,-0.29052713782487066,0.7546193548521428
REF->OPUS8,1375.0,-0.30948374476939805,0.7492875190472945
REF->OPUS8,1406.25,-0.1871080833606248,0.74387563199694
REF->OPUS8,1437.5,-0.30118191865571586,0.7437335247875037
REF->OPUS8,1468.75,-0.5510242586529723,0.7240227031617704
REF->OPUS8,1500.0,-0.7001632190552527,0.7174016265667668
REF->OPUS8,1531.25,-0.6164906346353298,0.7280665371451258
REF->OPUS8,1562.5,-0.47663606329653524,0.7349330674107377
REF->OPUS8,1593.75,-0.5774777749789995,0.7314645572521639
REF->OPUS8,1625.0,-0.7047212917599552,0.7208548006086175
REF->OPUS8,1656.25,-0.656655521302253,0.7092554827720464
REF->OPUS8,1687.5,-0.5722664670491253,0.7064957552076803
REF->OPUS8,1718.75,-0.7293757127047583,0.6940090912750684
REF->OPUS8,1750.0,-0.9225660542574116,0.6525747585667543
REF->OPUS8,1781.25,-0.9759003112699618,0.6232286138667354
REF->OPUS8,1812.5,-0.9539543652342773,0.6355966713907609
REF->OPUS8,1843.75,-0.8988874027898532,0.6514741391843606
REF->OPUS8,1875.0,-1.028314710047549,0.6372963881933343
REF->OPUS8,1906.25,-1.160537626900228,0.6344024892734668
REF->OPUS8,1937.5,-0.9855238203941757,0.6535385361420701
REF->OPUS8,1968.75,-0.886175843523097,0.6557004693541908
REF->OPUS8,2000.0,-0.7181625450716732,0.6603802079784808
REF->OPUS8,2031.25,-0.8157625869806489,0.6704685143547529
REF->OPUS8,2062.5,-1.308660902362194,0.6332208096464598
REF->OPUS8,2093.75,-1.3332809639995298,0.6055000984013745
REF->OPUS8,2125.0,-1.0972965913839976,0.6008758761413882
REF->OPUS8,2156.25,-1.291098443647543,0.5826448142300048
REF->OPUS8,2187.5,-1.5279022132650564,0.5710871262727162
REF->OPUS8,2218.75,-1.4265907961392084,0.5724888332099584
REF->OPUS8,2250.0,-1.4838823889552257,0.5558623125857184
REF->OPUS8,2281.25,-1.8344324318390592,0.5426865607026129
REF->OPUS8,2312.5,-2.0966682639850083,0.5465916677197755
REF->OPUS8,2343.75,-2.4941519393570664,0.5409750877480727
REF->OPUS8,2375.0,-2.8185813922275154,0.5102780628604809
REF->OPUS8,2406.25,-2.9450343885416985,0.4706205260200086
REF->OPUS8,2437.5,-2.936077880702486,0.46029180822492854
REF->OPUS8,2468.75,-2.8248300049329664,0.4796213379399701
REF->OPUS8,2500.0,-2.961843575513656,0.4767795923958469
REF->OPUS8,2531.25,-3.0793909309457606,0.46689486274557074
REF->OPUS8,2562.5,-3.0722342939354466,0.467954334127755
REF->OPUS8,2593.75,-3.1722008306326344,0.4657008921284701
REF->OPUS8,2625.0,-3.061024877786454,0.45979391506442224
REF->OPUS8,2656.25,-2.872128183266438,0.4500208613137121
REF->OPUS8,2687.5,-2.7412810619995316,0.45286594305203576
REF->OPUS8,2718.75,-3.1080570474511138,0.43934076300237057
REF->OPUS8,2750.0,-3.6188831997890247,0.42002700750662725
REF->OPUS8,2781.25,-3.77161047110285,0.42286898870127254
REF->OPUS8,2812.5,-3.9006015023240934,0.4073053653736761
REF->OPUS8,2843.75,-4.190976733041969,0.36949078690565035
REF->OPUS8,2875.0,-4.2696001706461,0.36155253509858787
REF->OPUS8,2906.25,-4.272237696945527,0.37494661653208844
REF->OPUS8,2937.5,-4.373650347288312,0.37739401889584673
REF->OPUS8,2968.75,-4.69826515158954,0.35402591982058557
REF->OPUS8,3000.0,-4.503945130857592,0.35659423847920585
REF->OPUS8,3031.25,-4.6753203850828235,0.3450906291167945
REF->OPUS8,3062.5,-5.017593813045124,0.33029985447897814
REF->OPUS8,3093.75,-5.547054974051898,0.29278792938370574
REF->OPUS8,3125.0,-6.066261590550274,0.27398394146629323
REF->OPUS8,3156.25,-6.354185078595192,0.2734680150935141
REF->OPUS8,3187.5,-6.571325559568555,0.26193702772089006
REF->OPUS8,3218.75,-6.243737436329772,0.26021700581919693
REF->OPUS8,3250.0,-6.299996167979382,0.2510496721987835
REF->OPUS8,3281.25,-6.41377169532962,0.2550038732377945
REF->OPUS8,3312.5,-6.651316209972865,0.24599682101465314
REF->OPUS8,3343.75,-6.8121324949215944,0.23407300973472664
REF->OPUS8,3375.0,-7.280481299386827,0.23283945742445136
REF->OPUS8,3406.25,-8.095074660276925,0.20263761296719132
REF->OPUS8,3437.5,-8.554953714812978,0.18276439871569303
REF->OPUS8,3468.75,-8.60696813495018,0.18775095333038433
REF->OPUS8,3500.0,-8.192696691777467,0.19956710066659802
REF->OPUS8,3531.25,-8.38643811829741,0.18874701434873267
REF->OPUS8,3562.5,-9.296859959757613,0.16750754176913593
REF->OPUS8,3593.75,-9.73612806331873,0.16900737377474664
REF->OPUS8,3625.0,-10.012379963679535,0.1646535201905969
REF->OPUS8,3656.25,-10.405688389797337,0.16730446454275727
REF->OPUS8,3687.5,-10.23840595647103,0.2033264203818337
REF->OPUS8,3718.75,-10.194180033632268,0.21720006074723475
REF->OPUS8,3750.0,-10.98526158406536,0.1842638038327234
REF->OPUS8,3781.25,-12.057837931359106,0.14816750074534035
REF->OPUS8,3812.5,-12.894585976648678,0.1371945396493659
REF->OPUS8,3843.75,-13.573384707218565,0.13718640061595225
REF->OPUS8,3875.0,-13.801635649306627,0.13652543992835045
REF->OPUS8,3906.25,-13.93283070930034,0.13573722698777008
REF->OPUS8,3937.5,-15.057697381960619,0.11728673091834842
REF->OPUS8,3968.75,-14.85931055623685,0.13161720480064434
REF->OPUS8,4000.0,-15.471479446512625,0.11296233412027094
REF->OPUS8,4031.25,-19.160052507202206,0.049092905127809824
REF->OPUS8,4062.5,-23.058519691651973,0.023679890065165535
REF->OPUS8,4093.75,-25.696252434371317,0.014247165080934147
REF->OPUS8,4125.0,-29.962790347052728,0.006649177537566112
REF->OPUS8,4156.25,-33.037233408051385,0.004365166436524524
REF->OPUS8,4187.5,-35.728866620428185,0.0026474930318284608
REF->OPUS8,4218.75,-46.554438484750776,0.0002391548725601087
REF->OPUS8,4250.0,-66.64458785329424,2.463629578833319e-06
REF->OPUS8,4281.25,-47.74656668872747,0.0002008350646157885
REF->OPUS8,4312.5,-44.683542118897336,0.00047094477601741655
REF->OPUS8,4343.75,-41.113746172538306,0.0012844052223434758
REF->OPUS8,4375.0,-42.15979654502404,0.0011582289476469692
REF->OPUS8,4406.25,-42.6057271670938,0.0013112880104313785
REF->OPUS8,4437.5,-46.976630167260474,0.0005816545549648602
REF->OPUS8,4468.75,-48.380255194824244,0.00047066690430569414
REF->OPUS8,4500.0,-57.69067540980048,7.206710138505835e-05
REF->OPUS8,4531.25,-57.058570375700874,0.0001160578577091584
REF->OPUS8,4562.5,-60.994909516756934,6.256000698232914e-05
REF->OPUS8,4593.75,-53.52939799668007,0.0005417415734974827
REF->OPUS8,4625.0,-56.94347244036371,0.0003607664324552413
REF->OPUS8,4656.25,-59.45009636741753,0.0002188558888077292
REF->OPUS8,4687.5,-66.11013498312053,5.1354602775778364e-05
REF->OPUS8,4718.75,-64.5145517797593,8.659152886768504e-05
REF->OPUS8,4750.0,-64.61309266610711,0.00010104208568421504
REF->OPUS8,4781.25,-63.35730516250325,0.0001723128064225097
REF->OPUS8,4812.5,-60.071312044196155,0.0005249840637119235
REF->OPUS8,4843.75,-66.2349752147671,0.00018540350830913304
REF->OPUS8,4875.0,-67.4217452188322,0.0001883973684483896
REF->OPUS8,4906.25,-67.11077868391718,0.00029895219797069686
REF->OPUS8,4937.5,-70.977140081287,0.0001660056319322467
REF->OPUS8,4968.75,-73.43632308971863,0.00011993582129894325
REF->OPUS8,5000.0,-79.94162208545951,4.3756199841777735e-05
REF->OPUS8,5031.25,-79.39912723991391,9.148360491504867e-05
REF->OPUS8,5062.5,-76.63730946488226,0.0002564254703166179
REF->OPUS8,5093.75,-84.04233036613333,7.238575195255267e-05
REF->OPUS8,5125.0,-94.94536232288715,9.95868362616723e-06
REF->OPUS8,5156.25,-103.49016362958383,2.1337773967932417e-06
REF->OPUS8,5187.5,-96.31249430025974,1.8052020589600187e-05
REF->OPUS8,5218.75,-102.56608993736522,7.346956472383022e-06
REF->OPUS8,5250.0,-119.3762099337795,2.76661668636427e-07
REF->OPUS8,5281.25,-101.93090733480139,2.9282281020678314e-05
REF->OPUS8,5312.5,-106.5564571806566,2.0793727932896438e-05
REF->OPUS8,5343.75,-109.09320535909147,2.5541996508639778e-05
REF->OPUS8,5375.0,-112.05021939740428,3.456903892924059e-05
REF->OPUS8,5406.25,-120.10673642830072,1.722969507269643e-05
REF->OPUS8,5437.5,-120.74789499539716,4.496282048385773e-05
REF->OPUS8,5468.75,-136.15374178134,2.02332407387226e-06
REF->OPUS8,5500.0,-128.48833194054447,1.2227150680981007e-05
REF->OPUS8,5531.25,-124.78984673277873,2.9581590564096168e-05
REF->OPUS8,5562.5,-133.34291176198244,4.302909459159833e-06
REF->OPUS8,5593.75,-135.94894037416407,2.558597880780465e-06
REF->OPUS8,5625.0,-132.58411725724133,5.501433162250419e-06
REF->OPUS8,5656.25,-135.84976536101445,2.2567441396420718e-06
REF->OPUS8,5687.5,-131.7897633294009,5.025475375638736e-06
REF->OPUS8,5718.75,-138.8563347538642,9.072222393595922e-07
REF->OPUS8,5750.0,-128.042505234212,1.0126919647686201e-05
REF->OPUS8,5781.25,-124.74200134314086,2.236989050104457e-05
REF->OPUS8,5812.5,-131.3407743438557,5.082642919597229e-06
REF->OPUS8,5843.75,-133.3398397632885,3.2766697833473924e-06
REF->OPUS8,5875.0,-134.67894940514202,2.470433419822725e-06
REF->OPUS8,5906.25,-138.77994677443843,9.215320784777956e-07
REF->OPUS8,5937.5,-134.66154890952464,2.361307399397912e-06
REF->OPUS8,5968.75,-136.6624173446808,1.3379332341904534e-06
REF->OPUS8,6000.0,-123.031335020884,2.5908231427063833e-05
REF->OPUS8,6031.25,-123.6662755201091,1.9161195004605618e-05
REF->OPUS8,6062.5,-150.1195438764492,4.400817819400365e-08
REF->OPUS8,6093.75,-131.06451183868276,4.189708110970023e-06
REF->OPUS8,6125.0,-125.71366428096147,1.549670794048274e-05
REF->OPUS8,6156.25,-142.46123370270772,3.0981280258206293e-07
REF->OPUS8,6187.5,-135.60726982358108,1.468004940126184e-06
REF->OPUS8,6218.75,-128.4004925040617,8.215744704691864e-06
REF->OPUS8,6250.0,-142.17674462797385,3.626554200723448e-07
REF->OPUS8,6281.25,-152.00766886161813,4.04795835096578e-08
REF->OPUS8,6312.5,-135.37530289473742,1.922148604812901e-06
REF->OPUS8,6343.75,-137.00041987779957,1.1633393158935998e-06
REF->OPUS8,6375.0,-143.22981431035902,2.4537632329914794e-07
REF->OPUS8,6406.25,-147.93357311664724,7.321537411402154e-08
REF->OPUS8,6437.5,-133.03337685172454,2.051401743504893e-06
REF->OPUS8,6468.75,-135.66988924118397,1.1376133197334611e-06
REF->OPUS8,6500.0,-145.80163146014254,1.1843447577156497e-07
REF->OPUS8,6531.25,-133.9875846340752,1.9034619035809778e-06
REF->OPUS8,6562.5,-126.75076661114664,1.1413349711201546e-05
REF->OPUS8,6593.75,-132.44365227359842,3.844409570717241e-06
REF->OPUS8,6625.0,-134.78876124168048,2.9806566468612476e-06
REF->OPUS8,6656.25,-141.42898356046277,9.043317692600663e-07
REF->OPUS8,6687.5,-143.96856010080413,5.987532221061527e-07
REF->OPUS8,6718.75,-149.49176213159237,1.5604273016339807e-07
REF->OPUS8,6750.0,-138.84644273417567,1.5242235512419236e-06
REF->OPUS8,6781.25,-139.55907663432862,1.0468141365296543e-06
REF->OPUS8,6812.5,-139.12020566206792,9.319485278281822e-07
REF->OPUS8,6843.75,-130.9330848341244,5.192907233813675e-06
REF->OPUS8,6875.0,-132.8883485220152,2.7232421450784928e-06
REF->OPUS8,6906.25,-130.9569321122713,3.68892131349498e-06
REF->OPUS8,6937.5,-132.02504362561035,2.635379051851661e-06
REF->OPUS8,6968.75,-130.7323112368942,3.4039071799245835e-06
REF->OPUS8,7000.0,-126.24902079039516,9.968623061007081e-06
REF->OPUS8,7031.25,-127.31497152146916,8.423949120258034e-06
REF->OPUS8,7062.5,-141.60435620845954,3.6478774860636845e-07
REF->OPUS8,7093.75,-142.00355444389314,4.4787691877788303e-07
REF->OPUS8,7125.0,-144.71975011652773,2.6667696532283544e-07
REF->OPUS8,7156.25,-144.9696796680957,2.3249960758020322e-07
REF->OPUS8,7187.5,-143.45991929745833,3.0136287627870534e-07
REF->OPUS8,7218.75,-142.69479439957732,3.265740262964372e-07
REF->OPUS8,7250.0,-137.37754480553608,1.0435589235874858e-06
REF->OPUS8,7281.25,-132.83466029923576,2.81256391372445e-06
REF->OPUS8,7312.5,-137.40303767993896,9.092396381510338e-07
REF->OPUS8,7343.75,-139.3488425308744,5.781199157664491e-07
REF->OPUS8,7375.0,-142.77958069982884,2.393294883194521e-07
REF->OPUS8,7406.25,-139.5960331617851,4.786578591494562e-07
REF->OPUS8,7437.5,-136.1820910825452,9.80406326393178e-07
REF->OPUS8,7468.75,-132.6334162636442,2.0414037295434173e-06
REF->OPUS8,7500.0,-134.3394140233213,1.5953902400367671e-06
REF->OPUS8,7531.25,-148.39696237952006,7.150153858899756e-08
REF->OPUS8,7562.5,-157.9252558872954,9.103011575076614e-09
REF->OPUS8,7593.75,-136.32539703436478,1.7609211365838407e-06
REF->OPUS8,7625.0,-148.03765665478085,1.5638656545433407e-07
REF->OPUS8,7656.25,-148.0940474988339,1.825072729203976e-07
REF->OPUS8,7687.5,-144.63819661870434,3.7816910172231346e-07
REF->OPUS8,7718.75,-137.36304242211725,1.5164345770997353e-06
REF->OPUS8,7750.0,-141.25643607789388,4.739775730257245e-07
REF->OPUS8,7781.25,-134.2169694911454,1.953064462328353e-06
REF->OPUS8,7812.5,-128.27464105952993,7.0800629378145415e-06
REF->OPUS8,7843.75,-137.70826998393093,8.527394450193268e-07
REF->OPUS8,7875.0,-135.18572966535928,1.8249994186971542e-06
REF->OPUS8,7906.25,-139.01953652499378,1.0274219769550354e-06
REF->OPUS8,7937.5,-150.2361474640661,9.767731545355209e-08
REF->OPUS8,7968.75,-150.6927305047344,8.363603149766346e-08
REF->OPUS8,8000.0,-150.19202113434008,9.172574668525037e-08
REF->LIN8,0.0,-0.26327868253630315,0.8679471483462127
REF->LIN8,31.25,0.5424851217313599,0.9386989755065807
REF->LIN8,62.5,1.1841322309962226,0.997151977197943
REF->LIN8,93.75,1.2268940542647198,0.9994918304924245
REF->LIN8,125.0,1.2933058329274914,0.9994889852189273
REF->LIN8,156.25,1.395539228181122,0.999416688990067
REF->LIN8,187.5,1.450880645464057,0.9992341580417138
REF->LIN8,218.75,1.4497288729055637,0.9988587855329641
REF->LIN8,250.0,1.4170771831845652,0.9986523041332148
REF->LIN8,281.25,1.3774975813908377,0.9986728052942803
REF->LIN8,312.5,1.3846672443653487,0.9985310720617222
REF->LIN8,343.75,1.429289960411364,0.998546905525055
REF->LIN8,375.0,1.4195167877395103,0.9987077238194497
REF->LIN8,406.25,1.4085876937174948,0.9985310453678811
REF->LIN8,437.5,1.4337197729586515,0.9982095191570551
REF->LIN8,468.75,1.4342159598936288,0.9977837764298797
REF->LIN8,500.0,1.3730078123244578,0.9972950462686906
REF->LIN8,531.25,1.2776394488088314,0.9966367160674109
REF->LIN8,562.5,1.1132241293480438,0.9958720317401326
REF->LIN8,593.75,0.9849765504676321,0.9954885586960575
REF->LIN8,625.0,0.847385514257636,0.993747856265772
REF->LIN8,656.25,0.6788516281764402,0.9912381148005425
REF->LIN8,687.5,0.7000536081205078,0.9910239641143416
REF->LIN8,718.75,0.725710680023204,0.9910195882588358
REF->LIN8,750.0,0.5975082851883478,0.9891546549626155
REF->LIN8,781.25,0.5092087909429526,0.986710447655386
REF->LIN8,812.5,0.45174252880676996,0.9856635735277116
REF->LIN8,843.75,0.4546135531875767,0.984477707360286
REF->LIN8,875.0,0.5715454652958903,0.982411009678465
REF->LIN8,906.25,0.6227208929616167,0.9812879673464909
REF->LIN8,937.5,0.680808440681681,0.9799080225703708
REF->LIN8,968.75,0.641653330261871,0.9798531873949369
REF->LIN8,1000.0,0.4961904995920688,0.9798361424935319
REF->LIN8,1031.25,0.3369431575701498,0.9785578426224149
REF->LIN8,1062.5,0.22423504602132632,0.9755122769282212
REF->LIN8,1093.75,0.26329779046739465,0.9734582176830053
REF->LIN8,1125.0,0.3212107251396731,0.974087178587586
REF->LIN8,1156.25,0.23263567758176426,0.9734296586469823
REF->LIN8,1187.5,0.06428371964497592,0.9745407245141864
REF->LIN8,1218.75,-0.029155586697543368,0.9734489399412798
REF->LIN8,1250.0,-0.09475113536203046,0.967839369946581
REF->LIN8,1281.25,-0.07155008594244935,0.9668727616835372
REF->LIN8,1312.5,-0.08360640166542539,0.9685923121338247
REF->LIN8,1343.75,-0.2925389057706982,0.971768608564008
REF->LIN8,1375.0,-0.31534025421020356,0.9733453831794041
REF->LIN8,1406.25,-0.18608658140959455,0.9705969980414658
REF->LIN8,1437.5,-0.3049945099374524,0.9706724688905463
REF->LIN8,1468.75,-0.5490985368997282,0.9694430665642054
REF->LIN8,1500.0,-0.7039344487660305,0.9667452370282154
REF->LIN8,1531.25,-0.6170113345440579,0.9668906601217189
REF->LIN8,1562.5,-0.471039679593518,0.9695873251242844
REF->LIN8,1593.75,-0.574056418151561,0.9728345083884697
REF->LIN8,1625.0,-0.7043182845482,0.974391871634199
REF->LIN8,1656.25,-0.651417609487802,0.9740945018464442
REF->LIN8,1687.5,-0.5731684075546257,0.9698632941655895
REF->LIN8,1718.75,-0.7490133505112583,0.9614534164165244
REF->LIN8,1750.0,-0.9296222792056129,0.9547646278040316
REF->LIN8,1781.25,-0.979639196669569,0.9534928519071445
REF->LIN8,1812.5,-0.9473900303827596,0.9586288585211786
REF->LIN8,1843.75,-0.8867353788298958,0.9637313486459147
REF->LIN8,1875.0,-1.0201238666178856,0.9565680727164502
REF->LIN8,1906.25,-1.1725296228632058,0.9521017385294939
REF->LIN8,1937.5,-0.9944958732757209,0.9566783450683201
REF->LIN8,1968.75,-0.8862518368072035,0.9502844486161327
REF->LIN8,2000.0,-0.722713794113589,0.9409544305490267
REF->LIN8,2031.25,-0.8041728542712805,0.9391379120361606
REF->LIN8,2062.5,-1.3046646245193558,0.9422707210239556
REF->LIN8,2093.75,-1.3226020351819057,0.9535513460923187
REF->LIN8,2125.0,-1.1004605386226822,0.9507014807237751
REF->LIN8,2156.25,-1.2975988303992123,0.9428246598009712
REF->LIN8,2187.5,-1.5202899863934873,0.9476540379471429
REF->LIN8,2218.75,-1.4027710175883503,0.9494358127307815
REF->LIN8,2250.0,-1.50676005244538,0.9472471365692904
REF->LIN8,2281.25,-1.8130607178527134,0.9473244090934728
REF->LIN8,2312.5,-2.08538801597709,0.94358529726517
REF->LIN8,2343.75,-2.479604655007453,0.9449771327969797
REF->LIN8,2375.0,-2.8194815832170033,0.944247029179491
REF->LIN8,2406.25,-2.937482974046421,0.9361790781364908
REF->LIN8,2437.5,-2.9249638257890043,0.9370424429584222
REF->LIN8,2468.75,-2.8199136072710336,0.9394274939964004
REF->LIN8,2500.0,-2.9802515781821426,0.9244657275125715
REF->LIN8,2531.25,-3.062983770602115,0.9211690543205533
REF->LIN8,2562.5,-3.0896961329853037,0.9350303151528213
REF->LIN8,2593.75,-3.1843197361754734,0.9371981569118389
REF->LIN8,2625.0,-3.069293378152133,0.9405016514684191
REF->LIN8,2656.25,-2.8453406324815314,0.9419173043651184
REF->LIN8,2687.5,-2.769874260617045,0.9351069947557824
REF->LIN8,2718.75,-3.111402836802716,0.9318629023527705
REF->LIN8,2750.0,-3.614206293384007,0.9334901760239493
REF->LIN8,2781.25,-3.7808098767391844,0.9208819157521975
REF->LIN8,2812.5,-3.9086012970307307,0.8916386516327162
REF->LIN8,2843.75,-4.178238019335023,0.872878556176956
REF->LIN8,2875.0,-4.294390545430527,0.8911204505980966
REF->LIN8,2906.25,-4.289954521979801,0.911260512641843
REF->LIN8,2937.5,-4.370419365373523,0.9100380128760782
REF->LIN8,2968.75,-4.647955378842589,0.9026118527623298
REF->LIN8,3000.0,-4.524534402277901,0.9076121726755609
REF->LIN8,3031.25,-4.744429274629544,0.9006263722981601
REF->LIN8,3062.5,-5.0349725308418485,0.898375796128581
REF->LIN8,3093.75,-5.518109850391943,0.8923581392831929
REF->LIN8,3125.0,-6.072373236873638,0.8832705384916024
REF->LIN8,3156.25,-6.412511930128034,0.8761051667643177
REF->LIN8,3187.5,-6.593234403876838,0.8697017285559302
REF->LIN8,3218.75,-6.296050881502371,0.8662207581586803
REF->LIN8,3250.0,-6.2759392385619215,0.8466761735937013
REF->LIN8,3281.25,-6.424339333906181,0.8412665084429732
REF->LIN8,3312.5,-6.676190237033369,0.8408943705671541
REF->LIN8,3343.75,-6.827129834924808,0.834561887416157
REF->LIN8,3375.0,-7.298621833910258,0.8384475652723183
REF->LIN8,3406.25,-8.068084733452658,0.8009104245320124
REF->LIN8,3437.5,-8.565831068391748,0.7418310192060693
REF->LIN8,3468.75,-8.527910019312422,0.7455015387711882
REF->LIN8,3500.0,-8.179385732201535,0.7638346002192586
REF->LIN8,3531.25,-8.413830732403271,0.7456795506919072
REF->LIN8,3562.5,-9.362534785964346,0.7206372081507258
REF->LIN8,3593.75,-9.76183594353188,0.7352533769448748
REF->LIN8,3625.0,-10.055182086978306,0.7775306011820194
REF->LIN8,3656.25,-10.487396448138481,0.8342586038460332
REF->LIN8,3687.5,-10.217753076070206,0.8177674861935084
REF->LIN8,3718.75,-10.113830635809464,0.7625119385738032
REF->LIN8,3750.0,-10.916445981603765,0.7605334299764335
REF->LIN8,3781.25,-12.10199112219659,0.779771596537176
REF->LIN8,3812.5,-12.870622589106663,0.7488816595148674
REF->LIN8,3843.75,-13.530636102588883,0.7375968872847527
REF->LIN8,3875.0,-13.853836269427266,0.7718198171349437
REF->LIN8,3906.25,-13.928857159077069,0.7831543289625944
REF->LIN8,3937.5,-14.889192837437218,0.7544313277839606
REF->LIN8,3968.75,-14.83659968231179,0.7096329508971934
REF->LIN8,4000.0,-15.471299142560817,0.5980672448063413
REF->LIN8,4031.25,-19.01490071816349,0.43046855757195374
REF->LIN8,4062.5,-23.00519114191626,0.3837500631474192
REF->LIN8,4093.75,-26.178235278949877,0.28900851226726637
REF->LIN8,4125.0,-30.352458507153525,0.1422020172256247
REF->LIN8,4156.25,-32.980133044056664,0.09974846820747119
REF->LIN8,4187.5,-35.60746314069346,0.06112302737232886
REF->LIN8,4218.75,-47.03403887425207,0.005989797066008753
REF->LIN8,4250.0,-63.83335642428154,0.0001828014590004032
REF->LIN8,4281.25,-48.13047151570779,0.007817818346274732
REF->LIN8,4312.5,-45.44222611383738,0.014009273324535559
REF->LIN8,4343.75,-40.16756254141677,0.04404906111567101
REF->LIN8,4375.0,-43.46349361933426,0.022220749911939834
REF->LIN8,4406.25,-42.2328027018648,0.0411928148285446
REF->LIN8,4437.5,-45.98831261554722,0.025642042276651893
REF->LIN8,4468.75,-49.43629277173663,0.016345180037314697
REF->LIN8,4500.0,-57.61876673786097,0.0032269001905904284
REF->LIN8,4531.25,-55.0820610420668,0.008125949070242755
REF->LIN8,4562.5,-59.47866110252052,0.003789740932019361
REF->LIN8,4593.75,-54.62084556777552,0.014823252785450634
REF->LIN8,4625.0,-58.08504058396339,0.00867848899472735
REF->LIN8,4656.25,-58.22810253016668,0.009309101301485219
REF->LIN8,4687.5,-66.61674474126136,0.0015127836962780781
REF->LIN8,4718.75,-63.81843001484509,0.002888385403744394
REF->LIN8,4750.0,-62.70554532049391,0.0036251701773275056
REF->LIN8,4781.25,-65.11602764764552,0.0020758601974520865
REF->LIN8,4812.5,-61.00240922732241,0.005500998794243258
REF->LIN8,4843.75,-65.48726358292575,0.0022837531424855138
REF->LIN8,4875.0,-67.35665172695485,0.001679840725842587
REF->LIN8,4906.25,-65.83710341503372,0.0029616906866244304
REF->LIN8,4937.5,-71.20089110793482,0.000917121304567104
REF->LIN8,4968.75,-73.25986261036236,0.000542236356761646
REF->LIN8,5000.0,-75.88139274083797,0.0003468440865662068
REF->LIN8,5031.25,-76.45789227586602,0.00036558439015162993
REF->LIN8,5062.5,-78.76951462217903,0.00020693921663940062
REF->LIN8,5093.75,-79.10883235090839,0.0001929254655322304
REF->LIN8,5125.0,-87.6953065920118,2.7571995170106106e-05
REF->LIN8,5156.25,-87.4061044994768,2.7812635115297692e-05
REF->LIN8,5187.5,-86.32982754143832,3.487589099266889e-05
REF->LIN8,5218.75,-87.10092298182408,2.9075799371404412e-05
REF->LIN8,5250.0,-84.12526853480821,5.480336122285734e-05
REF->LIN8,5281.25,-84.67399358727505,4.704656223000788e-05
REF->LIN8,5312.5,-86.65617382218905,2.9042011092055528e-05
REF->LIN8,5343.75,-86.93068957774251,2.5389814905439654e-05
REF->LIN8,5375.0,-83.43792926642364,5.396561045567243e-05
REF->LIN8,5406.25,-83.45987645359224,5.2111045051752886e-05
REF->LIN8,5437.5,-82.34519702825597,6.298930283550456e-05
REF->LIN8,5468.75,-83.432645653631,4.550501106001132e-05
REF->LIN8,5500.0,-87.93843786498145,1.690200808508556e-05
REF->LIN8,5531.25,-81.56886890102895,7.482867097008874e-05
REF->LIN8,5562.5,-81.10384554945762,7.789712248006918e-05
REF->LIN8,5593.75,-81.6005283192107,6.819072275491102e-05
REF->LIN8,5625.0,-81.92943970852072,6.357384468475165e-05
REF->LIN8,5656.25,-82.56243386407095,5.221541429234065e-05
REF->LIN8,5687.5,-83.49406580698204,4.107125318641792e-05
REF->LIN8,5718.75,-83.38190118789544,4.217571867212887e-05
REF->LIN8,5750.0,-84.13310303061891,3.4611376418356105e-05
REF->LIN8,5781.25,-83.86205154351205,3.8274039548407375e-05
REF->LIN8,5812.5,-80.64468387527299,7.795847487779293e-05
REF->LIN8,5843.75,-79.27515410641247,0.00010355213719871817
REF->LIN8,5875.0,-78.97834089059886,0.00011175168305497899
REF->LIN8,5906.25,-79.59920385432943,9.5387239372016e-05
REF->LIN8,5937.5,-79.31225486754192,0.0001079265830070962
REF->LIN8,5968.75,-80.14249643235898,8.998735781095947e-05
REF->LIN8,6000.0,-82.70100731387376,4.79566481208323e-05
REF->LIN8,6031.25,-79.41533036214634,9.92141629228646e-05
REF->LIN8,6062.5,-79.50548897139163,0.00010183804292983824
REF->LIN8,6093.75,-81.56942871633723,7.12690503701368e-05
REF->LIN8,6125.0,-82.05815984869051,6.576692941366932e-05
REF->LIN8,6156.25,-83.06207345322605,4.7513108012382354e-05
REF->LIN8,6187.5,-78.55531065036381,0.00012074928700925979
REF->LIN8,6218.75,-82.30579425324414,4.7864662188758e-05
REF->LIN8,6250.0,-77.8104907429658,0.00012720668874194766
REF->LIN8,6281.25,-77.91988890318537,0.0001245448856329547
REF->LIN8,6312.5,-79.33914527835915,9.203491083073487e-05
REF->LIN8,6343.75,-77.86085067081014,0.0001214167052957212
REF->LIN8,6375.0,-78.24394948135792,0.00010857872667166086
REF->LIN8,6406.25,-79.85612128772414,7.227148449378896e-05
REF->LIN8,6437.5,-78.01650566942028,0.00010632365727094995
REF->LIN8,6468.75,-77.57597390807545,0.00011739287207068447
REF->LIN8,6500.0,-77.84851415030788,0.00010918367045557409
REF->LIN8,6531.25,-78.13294478897853,9.895392125212655e-05
REF->LIN8,6562.5,-77.48700696799771,0.00012160374809042874
REF->LIN8,6593.75,-78.9303821907082,9.54241042260293e-05
REF->LIN8,6625.0,-81.74877143978048,5.5693969342878e-05
REF->LIN8,6656.25,-85.90597887076414,2.5925062404012394e-05
REF->LIN8,6687.5,-83.37507560989586,5.096850614282044e-05
REF->LIN8,6718.75,-79.78227426654237,0.00010884152160310027
REF->LIN8,6750.0,-81.85414049679757,6.117617756534982e-05
REF->LIN8,6781.25,-84.23508576505736,3.201380838841821e-05
REF->LIN8,6812.5,-80.53746268024298,6.807930574986851e-05
REF->LIN8,6843.75,-80.57256722703642,6.458863395475403e-05
REF->LIN8,6875.0,-80.31190741547208,6.337754063288591e-05
REF->LIN8,6906.25,-80.55972085409165,5.545800909110893e-05
REF->LIN8,6937.5,-79.26078954984271,6.966057093843193e-05
REF->LIN8,6968.75,-81.28752781584421,4.2586905265355884e-05
REF->LIN8,7000.0,-80.28439072047752,5.466937811178237e-05
REF->LIN8,7031.25,-86.80816140207868,1.2282959826296856e-05
REF->LIN8,7062.5,-80.17624717124505,6.0169399328939374e-05
REF->LIN8,7093.75,-81.15113739387688,5.968447421933684e-05
REF->LIN8,7125.0,-83.35297199230139,3.5981467459473494e-05
REF->LIN8,7156.25,-79.36982079269042,7.737505922997509e-05
REF->LIN8,7187.5,-82.09600860763169,3.87792887348742e-05
REF->LIN8,7218.75,-83.35869060805902,2.9341335676524553e-05
REF->LIN8,7250.0,-79.12157956642429,8.278100313360476e-05
REF->LIN8,7281.25,-85.64475825846279,1.9878623615088373e-05
REF->LIN8,7312.5,-79.27453825954562,9.215718305753166e-05
REF->LIN8,7343.75,-83.53469582739837,4.074650974543893e-05
REF->LIN8,7375.0,-82.15453384849204,6.132273538176006e-05
REF->LIN8,7406.25,-93.13857650171661,5.312153169240511e-06
REF->LIN8,7437.5,-82.38353115051892,6.055822934409232e-05
REF->LIN8,7468.75,-92.55012535862019,5.221535540012131e-06
REF->LIN8,7500.0,-94.40325721648702,3.4751389388166435e-06
REF->LIN8,7531.25,-88.07551988440426,1.4425240935527866e-05
REF->LIN8,7562.5,-80.94367811082094,6.836961501783707e-05
REF->LIN8,7593.75,-97.81620440295713,1.3293229133533452e-06
REF->LIN8,7625.0,-90.0692623841681,7.799789475938094e-06
REF->LIN8,7656.25,-85.06983124081759,2.592062873154483e-05
REF->LIN8,7687.5,-84.52876885429035,2.842735237213393e-05
REF->LIN8,7718.75,-87.6235464990757,1.1583711895487637e-05
REF->LIN8,7750.0,-83.62367266424137,2.5559039508419187e-05
REF->LIN8,7781.25,-80.1066030293989,5.798285407455912e-05
REF->LIN8,7812.5,-83.18751617563643,2.9879923576814842e-05
REF->LIN8,7843.75,-78.00069954442097,0.0001014362596624058
REF->LIN8,7875.0,-79.83257962471649,7.125020524971006e-05
REF->LIN8,7906.25,-81.42658568117581,5.522408783200819e-05
REF->LIN8,7937.5,-84.86986295077698,2.6718949809035273e-05
REF->LIN8,7968.75,-83.62250228540276,3.271724568243198e-05
REF->LIN8,8000.0,-86.425064726421,1.6813760262188748e-05
