set,utterance,subset,speaker_id,condition,sample_rate,channels,num_samples,duration_s,length_equals_ref,input_rms_dbfs,output_rms_dbfs,rms_change_db,peak,clip_count,nonfinite_count,lag_vs_ref_samples,waveform_sha256,num_packets,ogg_bytes,ogg_sha256,measured_bitrate_kbps,expected_configuration,share_expected_configuration,configurations
calibration,777-126732-0023,dev-clean,777,REF,16000,1,112320,7.02,True,-31.84773735598835,-31.84773735598835,0.0,0.21734619140625,0,0,0,9ad4e52dc826890853b395e8163a53dd84022a0ff730ae82983eccdb8ec66373,,,,,,,
calibration,777-126732-0023,dev-clean,777,LP,16000,1,112320,7.02,True,-31.84773735598835,-31.93411707241795,-0.0863797164295994,0.216195210814476,0,0,0,9ca194119b1f56dc10a8831fcd89f2469e5d79411cc5cc2581e4cdeb13ecfafc,,,,,,,
calibration,777-126732-0023,dev-clean,777,OPUS,16000,1,112320,7.02,True,-31.84773735598835,-32.7370291621122,-0.8892918061238524,0.1755281686782837,0,0,2,204ed80464bb0af8119c63da6c9188f3fa8e027e18c8546156e08d994dbc1702,352.0,6969.0,ae49cc3575278d7d918dccfc9d8e6ffc77772de6d7587084074d2f32c82ad6ab,7.941880341880343,SILK-NB,1.0,SILK-NB:352
calibration,777-126732-0023,dev-clean,777,SILK,16000,1,112320,7.02,True,-31.84773735598835,-31.976098239787696,-0.1283608837993427,0.21658232808113098,0,0,2,b269754ec8100aa89de120ee7cd006df9e3a5e129824357c02ee5f7ea00c160f,352.0,34510.0,3aea8c2ece3ddfd84ee53e6b55b30f1117fabb611dad880d15a0f87a67ff5376,39.327635327635335,SILK-NB,1.0,SILK-NB:352
calibration,777-126732-0023,dev-clean,777,NEG_LP,16000,1,112320,7.02,True,-31.84773735598835,-31.847771710217362,-3.435422901246834e-05,0.21735720336437225,0,0,0,96279180df01d42bd6a4d31bde2bab716be893a5e6e33b380ff06fc67c2465b7,,,,,,,
calibration,777-126732-0023,dev-clean,777,NEG_CODEC,16000,1,112320,7.02,True,-31.84773735598835,-31.849383211296434,-0.001645855308082737,0.2152974158525467,0,0,0,7f6d1376eeb47580bf4a39c5892f820db4300ce674c8141860a3cda329167d86,352.0,65663.0,5d4b7172d026b61c8d9668dd8f1d98e6fbfc93094aeb861f41f565f42b37cc1b,74.82962962962964,CELT-WB,1.0,CELT-WB:352
calibration,777-126732-0026,dev-clean,777,REF,16000,1,31520,1.97,True,-34.24107034626316,-34.24107034626316,0.0,0.15850830078125,0,0,0,003c6a3fc8b4bcf93e8ad4eabb0abd1c22642ab2ab7ed72de9f83e28f086a172,,,,,,,
calibration,777-126732-0026,dev-clean,777,LP,16000,1,31520,1.97,True,-34.24107034626316,-34.37204669870017,-0.13097635243701633,0.15394766628742218,0,0,0,00d8a657f11f2807b5bf9105bcdb4e70a3861c28d2765b968768315cfaa3d0fe,,,,,,,
calibration,777-126732-0026,dev-clean,777,OPUS,16000,1,31520,1.97,True,-34.24107034626316,-35.03483262543967,-0.7937622791765181,0.14639566838741302,0,0,2,f2c06a32b0e2014d417f9c7526a5a4cd7510a1a7f872ffccac20adb6e259aeeb,99.0,1985.0,a960952d7583bae4b743982cfeb6f5bfde67f79581fc5a56f6e30f81f52f0c2e,8.060913705583756,SILK-NB,1.0,SILK-NB:99
calibration,777-126732-0026,dev-clean,777,SILK,16000,1,31520,1.97,True,-34.24107034626316,-34.40346199899067,-0.1623916527275242,0.16144387423992157,0,0,2,05ba7d2ef08e926eea6bcf2162955d3920ee1790915f89435f7b40399a8be080,99.0,9345.0,a88e62b668c0b0f572b0381c8c82f43e0fdd214783d1b55fea66f546eb7bec8b,37.9492385786802,SILK-NB,1.0,SILK-NB:99
calibration,777-126732-0026,dev-clean,777,NEG_LP,16000,1,31520,1.97,True,-34.24107034626316,-34.24108468535176,-1.43390886089728e-05,0.1584857702255249,0,0,0,82113a4dbec73b893a1e58459ec34177e812f0be3817174255b9f29382cdc2f0,,,,,,,
calibration,777-126732-0026,dev-clean,777,NEG_CODEC,16000,1,31520,1.97,True,-34.24107034626316,-34.23712881848979,0.003941527773360542,0.15885955095291138,0,0,0,0c011d9f2067288925198ecc44cfbf802b2331421bf49f92fbab84a881befff7,99.0,17519.0,d34f8c23c19e523768baf50b5d3b9fddbc403a4936f0273189c5e977d1a2e4c7,71.14314720812182,CELT-WB,1.0,CELT-WB:99
calibration,777-126732-0034,dev-clean,777,REF,16000,1,55680,3.48,True,-33.99438002982808,-33.99438002982808,0.0,0.1717529296875,0,0,0,442290ccceb6e83e4549eef52df1af803b490545af6cf3ee1e46c44c32b73177,,,,,,,
calibration,777-126732-0034,dev-clean,777,LP,16000,1,55680,3.48,True,-33.99438002982808,-34.23591605685263,-0.24153602702455373,0.16741691529750824,0,0,0,c5f684eaab6df96698a269bcb77a2dfbc63e7fb047dbbfb7b4ffa3aa7852c868,,,,,,,
calibration,777-126732-0034,dev-clean,777,OPUS,16000,1,55680,3.48,True,-33.99438002982808,-35.05719778930852,-1.0628177594804393,0.18414387106895447,0,0,2,640082bd9b9967407b7ee98b2b247b11f8888496151b44761390ff5a100ba830,175.0,3362.0,369233409c97ccc8cd4fe3561b4a851d7a7960e737dac291312cab7446cb0995,7.728735632183908,SILK-NB,1.0,SILK-NB:175
calibration,777-126732-0034,dev-clean,777,SILK,16000,1,55680,3.48,True,-33.99438002982808,-34.28370350049839,-0.2893234706703136,0.16548502445220947,0,0,2,2d65317414418f4a9de33d43416c83db09d8c2192e56ef22f2dce1c5a1ecc43e,175.0,16121.0,f450ad44e0f017b2a14e73da57e8f5afb162a5ca0d437a3b9d0599146a063115,37.05977011494252,SILK-NB,1.0,SILK-NB:175
calibration,777-126732-0034,dev-clean,777,NEG_LP,16000,1,55680,3.48,True,-33.99438002982808,-33.994571492556176,-0.00019146272810157257,0.17175522446632385,0,0,0,d01d3c4b4d0dc861d83afc38880b9c94d1f4f8708edb9a515664d727453c15df,,,,,,,
calibration,777-126732-0034,dev-clean,777,NEG_CODEC,16000,1,55680,3.48,True,-33.99438002982808,-33.98517142583919,0.009208603988881382,0.1716458648443222,0,0,0,06b07508f0413b882891617235000e5017c9810f506b7cd88b8d9595d560d757,175.0,32782.0,fad977ea6a1b2f4fc902ffae03ffbb780fdeb61b0f6905cf0670ded16bb1db89,75.36091954022987,CELT-WB,1.0,CELT-WB:175
calibration,777-126732-0052,dev-clean,777,REF,16000,1,79200,4.95,True,-31.249200501520402,-31.249200501520402,0.0,0.212799072265625,0,0,0,e1162d5b305e5685d9f661ccb32d615be1cfb3f389d113110199c011395b68e1,,,,,,,
calibration,777-126732-0052,dev-clean,777,LP,16000,1,79200,4.95,True,-31.249200501520402,-31.460468884955908,-0.21126838343550933,0.21318189799785614,0,0,0,88300a37d529ad0aac436a228d1af931ea519d74b8f40e224775bc7f2e75168d,,,,,,,
calibration,777-126732-0052,dev-clean,777,OPUS,16000,1,79200,4.95,True,-31.249200501520402,-32.424573540965994,-1.1753730394455888,0.2418467402458191,0,0,2,9aa264f274785d3897d2ffecd9ec4adeb01d94393082abcec0e5cd452c9dcc9c,248.0,4930.0,d650d5b6b963f2fc5d0f160c140c2135b3f70e0b0043358d73a7cda83d101f8d,7.9676767676767675,SILK-NB,1.0,SILK-NB:248
calibration,777-126732-0052,dev-clean,777,SILK,16000,1,79200,4.95,True,-31.249200501520402,-31.49854743597988,-0.24934693445947714,0.21639060974121094,0,0,2,78c2864b7fbca417eb9eccce47d0b71d3dc6e9e44e7b8ef236b28d00fe5457cb,248.0,23687.0,7a8f376917f2b2c87a75584603d48907a8a4101645cb8811e1d46bdaa67d3002,38.2820202020202,SILK-NB,1.0,SILK-NB:248
calibration,777-126732-0052,dev-clean,777,NEG_LP,16000,1,79200,4.95,True,-31.249200501520402,-31.249286032962218,-8.553144181412048e-05,0.21280443668365479,0,0,0,08501b6298a032f55426a7abd7d0eb9669ad2b9b4435eca17ce2565b497e218c,,,,,,,
calibration,777-126732-0052,dev-clean,777,NEG_CODEC,16000,1,79200,4.95,True,-31.249200501520402,-31.23588295438261,0.01331754713778629,0.2115938812494278,0,0,0,3cc0d2c3849bf18735a5794d269ab45d8149e5829a2037e72174d2f7d76a33fb,248.0,46907.0,91b4cb753b09892307cfa11ceb53bf8a123167d657dd5ec5f91c5575b9023667,75.80929292929294,CELT-WB,1.0,CELT-WB:248
calibration,777-126732-0076,dev-clean,777,REF,16000,1,68160,4.26,True,-32.36565383170794,-32.36565383170794,0.0,0.214019775390625,0,0,0,8ac1f92b7ca6f415ceb4a11179f2e0d7815e4ace668bdb913bb983351fcd80d9,,,,,,,
calibration,777-126732-0076,dev-clean,777,LP,16000,1,68160,4.26,True,-32.36565383170794,-32.61822176846458,-0.25256793675664047,0.20726534724235535,0,0,0,239198aec3bb2cb5309b91f5bffbeeda64f57edb94a6019a786576ccef8cb051,,,,,,,
calibration,777-126732-0076,dev-clean,777,OPUS,16000,1,68160,4.26,True,-32.36565383170794,-33.39019001357069,-1.0245361818627465,0.1950538456439972,0,0,2,1e90d30ce7b98258711021c7e416e90aff14ee622686f2fd7b01fc1323346555,214.0,4293.0,80a3e6c576fb1e0a95a259b9d8ffc09045db887f6193160ca682ac659643c186,8.061971830985916,SILK-NB,1.0,SILK-NB:214
calibration,777-126732-0076,dev-clean,777,SILK,16000,1,68160,4.26,True,-32.36565383170794,-32.65165027378829,-0.2859964420803495,0.20362205803394318,0,0,2,83c83d07a2e6f14f8c9617341204057a84b44fe90445c071cb970bdee83a1790,214.0,20474.0,7a7e78d0e85dc4f6f2d190022af035092acfde60c4a7955b5df91327d2d8ff75,38.44882629107981,SILK-NB,1.0,SILK-NB:214
calibration,777-126732-0076,dev-clean,777,NEG_LP,16000,1,68160,4.26,True,-32.36565383170794,-32.36584621849004,-0.0001923867820979515,0.21401414275169373,0,0,0,439454879bced63a104d542a86d5b9dfe36a8351da465838c90d48ca17e61634,,,,,,,
calibration,777-126732-0076,dev-clean,777,NEG_CODEC,16000,1,68160,4.26,True,-32.36565383170794,-32.353515488781454,0.012138342926485909,0.21426086127758026,0,0,0,0ca2e909cea79c51958219cbc65d2d792c3b31702bd64da4c0a5ae1a263116cd,214.0,41079.0,505ae3a6c4bc2500d4d5c39e8aafa4c20e4d0a8dfccc87a60acb539d0ffb47cb,77.143661971831,CELT-WB,1.0,CELT-WB:214
calibration,1993-147149-0006,dev-clean,1993,REF,16000,1,446080,27.88,True,-43.53455510874956,-43.53455510874956,0.0,0.044830322265625,0,0,0,bcb6ddab93f1afe051daac2a83ad2a5369af34aaba03504af1d8d07c3162502b,,,,,,,
calibration,1993-147149-0006,dev-clean,1993,LP,16000,1,446080,27.88,True,-43.53455510874956,-43.76336836722488,-0.22881325847532652,0.04501638561487198,0,0,0,08a8254817bbd95ed5ffaf42e161ba2c53bfdf7b84423fbdbfcfa9e2577fd6bb,,,,,,,
calibration,1993-147149-0006,dev-clean,1993,OPUS,16000,1,446080,27.88,True,-43.53455510874956,-44.99708655152047,-1.4625314427709055,0.03903789073228836,0,0,2,e5665e314050069f66ab3d4a70f157e13cf19a11a0b4934a37db11bd45f13ecb,1395.0,25162.0,085b9d8f8fc3b2bf1b6b6d484deedd88e0fc7953988cddf32121cc3240ad32ce,7.220086083213773,SILK-NB,1.0,SILK-NB:1395
calibration,1993-147149-0006,dev-clean,1993,SILK,16000,1,446080,27.88,True,-43.53455510874956,-43.793833680543656,-0.2592785717941022,0.047166649252176285,0,0,2,204045aaea8ea89db546de002a5909f112670ea7067634a85b01571aefc76dd5,1395.0,122976.0,99b53a8e317661b6a8fd3d4f8298d480818a02389e7adb4e5ebe1206355ac918,35.28723098995696,SILK-NB,1.0,SILK-NB:1395
calibration,1993-147149-0006,dev-clean,1993,NEG_LP,16000,1,446080,27.88,True,-43.53455510874956,-43.55341468547336,-0.018859576723806278,0.044986478984355927,0,0,0,112a538ceb7255b41c64c3fa13d27935a6887008f5f7d3fd6f44c1f47fd5d75c,,,,,,,
calibration,1993-147149-0006,dev-clean,1993,NEG_CODEC,16000,1,446080,27.88,True,-43.53455510874956,-43.54288927662531,-0.008334167875757964,0.04471879079937935,0,0,0,9c3558cc5320ec4a5ee9b1ba0dc58966dce4c7526f553a40b36e058d84385b17,1395.0,242330.0,aeac0f2968b81fcb2c56bb01154a5a1370c0fd264510725a9a222f6e84dc6b0b,69.5351506456241,CELT-WB,1.0,CELT-WB:1395
calibration,1993-147149-0014,dev-clean,1993,REF,16000,1,48880,3.055,True,-44.36099447261317,-44.36099447261317,0.0,0.03656005859375,0,0,0,a97e0c973b2f72399b155b8fbd689ef36fe5acd7a96018689793dc914d3a2686,,,,,,,
calibration,1993-147149-0014,dev-clean,1993,LP,16000,1,48880,3.055,True,-44.36099447261317,-44.65257209414144,-0.2915776215282715,0.03624678775668144,0,0,0,db874f479b3122e32dbba9bda0ca9630c42fe16f365c406fa8d20d5d3feb84f3,,,,,,,
calibration,1993-147149-0014,dev-clean,1993,OPUS,16000,1,48880,3.055,True,-44.36099447261317,-46.19040649259673,-1.8294120199835586,0.034030310809612274,0,0,2,9d42f78c383decc346a464af2c7f272ce682caee36c1726901d725b4d0d405cd,154.0,2751.0,a72d67288deb2f36319632d68653281c4ce2094b7765a8fd71e6fe9962924776,7.203927986906709,SILK-NB,1.0,SILK-NB:154
calibration,1993-147149-0014,dev-clean,1993,SILK,16000,1,48880,3.055,True,-44.36099447261317,-44.688420633220424,-0.32742616060725405,0.035547830164432526,0,0,2,db0322df381c2d4536e809cb44e18ffbb772efaf7d7fa2001e011990bdadb7ba,154.0,12927.0,f7aef0187a962ff65806d7969aa94855c1fbdcee12ad00bd93208810a61b4ec4,33.85139116202946,SILK-NB,1.0,SILK-NB:154
calibration,1993-147149-0014,dev-clean,1993,NEG_LP,16000,1,48880,3.055,True,-44.36099447261317,-44.41051601106807,-0.049521538454895056,0.03612253814935684,0,0,0,fe825a93b286049317a82fe8816d10fe0fb2f75d98cebff42e1c437930d0f09a,,,,,,,
calibration,1993-147149-0014,dev-clean,1993,NEG_CODEC,16000,1,48880,3.055,True,-44.36099447261317,-44.396744580055994,-0.03575010744283168,0.03626522049307823,0,0,0,d7bacaae7be2a4f3227a0621a818e0df56878137e6c06e88fb8999b9f3cb426b,154.0,25931.0,6417a07172857fb2c8f9b8887cce20eec40f47406742d6cb42f23533803e2d8b,67.90441898527006,CELT-WB,1.0,CELT-WB:154
calibration,1993-147149-0020,dev-clean,1993,REF,16000,1,271680,16.98,True,-38.38180007126723,-38.38180007126723,0.0,0.090484619140625,0,0,0,d4070aac0982c3b53e75ec2271b3c0d46b353a319f842b650f8fb4ad3afa9ab7,,,,,,,
calibration,1993-147149-0020,dev-clean,1993,LP,16000,1,271680,16.98,True,-38.38180007126723,-38.4382271968502,-0.0564271255829719,0.09207320958375931,0,0,0,8ea9f644fcff59eb355a683ece6bc5a4d42d54ce6b141f2af869463760bde93e,,,,,,,
calibration,1993-147149-0020,dev-clean,1993,OPUS,16000,1,271680,16.98,True,-38.38180007126723,-39.20459318595427,-0.8227931146870481,0.09315882623195648,0,0,2,3bb8b064621d4c82b790aa7a9ab14697715ca5119a41744c3da29a5a4836edca,850.0,15747.0,4e4a69007e851e28fa2785251feaf02730332efb125adeb29a3c6642cfffc538,7.419081272084806,SILK-NB,1.0,SILK-NB:850
calibration,1993-147149-0020,dev-clean,1993,SILK,16000,1,271680,16.98,True,-38.38180007126723,-38.44553350591497,-0.06373343464774855,0.09046871960163116,0,0,2,32170dec4eec6a06a01a6f9ec9a648ff545b611b3c15b20976b282b407d72759,850.0,77675.0,5ebff9566793216f49fc61d7b8e3d0541b728711601c20a8437577ccf8719ac5,36.59599528857479,SILK-NB,1.0,SILK-NB:850
calibration,1993-147149-0020,dev-clean,1993,NEG_LP,16000,1,271680,16.98,True,-38.38180007126723,-38.38739097282766,-0.005590901560431905,0.0904260128736496,0,0,0,bbb6dcc74a54f48ab583ada9d856b895e294dfe35151640308639f81b6610322,,,,,,,
calibration,1993-147149-0020,dev-clean,1993,NEG_CODEC,16000,1,271680,16.98,True,-38.38180007126723,-38.37116676561087,0.010633305656353705,0.09079623222351074,0,0,0,158d463e92ee9f445396edccdabe290b4f497826acd3067a7c3ada1763054d40,850.0,146541.0,a08af381cbb7181ebdd8a2e31844cdecef616a85cd143b10c779c3c16860457c,69.0416961130742,CELT-WB,1.0,CELT-WB:850
calibration,1993-147964-0004,dev-clean,1993,REF,16000,1,116800,7.3,True,-23.70782720513086,-23.70782720513086,0.0,0.64276123046875,0,0,0,1530e298c1008f80e8758aec8b139bbb7ba3b5a337044b13326704315fcfa468,,,,,,,
calibration,1993-147964-0004,dev-clean,1993,LP,16000,1,116800,7.3,True,-23.70782720513086,-23.920470911511025,-0.21264370638016353,0.4018819332122803,0,0,0,743ab7b6c805da4cbb5863e4d3ec91bc678f4a84de7f6035a7abdcaee968104a,,,,,,,
calibration,1993-147964-0004,dev-clean,1993,OPUS,16000,1,116800,7.3,True,-23.70782720513086,-24.49239824904051,-0.7845710439096456,0.471420556306839,0,0,2,a96aa492ce6b09f7cdb284942c75cf3da51a2645484ef8163dad124548cafeba,366.0,7504.0,fb03daf6a98758ec1179938e582336627420bfff7fcda366897b68db81d17e03,8.223561643835618,SILK-NB,1.0,SILK-NB:366
calibration,1993-147964-0004,dev-clean,1993,SILK,16000,1,116800,7.3,True,-23.70782720513086,-23.939223990089474,-0.23139678495861626,0.4572167694568634,0,0,2,f3478d92721549b9392126539eca7edda8705a35ee7633cef96d21a2a80b81e1,366.0,37189.0,d0afd4d33c99318b31d686a96e5a3943c5534b5ec4e6175634c172c43a147dfa,40.75506849315068,SILK-NB,1.0,SILK-NB:366
calibration,1993-147964-0004,dev-clean,1993,NEG_LP,16000,1,116800,7.3,True,-23.70782720513086,-23.71808544734154,-0.010258242210679643,0.6329258680343628,0,0,0,a67737cede93d658894ab69b702f276e63c83310431ad14daaacfe58bd75ed03,,,,,,,
calibration,1993-147964-0004,dev-clean,1993,NEG_CODEC,16000,1,116800,7.3,True,-23.70782720513086,-23.708513118259773,-0.0006859131289148529,0.6473366022109985,0,0,0,a1da3483d5c27a0fb3ce36ce38bc24386a97ad903e92b18a11a393c380a48bde,366.0,61651.0,0c3808f4bc621da201ef98c29daef8835b0e0ccbfdf7914f1348f31a2f43ed63,67.5627397260274,CELT-WB,1.0,CELT-WB:366
calibration,1993-147965-0003,dev-clean,1993,REF,16000,1,118000,7.375,True,-22.547620341412294,-22.547620341412294,0.0,0.48785400390625,0,0,0,a0f5affd66df30702e3296c53f1afb89ede9a9a13b3ca51ff355019063ca5d1c,,,,,,,
calibration,1993-147965-0003,dev-clean,1993,LP,16000,1,118000,7.375,True,-22.547620341412294,-22.597307863513105,-0.04968752210080922,0.49454355239868164,0,0,0,445d238e8486ea63b8b8ad420aea4e28537a401ef3eb85ad380fbd5d0f96f80d,,,,,,,
calibration,1993-147965-0003,dev-clean,1993,OPUS,16000,1,118000,7.375,True,-22.547620341412294,-22.973815565181937,-0.4261952237696419,0.48866117000579834,0,0,2,8b90f251ea30b99e35d38e3fdc313b7fcbc741a0eb9bff0e6c0edf75b7d621a8,370.0,7676.0,8c80d410aaf5f2a4be2895f82e25e1d54c4bb6c42a5f0c0fe3b309e305d52f40,8.32650847457627,SILK-NB,1.0,SILK-NB:370
calibration,1993-147965-0003,dev-clean,1993,SILK,16000,1,118000,7.375,True,-22.547620341412294,-22.592569773933388,-0.04494943252109546,0.4909197688102722,0,0,2,b8cfa3c89de02958e96428212c0f66fdc425e5882b3b4583f92f4bdb5c249b51,370.0,37122.0,daf95f3f6660024cac41853912fbab047cf95547996b68921e139d493e188008,40.267932203389826,SILK-NB,1.0,SILK-NB:370
calibration,1993-147965-0003,dev-clean,1993,NEG_LP,16000,1,118000,7.375,True,-22.547620341412294,-22.553232616249787,-0.0056122748374906935,0.4854806363582611,0,0,0,728a63a511678a56e82e03b1d3edc6f881e6ee30bbe6cb556f465a9512757745,,,,,,,
calibration,1993-147965-0003,dev-clean,1993,NEG_CODEC,16000,1,118000,7.375,True,-22.547620341412294,-22.545033443208148,0.0025868982041474535,0.4855189621448517,0,0,0,15513031aa9aa0fb0b547366b3a8c2c7fbc88cc3d1b4f6775892495a52a0ca10,370.0,62968.0,a38b931de99939c38531379d0b71a692a1f19095fec977f7596b4c160757dfd8,68.30427118644067,CELT-WB,1.0,CELT-WB:370
calibration,3170-137482-0012,dev-clean,3170,REF,16000,1,47760,2.985,True,-24.302543090387218,-24.302543090387218,0.0,0.38665771484375,0,0,0,fd4951a0a22629b87668fba434906b56de413b756d9edfc4ca9adb311a0528d1,,,,,,,
calibration,3170-137482-0012,dev-clean,3170,LP,16000,1,47760,2.985,True,-24.302543090387218,-24.376240070477856,-0.07369698009063592,0.3820153474807739,0,0,0,c823c38b55e71a40c83e700d8f15f85ba1ecd6b64ef98f8a79487ab4a6b8b34d,,,,,,,
calibration,3170-137482-0012,dev-clean,3170,OPUS,16000,1,47760,2.985,True,-24.302543090387218,-25.075064868448983,-0.7725217780617621,0.40460699796676636,0,0,2,7f5bb43dbd69d814865b6532ec3d150a93fdf4b55157574707722d45bee2e619,150.0,3170.0,85ec80bd3d93a5132ff5781dbfd1ab1637de701aba9baa77cfe663fd36a87e57,8.495812395309883,SILK-NB,1.0,SILK-NB:150
calibration,3170-137482-0012,dev-clean,3170,SILK,16000,1,47760,2.985,True,-24.302543090387218,-24.396365789015057,-0.09382269862783543,0.38458573818206787,0,0,2,72d134b633444a64945328bd4c5fc5b7c1a340bd6e367f0ed2d28110be73444c,150.0,14991.0,d335a2040d5e88f6fabf63e98a9e9c45da958fa1b6bcf985ee2eae060e5ba261,40.176884422110554,SILK-NB,1.0,SILK-NB:150
calibration,3170-137482-0012,dev-clean,3170,NEG_LP,16000,1,47760,2.985,True,-24.302543090387218,-24.302570080786595,-2.6990399375258258e-05,0.3866655230522156,0,0,0,ebfa0075c398ffc852e753854bf6134a84b314b1ea3dcb1a283c8866fdf48ba3,,,,,,,
calibration,3170-137482-0012,dev-clean,3170,NEG_CODEC,16000,1,47760,2.985,True,-24.302543090387218,-24.319141573831423,-0.016598483444202384,0.38639703392982483,0,0,0,4d8959cabd876c6021faba1231d69439ff44e05c5b2544145958d5410bff4791,150.0,26775.0,073f245a7ba48eb788f2a05e8eaa2f8ff88a4c7daee3c7edfad48b31804cb046,71.75879396984925,CELT-WB,1.0,CELT-WB:150
calibration,3170-137482-0019,dev-clean,3170,REF,16000,1,85280,5.33,True,-24.706195765284512,-24.706195765284512,0.0,0.397125244140625,0,0,0,0a0c84877dd7cbb511c1d52063d7a1c2746610dd3925abc2d1f8401759336908,,,,,,,
calibration,3170-137482-0019,dev-clean,3170,LP,16000,1,85280,5.33,True,-24.706195765284512,-24.812368633861354,-0.10617286857683988,0.40654027462005615,0,0,0,96024786abc8ad9114c6c2d0edd579f119f482a2162586148235f2f22b5cdbf8,,,,,,,
calibration,3170-137482-0019,dev-clean,3170,OPUS,16000,1,85280,5.33,True,-24.706195765284512,-25.436284221007064,-0.730088455722549,0.4322141706943512,0,0,2,629c5200f3b1de4381f065913c918f0b637a225443edc7e5b0d1c24ad808d3ce,267.0,5548.0,a0a406b76aab28cc2da727db071b136152960a76a3ae134f74c5001aa4448ea0,8.327204502814258,SILK-NB,1.0,SILK-NB:267
calibration,3170-137482-0019,dev-clean,3170,SILK,16000,1,85280,5.33,True,-24.706195765284512,-24.838093049017242,-0.13189728373272872,0.41174638271331787,0,0,2,f18f7d0a1f35501ae6bb0ac38a9986f6e718a67cd9394fce2666bb76551dd73a,267.0,26507.0,895a830f7ac5db90b091e45803f9761bf93f6d94bee7e2b9282fbab4030ac3be,39.78536585365853,SILK-NB,1.0,SILK-NB:267
calibration,3170-137482-0019,dev-clean,3170,NEG_LP,16000,1,85280,5.33,True,-24.706195765284512,-24.706289645805192,-9.388052067548068e-05,0.3971797227859497,0,0,0,626af8e076f875d66ec855fc577335a38fc8a92764e1dfecc82e912d262f57c0,,,,,,,
calibration,3170-137482-0019,dev-clean,3170,NEG_CODEC,16000,1,85280,5.33,True,-24.706195765284512,-24.69646357878461,0.009732186499904068,0.3915148377418518,0,0,0,9ff739bbea2724a1146c868913e7e65dad932fd0c898f0b62688a9d83b223791,267.0,47375.0,14a3cb2af3cfc8cced5e49bc8817b0da77b5b8ae274c9f3c77cf0a432943560a,71.10694183864916,CELT-WB,1.0,CELT-WB:267
calibration,3170-137482-0025,dev-clean,3170,REF,16000,1,119120,7.445,True,-22.71365793551489,-22.71365793551489,0.0,0.40557861328125,0,0,0,afa3fd83ace2679ebc421121616c8f837bbeac1d4e25df89c20059c979e766f7,,,,,,,
calibration,3170-137482-0025,dev-clean,3170,LP,16000,1,119120,7.445,True,-22.71365793551489,-22.820225237059205,-0.10656730154430964,0.41497480869293213,0,0,0,6b2b7b3c38fec5f1dfe7553a0cbcb3bfa61d218293a5c05266608dc5d4dc5a5c,,,,,,,
calibration,3170-137482-0025,dev-clean,3170,OPUS,16000,1,119120,7.445,True,-22.71365793551489,-23.59803326721073,-0.8843753316958378,0.431122750043869,0,0,2,733cd6edc4204e882963d35045c688bf34278e50ca098b5de1e40727e335376a,373.0,7687.0,e705716a3546987eedc294837407625ffb11166f91a900ce59d9d360747ce4d1,8.260040295500335,SILK-NB,1.0,SILK-NB:373
calibration,3170-137482-0025,dev-clean,3170,SILK,16000,1,119120,7.445,True,-22.71365793551489,-22.844446850780628,-0.13078891526573375,0.4162614047527313,0,0,2,c5ca9960f369fbed34d1889d4615ca7f2c5a34f28e9936b9648a2726798f9355,373.0,36698.0,0f9678f565916cb1040dec5836c5ef6ad3bb117f872be95995ecc69603ed7ec8,39.43371390194762,SILK-NB,1.0,SILK-NB:373
calibration,3170-137482-0025,dev-clean,3170,NEG_LP,16000,1,119120,7.445,True,-22.71365793551489,-22.7137247350791,-6.679956420873729e-05,0.4056118428707123,0,0,0,ca57ebe82cb6dab8427a2d187b00222d6af83b2da96b4efe1a236f163db4498b,,,,,,,
calibration,3170-137482-0025,dev-clean,3170,NEG_CODEC,16000,1,119120,7.445,True,-22.71365793551489,-22.695357997459954,0.01829993805493712,0.4170478880405426,0,0,0,98e5f574b38ca41288a5c08be41dacef8bee8e3721e204f345cbb9e47536212e,373.0,65431.0,8b6587613458f64e1cb105a0d8f6be22cc2f9b7cf17c961b6350c2d949f18358,70.30866353257218,CELT-WB,1.0,CELT-WB:373
calibration,3170-137482-0033,dev-clean,3170,REF,16000,1,39440,2.465,True,-23.240519638935083,-23.240519638935083,0.0,0.385009765625,0,0,0,acc97c2d729f2d155e32105220829880b5d6a32d2e97e438f998cf4f4caf00d0,,,,,,,
calibration,3170-137482-0033,dev-clean,3170,LP,16000,1,39440,2.465,True,-23.240519638935083,-23.454866371945094,-0.214346733010005,0.3945383131504059,0,0,0,63616747e1adf790cab9b8532c299caec9bd0070973fabb77057c01db83264c7,,,,,,,
calibration,3170-137482-0033,dev-clean,3170,OPUS,16000,1,39440,2.465,True,-23.240519638935083,-24.135323439446292,-0.8948038005112037,0.4019469916820526,0,0,2,701eac5e1615ee56352f463ce0db78c47e92fd1328f3224f05fba0ab6378c8e0,124.0,2575.0,bcccc1f5fd0419db82e49236770f81491121c26b097396bc76d4c1408a20adaf,8.356997971602436,SILK-NB,1.0,SILK-NB:124
calibration,3170-137482-0033,dev-clean,3170,SILK,16000,1,39440,2.465,True,-23.240519638935083,-23.475881793629636,-0.23536215469454835,0.3911447823047638,0,0,2,1bef023370988de175e3f7a0a16a936054ce1e14c918256db144d7e8fc9a0bd0,124.0,12164.0,11306e4110c02e0c98e34f7f592a2366af9773c04d4795b961f5f6b49c118365,39.477484787018255,SILK-NB,1.0,SILK-NB:124
calibration,3170-137482-0033,dev-clean,3170,NEG_LP,16000,1,39440,2.465,True,-23.240519638935083,-23.240760428973758,-0.00024079003867094728,0.3849598467350006,0,0,0,3ea28f77ecf874fecd720258653b2c764783ec6d030e1745cee1b0af0f4844cb,,,,,,,
calibration,3170-137482-0033,dev-clean,3170,NEG_CODEC,16000,1,39440,2.465,True,-23.240519638935083,-23.248405333541534,-0.007885694606448739,0.384270042181015,0,0,0,d1712e7965ffdf687c755cfece546c13c7acf386ebdc975a8eaf9af5c0f27886,124.0,20469.0,1650ed4dc21989bbd6d871541cf08ab736e43a1c6a0d8469babcafe7fea7ba47,66.43083164300204,CELT-WB,1.0,CELT-WB:124
calibration,3170-137482-0040,dev-clean,3170,REF,16000,1,212080,13.255,True,-23.110561961451253,-23.110561961451253,0.0,0.403350830078125,0,0,0,15c7f8e5f6e3b5021ff9be38fb0dba39c9cbb7b57dfba6ab66be9c7353a8ce45,,,,,,,
calibration,3170-137482-0040,dev-clean,3170,LP,16000,1,212080,13.255,True,-23.110561961451253,-23.225756808158792,-0.11519484670754121,0.4146049916744232,0,0,0,56f3171d2e8e6ce78424bdd31307cf8fd226437d0dbcf8952b6df30188d38f23,,,,,,,
calibration,3170-137482-0040,dev-clean,3170,OPUS,16000,1,212080,13.255,True,-23.110561961451253,-23.807871464112477,-0.6973095026612253,0.45493948459625244,0,0,2,4cb17310908838d425f6691f4ccc0c09d39999641b40dd3d0ebc46ce0585ec5a,664.0,13703.0,f88bc28725ba3ecf5e8d0e793c0ba9616ee3a46d285ba0fa65883a76f0af4ec6,8.270388532629196,SILK-NB,1.0,SILK-NB:664
calibration,3170-137482-0040,dev-clean,3170,SILK,16000,1,212080,13.255,True,-23.110561961451253,-23.2471720588291,-0.13661009737784774,0.42451077699661255,0,0,2,b94ed21da96d091bfd19a6ffb42945d8f70f17d375939157f4a064778efafdbc,664.0,64894.0,ffb10c295756f4ad9ec31092d2c8ce8d01acec133db5b79be91c8d7c04d8637e,39.166503206337225,SILK-NB,1.0,SILK-NB:664
calibration,3170-137482-0040,dev-clean,3170,NEG_LP,16000,1,212080,13.255,True,-23.110561961451253,-23.110602415590566,-4.045413931559742e-05,0.403361976146698,0,0,0,d1da5df1016b722b6175ed841d5b91d8997080fb9e187763d2edf0c3dacebdb6,,,,,,,
calibration,3170-137482-0040,dev-clean,3170,NEG_CODEC,16000,1,212080,13.255,True,-23.110561961451253,-23.111092779685585,-0.0005308182343342398,0.4095609486103058,0,0,0,d966345e9d19bbb4f0b78ae50f8795b29ce0d9253b5384790a1185494a23cfcf,664.0,118029.0,71d8d25eb15456a41f8d0aadbb61d92220488aca7d4787c36311e41c7360b68b,71.2359109769898,CELT-WB,1.0,CELT-WB:664
calibration,3536-23268-0001,dev-clean,3536,REF,16000,1,254480,15.905,True,-23.284947043817873,-23.284947043817873,0.0,0.902069091796875,0,0,0,13c121c149b8d64ff7b1d66bd205e480c2c1749026fc5661e4dff1d07403d731,,,,,,,
calibration,3536-23268-0001,dev-clean,3536,LP,16000,1,254480,15.905,True,-23.284947043817873,-23.354647425677733,-0.06970038185986463,0.894396185874939,0,0,0,74fa927e8c983a530bd453e763f32deaf628140ff8158c2631aa0f916fbe2ddd,,,,,,,
calibration,3536-23268-0001,dev-clean,3536,OPUS,16000,1,254480,15.905,True,-23.284947043817873,-23.651017156293296,-0.36607011247542787,0.8881027102470398,0,0,2,675131acb6def329476073b86172b0cb5ad97671a8742c0a061aa268a21b5d0c,796.0,16540.0,4bac45685868577d2bd235bcf64a9f5b4ec543600d9d0cc6ba54dd661f3bd6a0,8.319396416221315,SILK-NB,1.0,SILK-NB:796
calibration,3536-23268-0001,dev-clean,3536,SILK,16000,1,254480,15.905,True,-23.284947043817873,-23.3906774726508,-0.10573042883293074,0.8938280344009399,0,0,2,b0863ae2823b430b760fa1eaa18fdb92526d11448bbc6c93dbf864f78b20488c,796.0,80457.0,c9253eca2902fd76450dcaf6d22a27615195aff2cd6487fe44fedea62c85c677,40.46878340144609,SILK-NB,1.0,SILK-NB:796
calibration,3536-23268-0001,dev-clean,3536,NEG_LP,16000,1,254480,15.905,True,-23.284947043817873,-23.295457299818196,-0.010510256000325085,0.8993422985076904,0,0,0,52f290fef9ca0c41ca415b2dbdbf2921160add9ff6703c466b2538132e09ca49,,,,,,,
calibration,3536-23268-0001,dev-clean,3536,NEG_CODEC,16000,1,254480,15.905,True,-23.284947043817873,-23.303250543859395,-0.018303500041524895,0.9020056128501892,0,0,0,896c037cf42174b2280706e4137b27b41c8bc12cc5964f77f90f73ea67e914bc,796.0,138524.0,3cb4247c6d02114327cc053fbdd92619f731e902f460e1f3b466f5e6b252c08a,69.67569946557687,CELT-WB,1.0,CELT-WB:796
calibration,3536-23268-0019,dev-clean,3536,REF,16000,1,162640,10.165,True,-25.856211839450246,-25.856211839450246,0.0,0.5396728515625,0,0,0,9ff029b10d8ad741bb046cbd1abe55774f3a289cb7f0810864217cc10a1107b4,,,,,,,
calibration,3536-23268-0019,dev-clean,3536,LP,16000,1,162640,10.165,True,-25.856211839450246,-25.996293892277095,-0.1400820528268469,0.49137017130851746,0,0,0,eac4edc107384a222da271f119e1902758cbc00ddab19a691962f6f84ee0198e,,,,,,,
calibration,3536-23268-0019,dev-clean,3536,OPUS,16000,1,162640,10.165,True,-25.856211839450246,-26.38029599975873,-0.5240841603084814,0.45939093828201294,0,0,2,d00e6a7415564524ab8b55689b20165682bb1af6c930a0512758be669af45ee5,509.0,10690.0,9a1729850bfc6818ad9f85a3de021d48c357ad2f8623d1bd32deabdadaa7fa9c,8.413182488932613,SILK-NB,1.0,SILK-NB:509
calibration,3536-23268-0019,dev-clean,3536,SILK,16000,1,162640,10.165,True,-25.856211839450246,-26.049522012401184,-0.19331017295093259,0.4879976511001587,0,0,2,880393f32b5af061f7cd3d9f28bdf5d639736a4590aecef10243c84dfca5476b,509.0,51622.0,9b6862ad0271c71cd628c4cabc536aece20912cc98e7150213bdb93e12a3070f,40.62725036891294,SILK-NB,1.0,SILK-NB:509
calibration,3536-23268-0019,dev-clean,3536,NEG_LP,16000,1,162640,10.165,True,-25.856211839450246,-25.880170670507386,-0.023958831057138662,0.5393152236938477,0,0,0,ce9b77905baf121251fd6278565a9b015d1ddb399dc4b18267490d74d5777dd3,,,,,,,
calibration,3536-23268-0019,dev-clean,3536,NEG_CODEC,16000,1,162640,10.165,True,-25.856211839450246,-25.889353309043944,-0.03314146959369469,0.5401141047477722,0,0,0,c8faabfd0531d71d25b44f837524413a60114ecb814c4a09cd075dd5a08c4b9a,509.0,87678.0,04dbbfe3b8824d37275b4412e9bfffde46e30a919dc3a9fec240632177289e4b,69.0038366945401,CELT-WB,1.0,CELT-WB:509
calibration,3536-8226-0004,dev-clean,3536,REF,16000,1,234000,14.625,True,-30.59923152611472,-30.59923152611472,0.0,0.32794189453125,0,0,0,94f5a86625fbc6f41ee2cb3f39129aebb476a50742bba2507b5a8d1dddd1d160,,,,,,,
calibration,3536-8226-0004,dev-clean,3536,LP,16000,1,234000,14.625,True,-30.59923152611472,-30.69619723781891,-0.09696571170418941,0.3185915946960449,0,0,0,38f3e98e6ec1275881483a742947d70108e0031d7b1f1f454f68062bd0dd1d02,,,,,,,
calibration,3536-8226-0004,dev-clean,3536,OPUS,16000,1,234000,14.625,True,-30.59923152611472,-31.121766755950592,-0.5225352298358714,0.32525935769081116,0,0,2,9ea95f08115f53bda9da78a0dd657939f08c053edc1254b004c6ea870aae6bea,732.0,14979.0,1215cd155f54059bb1a50e91406f051b07fe61f6a704d5e7c7863698d4798fff,8.193641025641025,SILK-NB,1.0,SILK-NB:732
calibration,3536-8226-0004,dev-clean,3536,SILK,16000,1,234000,14.625,True,-30.59923152611472,-30.73114295898172,-0.13191143286699905,0.3123592436313629,0,0,2,995c6336738f58df9ae5403b1d038f2edc22cf8be8f92c2c2b498b5d7bc8e4f9,732.0,71748.0,5a4ec4e16ab06e0e3a926eb395d9f1b34e79db2e3652525e539879ac42b0d155,39.24676923076923,SILK-NB,1.0,SILK-NB:732
calibration,3536-8226-0004,dev-clean,3536,NEG_LP,16000,1,234000,14.625,True,-30.59923152611472,-30.611616000007,-0.012384473892278201,0.3278735280036926,0,0,0,f92188f3be0499d0449f277bebac9176b06cb4df9bab104da46628059f3cd0ea,,,,,,,
calibration,3536-8226-0004,dev-clean,3536,NEG_CODEC,16000,1,234000,14.625,True,-30.59923152611472,-30.619997584013,-0.020766057898279372,0.3295295238494873,0,0,0,081ff94a2dfe947e4c682e41ecec94c80b6b2e11dd01a06252f6f8142ef4077e,732.0,129075.0,74cf3e2313c7299e0a703b74a6961643fa38db4e754310513de90ac85758530c,70.60512820512821,CELT-WB,1.0,CELT-WB:732
calibration,3536-8226-0007,dev-clean,3536,REF,16000,1,37360,2.335,True,-31.549212031106684,-31.549212031106684,0.0,0.290191650390625,0,0,0,15730459bb10ea0f8b591942895734729601deeef71bbba161789d2dc34b621b,,,,,,,
calibration,3536-8226-0007,dev-clean,3536,LP,16000,1,37360,2.335,True,-31.549212031106684,-31.63895235642116,-0.08974032531447794,0.2871798872947693,0,0,0,501ab803ad98af320394965d47acee9fefee86d038087e04dbb00794ac56b9af,,,,,,,
calibration,3536-8226-0007,dev-clean,3536,OPUS,16000,1,37360,2.335,True,-31.549212031106684,-31.811910371130452,-0.26269834002376846,0.33104002475738525,0,0,2,6e7df82ef8e4571440cfa6622d458f0eb58773188d79aa10657b41c7f4e1f4ee,118.0,2462.0,c93327f775268119d8874b1bdeb35ae0d86e13e00dd26e678007eda542a52cda,8.435117773019272,SILK-NB,1.0,SILK-NB:118
calibration,3536-8226-0007,dev-clean,3536,SILK,16000,1,37360,2.335,True,-31.549212031106684,-31.6687861588095,-0.11957412770281464,0.295276015996933,0,0,2,713629b462f3c380597a8edf08a85900061bfcdbaf5d0dbc72b13a869aa8df65,118.0,11250.0,d4be50593b5d6f65177b81cb55778d88a596739272c742d8236e186c92e51412,38.54389721627409,SILK-NB,1.0,SILK-NB:118
calibration,3536-8226-0007,dev-clean,3536,NEG_LP,16000,1,37360,2.335,True,-31.549212031106684,-31.569724520427638,-0.02051248932095339,0.2913272976875305,0,0,0,2817a0212df63adc42e28cd5a136a7eada049855f8d4f0b18692afdc7be581f6,,,,,,,
calibration,3536-8226-0007,dev-clean,3536,NEG_CODEC,16000,1,37360,2.335,True,-31.549212031106684,-31.5461221684049,0.003089862701785827,0.3002417981624603,0,0,0,eaa3f7489cf81dd6782b9ba2e580d68584289075dc87254de25cf2d1f69070c5,118.0,20578.0,5f5692502a6e3a486cd0bd05fea2caec6a2e9377d8d92ad9f9b7c3e6a3f5af63,70.50278372591006,CELT-WB,1.0,CELT-WB:118
calibration,3536-8226-0019,dev-clean,3536,REF,16000,1,85280,5.33,True,-28.19614257449226,-28.19614257449226,0.0,0.421173095703125,0,0,0,4b1ad1b0cf6231d94e1c4829b80b0d58076e892ad28ff8cbaaf4dbf47bf08a5c,,,,,,,
calibration,3536-8226-0019,dev-clean,3536,LP,16000,1,85280,5.33,True,-28.19614257449226,-28.238686462654922,-0.042543888162660394,0.4365790784358978,0,0,0,57b11578f96edb42301ae1708b93a0a70d6f98b313b22a4dbde9857eee34f130,,,,,,,
calibration,3536-8226-0019,dev-clean,3536,OPUS,16000,1,85280,5.33,True,-28.19614257449226,-28.756634870092547,-0.5604922956002845,0.473074734210968,0,0,2,7a671c29ef9cb7c469dfecc10a81c0ff5450bfd567ff550f05399ca9f7b06b97,267.0,5584.0,1655968ada9f1d0ae43d39fc6f6629bdee887ce19111da6ade6b19bb3659f612,8.3812382739212,SILK-NB,1.0,SILK-NB:267
calibration,3536-8226-0019,dev-clean,3536,SILK,16000,1,85280,5.33,True,-28.19614257449226,-28.29980472395566,-0.10366214946339897,0.43737953901290894,0,0,2,1a0c938dd6f9eb3ac7a15903e58b5cb3cb4706e0f97e111ea7bed8d1e1d14e97,267.0,26454.0,6eb60328fdecb105874a3828134ddd7d339fae96592f7517d86aff90a15ab47e,39.705816135084426,SILK-NB,1.0,SILK-NB:267
calibration,3536-8226-0019,dev-clean,3536,NEG_LP,16000,1,85280,5.33,True,-28.19614257449226,-28.20227677385364,-0.006134199361376458,0.42311418056488037,0,0,0,dcfea4fe6f5c7708020f6850487f17a3c28c25cf3e4200a2942eae8539cec683,,,,,,,
calibration,3536-8226-0019,dev-clean,3536,NEG_CODEC,16000,1,85280,5.33,True,-28.19614257449226,-28.224863074479508,-0.028720499987248307,0.4278984069824219,0,0,0,5bf1fc12d07136c592b92e1b414de7444ed97ae678caea8fcd88fa5226113014,267.0,45061.0,773a62fffb8b9a789105b5118d6d246a4b37d1cc1be64cd6c95078639ecb8b52,67.63377110694185,CELT-WB,1.0,CELT-WB:267
