set,utterance,subset,speaker_id,condition,ref_hf_energy_fraction_4_8k,ref_fricative_frame_fraction,ref_voiced_frame_fraction,ref_spectral_flatness,ref_spectral_flux_db,vs_ref_alignment_lag_samples,vs_ref_alignment_lag_ms,vs_ref_length_equal,vs_ref_spectral_distortion,vs_ref_lsd_db,vs_ref_lsd_0_3k_db,vs_ref_lsd_0_4k_db,vs_ref_lsd_4_8k_db,vs_ref_retained_bandwidth_hz,vs_ref_hf_power_change_db,vs_ref_coherence_0_3500,vs_lp_alignment_lag_samples,vs_lp_alignment_lag_ms,vs_lp_spectral_distortion,vs_lp_lsd_db,vs_lp_lsd_0_3k_db,vs_lp_lsd_0_4k_db,vs_lp_lsd_4_8k_db,vs_lp_retained_bandwidth_hz,vs_lp_hf_power_change_db,vs_lp_coherence_0_3500,vs_lp_envelope_decorrelation
calibration,777-126732-0023,dev-clean,777,REF,0.01572188122514525,0.14564564564564564,0.18303571428571427,0.013865971593126986,3.3046977338206234,,,,,,,,,,,,,,,,,,,,,,
calibration,777-126732-0023,dev-clean,777,LP,,,,,,0.0,0.0,True,196.06712341308594,12.197318077087402,0.03743019327521324,1.5725923776626587,17.119022369384766,4093.75,-26.537089847414723,0.9999734265979353,,,,,,,,,,,
calibration,777-126732-0023,dev-clean,777,OPUS,,,,,,2.0,0.125,True,198.7738037109375,12.761581420898438,6.827498435974121,7.399240970611572,15.973492622375488,4531.25,-17.140280628640852,0.5749632411752357,2.0,0.125,43.64936828613281,6.38584041595459,6.828385829925537,7.0810441970825195,4.9597392082214355,8000.0,9.396940903971807,0.5749976038636474,0.009895729054754887
calibration,777-126732-0023,dev-clean,777,SILK,,,,,,2.0,0.125,True,171.25294494628906,11.416733741760254,1.5578174591064453,2.457461357116699,15.826977729797363,4625.0,-15.39456620332405,0.9923348578855519,2.0,0.125,23.326574325561523,4.2664031982421875,1.5587053298950195,1.8225449323654175,5.505772113800049,8000.0,11.142655329288612,0.9923365234670201,0.00028438088933313566
calibration,777-126732-0023,dev-clean,777,NEG_LP,,,,,,0.0,0.0,True,0.08454407751560211,0.1338540017604828,3.600024865590967e-05,4.4081854866817594e-05,0.18892885744571686,7968.75,-0.0022384099690652267,0.9999999999983774,,,,,,,,,,,
calibration,777-126732-0023,dev-clean,777,NEG_CODEC,,,,,,0.0,0.0,True,2.5159921646118164,1.4183052778244019,1.2502963542938232,1.325781226158142,1.4245686531066895,8000.0,-0.1605857714451496,0.9959574545573797,,,,,,,,,,,
calibration,777-126732-0026,dev-clean,777,REF,0.022243936902184975,0.045454545454545456,0.2205128205128205,0.024573476483355103,3.1857761993244837,,,,,,,,,,,,,,,,,,,,,,
calibration,777-126732-0026,dev-clean,777,LP,,,,,,0.0,0.0,True,131.12841796875,9.330877304077148,0.03362147882580757,1.5398328304290771,13.032236099243164,4093.75,-29.37816682262178,0.9999773689219659,,,,,,,,,,,
calibration,777-126732-0026,dev-clean,777,OPUS,,,,,,2.0,0.125,True,140.89064025878906,10.42253303527832,6.4760003089904785,6.982131481170654,12.338560104370117,4625.0,-16.411470106824083,0.6230095244442577,2.0,0.125,42.01906204223633,6.150909423828125,6.474626541137695,6.668921947479248,4.471372127532959,8000.0,12.967501661926287,0.6229763163608593,0.009570066971994806
calibration,777-126732-0026,dev-clean,777,SILK,,,,,,2.0,0.125,True,119.2236099243164,9.054924011230469,1.543410301208496,2.4800612926483154,12.361613273620605,4625.0,-14.411268450846526,0.9938021889215994,2.0,0.125,23.74515151977539,3.9705114364624023,1.5405166149139404,1.8122843503952026,4.837089538574219,8000.0,14.967703317903844,0.9938051788330063,0.000220655763853439
calibration,777-126732-0026,dev-clean,777,NEG_LP,,,,,,0.0,0.0,True,0.04160746559500694,0.07839272171258926,2.6415968022774905e-05,3.494926932035014e-05,0.11064805090427399,8000.0,-0.000667090317240587,0.9999999999995378,,,,,,,,,,,
calibration,777-126732-0026,dev-clean,777,NEG_CODEC,,,,,,0.0,0.0,True,2.211130142211914,1.3125563859939575,1.1520164012908936,1.2608537673950195,1.2685319185256958,8000.0,-0.1086578534299886,0.9963882434389976,,,,,,,,,,,
calibration,777-126732-0034,dev-clean,777,REF,0.04638222255117747,0.12012012012012012,0.10876132930513595,0.024394144931155416,3.3402423565388673,,,,,,,,,,,,,,,,,,,,,,
calibration,777-126732-0034,dev-clean,777,LP,,,,,,0.0,0.0,True,172.6205291748047,10.54031753540039,0.029935428872704506,1.4152065515518188,14.763708114624023,4093.75,-29.461884196851504,0.9999734196110278,,,,,,,,,,,
calibration,777-126732-0034,dev-clean,777,OPUS,,,,,,2.0,0.125,True,173.22283935546875,11.356239318847656,6.490657329559326,6.8981828689575195,13.79137897491455,4531.25,-18.884133984453296,0.5295452629303078,2.0,0.125,39.71721649169922,5.941324234008789,6.490438461303711,6.660996913909912,4.189943790435791,8000.0,10.577803138129465,0.5295085331671491,0.0096213035430871
calibration,777-126732-0034,dev-clean,777,SILK,,,,,,2.0,0.125,True,150.63882446289062,10.0272216796875,1.6200603246688843,2.447286605834961,13.738808631896973,4531.25,-17.561434551240296,0.9917465549415595,2.0,0.125,21.172409057617188,3.7847185134887695,1.6204034090042114,1.9013415575027466,4.510352611541748,8000.0,11.900502571342466,0.9917310346292214,0.00027085828060358086
calibration,777-126732-0034,dev-clean,777,NEG_LP,,,,,,0.0,0.0,True,0.07047746330499649,0.10513686388731003,2.994601527461782e-05,3.750663745449856e-05,0.14839565753936768,8000.0,-0.003992694876345038,0.9999999999989388,,,,,,,,,,,
calibration,777-126732-0034,dev-clean,777,NEG_CODEC,,,,,,0.0,0.0,True,2.2185542583465576,1.2626347541809082,1.0441641807556152,1.172143816947937,1.2480155229568481,8000.0,-0.12630641853818206,0.9951118089607959,,,,,,,,,,,
calibration,777-126732-0052,dev-clean,777,REF,0.04242818911579509,0.17370892018779344,0.36666666666666664,0.00828131651510941,3.320453550147332,,,,,,,,,,,,,,,,,,,,,,
calibration,777-126732-0052,dev-clean,777,LP,,,,,,0.0,0.0,True,217.14199829101562,12.03304672241211,0.03473794460296631,1.5457440614700317,16.868959426879883,4093.75,-29.506683733660147,0.9999734288739046,,,,,,,,,,,
calibration,777-126732-0052,dev-clean,777,OPUS,,,,,,2.0,0.125,True,217.6140899658203,12.749534606933594,6.520402908325195,7.02095365524292,15.934830665588379,4531.25,-19.75800256415011,0.6282307760350089,2.0,0.125,46.44351577758789,6.491438388824463,6.521454811096191,6.767209053039551,5.467893123626709,8000.0,9.748904684946254,0.628175442745339,0.007629225712841636
calibration,777-126732-0052,dev-clean,777,SILK,,,,,,2.0,0.125,True,194.60211181640625,11.528312683105469,1.5938798189163208,2.4634249210357666,15.905542373657227,4562.5,-18.493940159595425,0.9923559382282863,2.0,0.125,28.00979232788086,4.597661018371582,1.5943186283111572,1.9180612564086914,5.872188568115234,8000.0,11.012967089500943,0.9923478216063709,0.00023445662353371866
calibration,777-126732-0052,dev-clean,777,NEG_LP,,,,,,0.0,0.0,True,0.11743735522031784,0.1497117280960083,3.375557571416721e-05,3.8703066820744425e-05,0.2113121747970581,8000.0,-0.0020775241529658907,0.9999999999992881,,,,,,,,,,,
calibration,777-126732-0052,dev-clean,777,NEG_CODEC,,,,,,0.0,0.0,True,2.5274245738983154,1.401273488998413,1.2924522161483765,1.3519566059112549,1.3395471572875977,8000.0,-0.11275204598852519,0.9949218535774429,,,,,,,,,,,
calibration,777-126732-0076,dev-clean,777,REF,0.050949735198176145,0.13480392156862744,0.2628992628992629,0.010894762819256843,3.328239468697612,,,,,,,,,,,,,,,,,,,,,,
calibration,777-126732-0076,dev-clean,777,LP,,,,,,0.0,0.0,True,168.0449981689453,10.2692289352417,0.0292971134185791,1.5031331777572632,14.361212730407715,4093.75,-30.288439703342632,0.99997357246617,,,,,,,,,,,
calibration,777-126732-0076,dev-clean,777,OPUS,,,,,,2.0,0.125,True,174.0314178466797,11.218245506286621,6.631402492523193,7.127234935760498,13.418792724609375,4562.5,-21.281236441879358,0.571047759005259,2.0,0.125,39.304405212402344,5.9799909591674805,6.6309123039245605,6.82930850982666,4.187398910522461,8000.0,9.007424924330735,0.5709471829909893,0.009957502669455831
calibration,777-126732-0076,dev-clean,777,SILK,,,,,,2.0,0.125,True,148.717529296875,9.719293594360352,1.4943006038665771,2.374199628829956,13.332880973815918,4593.75,-19.927519829434853,0.9927743042783478,2.0,0.125,19.960586547851562,3.7821879386901855,1.492983102798462,1.763865351676941,4.695828437805176,8000.0,10.361141536775243,0.9927822353731446,0.00026673281437061824
calibration,777-126732-0076,dev-clean,777,NEG_LP,,,,,,0.0,0.0,True,0.09610036015510559,0.11940337717533112,3.808297697105445e-05,4.6226035919971764e-05,0.16853199899196625,8000.0,-0.003911099355754843,0.9999999999977222,,,,,,,,,,,
calibration,777-126732-0076,dev-clean,777,NEG_CODEC,,,,,,0.0,0.0,True,2.119072198867798,1.2479463815689087,1.2076666355133057,1.297141671180725,1.0948598384857178,8000.0,-0.1619654327107313,0.9938925241779696,,,,,,,,,,,
calibration,1993-147149-0006,dev-clean,1993,REF,0.04416984519519438,0.10584858270541801,0.5394831299353913,0.01710170960891846,3.233329581125868,,,,,,,,,,,,,,,,,,,,,,
calibration,1993-147149-0006,dev-clean,1993,LP,,,,,,0.0,0.0,True,236.6222381591797,13.766077041625977,0.03555339574813843,1.6726019382476807,19.342100143432617,4093.75,-27.151911997600532,0.9999737280270309,,,,,,,,,,,
calibration,1993-147149-0006,dev-clean,1993,OPUS,,,,,,2.0,0.125,True,233.03359985351562,14.003690719604492,7.10486364364624,7.574059963226318,17.95162010192871,4562.5,-19.979308368302572,0.6275565266081163,2.0,0.125,42.27933883666992,6.368968486785889,7.103829383850098,7.226449012756348,4.646734237670898,8000.0,7.172604726898876,0.6275349781415002,0.016862619163349968
calibration,1993-147149-0006,dev-clean,1993,SILK,,,,,,2.0,0.125,True,203.8341827392578,12.806777000427246,1.9515799283981323,2.8719394207000732,17.742633819580078,4687.5,-18.19062063562785,0.994104123942353,2.0,0.125,22.066875457763672,4.269688129425049,1.9504363536834717,2.201786994934082,5.152881622314453,8000.0,8.961292459573594,0.9941105862968542,0.0006576080869332701
calibration,1993-147149-0006,dev-clean,1993,NEG_LP,,,,,,0.0,0.0,True,40.39134979248047,5.525876045227051,3.752347038243897e-05,4.4491211156127974e-05,7.799609184265137,7156.25,-0.4547401059009699,0.9999999999965011,,,,,,,,,,,
calibration,1993-147149-0006,dev-clean,1993,NEG_CODEC,,,,,,0.0,0.0,True,4.274855613708496,2.000401735305786,1.3726224899291992,1.4178671836853027,2.403536319732666,8000.0,-0.3763228535245253,0.9961785337110751,,,,,,,,,,,
calibration,1993-147149-0014,dev-clean,1993,REF,0.058134660971418846,0.11437908496732026,0.46381578947368424,0.04195596946447618,3.139299428114802,,,,,,,,,,,,,,,,,,,,,,
calibration,1993-147149-0014,dev-clean,1993,LP,,,,,,0.0,0.0,True,294.7954406738281,15.186745643615723,0.036271143704652786,1.677695870399475,21.35128402709961,4093.75,-30.426502837144632,0.9999735794330854,,,,,,,,,,,
calibration,1993-147149-0014,dev-clean,1993,OPUS,,,,,,2.0,0.125,True,286.3554992675781,15.329279899597168,7.190179347991943,7.667530059814453,19.904027938842773,4687.5,-22.865572234812277,0.6119224194654168,2.0,0.125,45.374969482421875,6.55216646194458,7.188138484954834,7.293912410736084,4.754075050354004,8000.0,7.560949604431228,0.6119316008907228,0.01259485145896444
calibration,1993-147149-0014,dev-clean,1993,SILK,,,,,,2.0,0.125,True,256.09027099609375,14.212067604064941,2.1189472675323486,3.007876396179199,19.695802688598633,4781.25,-20.78144529339276,0.9944548862796984,2.0,0.125,26.086153030395508,4.516941547393799,2.1168739795684814,2.355114221572876,5.2674078941345215,8000.0,9.645076545850742,0.9944636678070983,0.0006620218005112255
calibration,1993-147149-0014,dev-clean,1993,NEG_LP,,,,,,0.0,0.0,True,55.95970916748047,6.454483509063721,6.303725967882201e-05,6.951214891159907e-05,9.110310554504395,7156.25,-0.9556956891838218,0.9999999999942258,,,,,,,,,,,
calibration,1993-147149-0014,dev-clean,1993,NEG_CODEC,,,,,,0.0,0.0,True,5.139615058898926,2.1602783203125,1.4429347515106201,1.4921321868896484,2.628775119781494,8000.0,-0.741602462490508,0.9936951670069308,,,,,,,,,,,
calibration,1993-147149-0020,dev-clean,1993,REF,0.009546451073245735,0.10268780151619572,0.6469770674079222,0.007367649224051014,3.3058169344370714,,,,,,,,,,,,,,,,,,,,,,
calibration,1993-147149-0020,dev-clean,1993,LP,,,,,,0.0,0.0,True,131.08436584472656,9.725998878479004,0.03433661907911301,1.548503041267395,13.600101470947266,4093.75,-25.3593389785607,0.9999721985428798,,,,,,,,,,,
calibration,1993-147149-0020,dev-clean,1993,OPUS,,,,,,2.0,0.125,True,139.37440490722656,10.610440254211426,6.638261795043945,7.052878379821777,12.691976547241211,4687.5,-16.64472532882949,0.6480453480306192,2.0,0.125,32.827701568603516,5.566315174102783,6.636872291564941,6.737564563751221,3.3075168132781982,8000.0,8.714688156982703,0.6480770244727014,0.013686436120962542
calibration,1993-147149-0020,dev-clean,1993,SILK,,,,,,2.0,0.125,True,114.27072143554688,9.160205841064453,1.6110695600509644,2.439638376235962,12.529452323913574,4750.0,-15.057281773878874,0.9948669397142054,2.0,0.125,13.606193542480469,3.2048094272613525,1.6092890501022339,1.793972373008728,3.723172903060913,8000.0,10.30213171193332,0.994871050934904,0.0004931357251518609
calibration,1993-147149-0020,dev-clean,1993,NEG_LP,,,,,,0.0,0.0,True,22.45429801940918,3.697049140930176,3.197713158442639e-05,3.777809251914732e-05,5.2182745933532715,7156.25,-0.6351361499050845,0.9999999999973641,,,,,,,,,,,
calibration,1993-147149-0020,dev-clean,1993,NEG_CODEC,,,,,,0.0,0.0,True,3.2703490257263184,1.7088080644607544,1.3534451723098755,1.3715966939926147,1.9233022928237915,8000.0,-0.4537328477180018,0.9962101462205054,,,,,,,,,,,
calibration,1993-147964-0004,dev-clean,1993,REF,0.02775950584951299,0.11514195583596215,0.5800604229607251,0.012916261210415112,3.36282694835176,,,,,,,,,,,,,,,,,,,,,,
calibration,1993-147964-0004,dev-clean,1993,LP,,,,,,0.0,0.0,True,209.70018005371094,13.007192611694336,0.03808296099305153,1.6798721551895142,18.267126083374023,4093.75,-24.18233190484566,0.9999742421899026,,,,,,,,,,,
calibration,1993-147964-0004,dev-clean,1993,OPUS,,,,,,2.0,0.125,True,201.8966827392578,13.081223487854004,6.664157390594482,7.159763813018799,16.73503303527832,4750.0,-13.592631269123487,0.6119817882195304,2.0,0.125,47.11012268066406,6.637897491455078,6.68215274810791,6.928167343139648,5.5085039138793945,8000.0,10.589673694210509,0.6120329857180877,0.011419051577595152
calibration,1993-147964-0004,dev-clean,1993,SILK,,,,,,2.0,0.125,True,177.1239013671875,11.938108444213867,1.5305336713790894,2.458702802658081,16.628114700317383,4781.25,-12.50336581575591,0.9923600465543442,2.0,0.125,26.087268829345703,4.419164180755615,1.53751540184021,1.8108632564544678,5.7610392570495605,8000.0,11.678939147578085,0.9923656253256995,0.0002438617173061708
calibration,1993-147964-0004,dev-clean,1993,NEG_LP,,,,,,0.0,0.0,True,35.222782135009766,5.139223098754883,3.2573414500802755e-05,3.570550325093791e-05,7.253859996795654,7156.25,-0.39280836656680257,0.9999999999984924,,,,,,,,,,,
calibration,1993-147964-0004,dev-clean,1993,NEG_CODEC,,,,,,0.0,0.0,True,4.6489691734313965,2.1043667793273926,1.678369402885437,1.6718101501464844,2.4099066257476807,8000.0,-0.31955439547189796,0.9912681602594665,,,,,,,,,,,
calibration,1993-147965-0003,dev-clean,1993,REF,0.01004809976878808,0.1619718309859155,0.6197183098591549,0.002970998089858618,3.164054319169421,,,,,,,,,,,,,,,,,,,,,,
calibration,1993-147965-0003,dev-clean,1993,LP,,,,,,0.0,0.0,True,129.5338897705078,8.981657028198242,0.028222251683473587,1.3690048456192017,12.559935569763184,4093.75,-27.168624867722492,0.99997194544526,,,,,,,,,,,
calibration,1993-147965-0003,dev-clean,1993,OPUS,,,,,,2.0,0.125,True,138.1492462158203,9.934977531433105,6.017744064331055,6.330801963806152,11.911688804626465,4625.0,-19.950003367791393,0.5611299704237427,2.0,0.125,26.91661834716797,4.916161060333252,6.016598224639893,6.108113765716553,2.733304262161255,8000.0,7.2186269249720105,0.5610576186490811,0.008869517119730608
calibration,1993-147965-0003,dev-clean,1993,SILK,,,,,,2.0,0.125,True,118.31104278564453,8.622800827026367,1.3486673831939697,2.121607780456543,11.878101348876953,4656.25,-19.30630286253972,0.9925929819792498,2.0,0.125,8.492350578308105,2.4066131114959717,1.3472517728805542,1.5363402366638184,2.8116812705993652,8000.0,7.862327430223682,0.9926012899456613,0.0002506704510537583
calibration,1993-147965-0003,dev-clean,1993,NEG_LP,,,,,,0.0,0.0,True,22.410842895507812,3.4816129207611084,2.4403596398769878e-05,2.997618867084384e-05,4.914193630218506,7156.25,-0.6052175164080424,0.9999999999982803,,,,,,,,,,,
calibration,1993-147965-0003,dev-clean,1993,NEG_CODEC,,,,,,0.0,0.0,True,2.8587512969970703,1.5381618738174438,1.293451189994812,1.294851541519165,1.6481249332427979,8000.0,-0.5216630745847269,0.9970775820273631,,,,,,,,,,,
calibration,3170-137482-0012,dev-clean,3170,REF,0.01402865535594662,0.10407239819004525,0.4652173913043478,0.002393509705192909,3.377929015386202,,,,,,,,,,,,,,,,,,,,,,
calibration,3170-137482-0012,dev-clean,3170,LP,,,,,,0.0,0.0,True,88.5404281616211,6.895008087158203,0.026717159897089005,1.2528129816055298,9.57397174835205,4093.75,-25.55254764218981,0.9999697739093723,,,,,,,,,,,
calibration,3170-137482-0012,dev-clean,3170,OPUS,,,,,,2.0,0.125,True,94.86405944824219,8.226617813110352,5.840376853942871,6.023245811462402,8.995566368103027,4531.25,-15.887183804422921,0.5546254854297454,2.0,0.125,26.15851402282715,4.831818580627441,5.840156078338623,5.850768089294434,2.66117525100708,8000.0,9.665361941154785,0.5546255781465761,0.009743932757359186
calibration,3170-137482-0012,dev-clean,3170,SILK,,,,,,2.0,0.125,True,77.36175537109375,6.658786296844482,1.1238023042678833,1.8454877138137817,8.993794441223145,4562.5,-16.136533855860243,0.9926309714657571,2.0,0.125,9.160244941711426,2.3066024780273438,1.1232179403305054,1.3024747371673584,2.69245982170105,8000.0,9.416011889717465,0.9926133782487107,0.00022630352319019664
calibration,3170-137482-0012,dev-clean,3170,NEG_LP,,,,,,0.0,0.0,True,0.40761056542396545,0.23989589512348175,2.0777673853444867e-05,2.4811290131765418e-05,0.33859917521476746,8000.0,-0.0019793707530221714,0.9999999999997334,,,,,,,,,,,
calibration,3170-137482-0012,dev-clean,3170,NEG_CODEC,,,,,,0.0,0.0,True,1.3476027250289917,1.0523885488510132,1.1974995136260986,1.1949843168258667,0.7667446732521057,8000.0,-0.003562354784567481,0.9929351249989583,,,,,,,,,,,
calibration,3170-137482-0019,dev-clean,3170,REF,0.019974194583749386,0.12307692307692308,0.4511930585683297,0.007240901149325436,3.4317459444882856,,,,,,,,,,,,,,,,,,,,,,
calibration,3170-137482-0019,dev-clean,3170,LP,,,,,,0.0,0.0,True,160.5320587158203,10.370670318603516,0.0269260685890913,1.4242832660675049,14.530614852905273,4093.75,-26.983240478848725,0.9999738351400708,,,,,,,,,,,
calibration,3170-137482-0019,dev-clean,3170,OPUS,,,,,,2.0,0.125,True,157.78736877441406,10.969605445861816,6.283544063568115,6.637813091278076,13.354453086853027,4593.75,-17.288673873809227,0.5904626620327096,2.0,0.125,34.68649673461914,5.5991644859313965,6.283135414123535,6.437076091766357,3.8188345432281494,8000.0,9.694575306761124,0.5904542572548938,0.009739845862131613
calibration,3170-137482-0019,dev-clean,3170,SILK,,,,,,2.0,0.125,True,134.5402374267578,9.568425178527832,1.3022023439407349,2.1093878746032715,13.212775230407715,4593.75,-16.910129353196556,0.9933037232196354,2.0,0.125,15.187597274780273,3.204847812652588,1.3002634048461914,1.5336499214172363,3.9940741062164307,8000.0,10.073119827373798,0.9933019552153184,0.00020969226917200157
calibration,3170-137482-0019,dev-clean,3170,NEG_LP,,,,,,0.0,0.0,True,1.137799859046936,0.47784316539764404,1.7876445781439543e-05,2.2356409317580983e-05,0.6744584441184998,7156.25,-0.0048067864048023145,0.9999999999999023,,,,,,,,,,,
calibration,3170-137482-0019,dev-clean,3170,NEG_CODEC,,,,,,0.0,0.0,True,1.9441640377044678,1.2595245838165283,1.367475986480713,1.3651793003082275,1.0580083131790161,8000.0,-0.06747602124032608,0.9905751848730059,,,,,,,,,,,
calibration,3170-137482-0025,dev-clean,3170,REF,0.02324934310642152,0.12837837837837837,0.44908180300500833,0.003228459356966454,3.3430442887679974,,,,,,,,,,,,,,,,,,,,,,
calibration,3170-137482-0025,dev-clean,3170,LP,,,,,,0.0,0.0,True,127.4818344116211,8.630175590515137,0.019114665687084198,1.2813106775283813,12.052745819091797,4093.75,-28.29696388915447,0.9999737924400071,,,,,,,,,,,
calibration,3170-137482-0025,dev-clean,3170,OPUS,,,,,,2.0,0.125,True,131.43753051757812,9.55743408203125,5.767053604125977,6.06026554107666,11.315454483032227,4468.75,-22.243472239114546,0.5925777056689944,2.0,0.125,25.48461151123047,4.736433506011963,5.767194747924805,5.866113185882568,2.5595664978027344,8000.0,6.053492902874893,0.5925535597752521,0.009185194899394511
calibration,3170-137482-0025,dev-clean,3170,SILK,,,,,,2.0,0.125,True,111.54441833496094,8.158475875854492,1.070394515991211,1.8076789379119873,11.215352058410645,4500.0,-21.496611925726246,0.9934198437958222,2.0,0.125,8.490726470947266,2.299631118774414,1.0698636770248413,1.3136014938354492,2.7297523021698,8000.0,6.800353216263194,0.9934121700039252,0.00019673657123819854
calibration,3170-137482-0025,dev-clean,3170,NEG_LP,,,,,,0.0,0.0,True,0.7496853470802307,0.3176688849925995,2.2582351448363625e-05,2.6810381314135157e-05,0.4483729898929596,7156.25,-0.0029479545219661544,0.9999999999997738,,,,,,,,,,,
calibration,3170-137482-0025,dev-clean,3170,NEG_CODEC,,,,,,0.0,0.0,True,1.508123755455017,1.0863136053085327,1.1817164421081543,1.1935056447982788,0.8619166612625122,8000.0,-0.01362121211832181,0.9903585063904329,,,,,,,,,,,
calibration,3170-137482-0033,dev-clean,3170,REF,0.0447701770100027,0.15625,0.453416149068323,0.006498081461577114,3.4818911766084284,,,,,,,,,,,,,,,,,,,,,,
calibration,3170-137482-0033,dev-clean,3170,LP,,,,,,0.0,0.0,True,141.1486358642578,8.945878982543945,0.019605938345193863,1.3393923044204712,12.459949493408203,4093.75,-27.892140789824694,0.9999736126652128,,,,,,,,,,,
calibration,3170-137482-0033,dev-clean,3170,OPUS,,,,,,2.0,0.125,True,138.9160614013672,9.78515625,5.8452467918396,6.117616176605225,11.491944313049316,4468.75,-21.764628716734737,0.614556472876118,2.0,0.125,28.0284366607666,4.971149444580078,5.844465732574463,5.905129909515381,3.084523916244507,8000.0,6.127512317593741,0.6144814658639323,0.00676843695442908
calibration,3170-137482-0033,dev-clean,3170,SILK,,,,,,2.0,0.125,True,119.73466491699219,8.372394561767578,1.1759649515151978,1.9684956073760986,11.421836853027344,4500.0,-20.661499918650428,0.9917182217444546,2.0,0.125,11.517523765563965,2.6977269649505615,1.1742098331451416,1.4160759449005127,3.269273042678833,8000.0,7.2306411156780515,0.9917164741272699,0.0001813892021320651
calibration,3170-137482-0033,dev-clean,3170,NEG_LP,,,,,,0.0,0.0,True,1.1172897815704346,0.48945069313049316,2.317936741746962e-05,2.773133928712923e-05,0.690836489200592,7906.25,-0.005521155108028794,0.9999999999997086,,,,,,,,,,,
calibration,3170-137482-0033,dev-clean,3170,NEG_CODEC,,,,,,0.0,0.0,True,1.6923948526382446,1.1547725200653076,1.2565045356750488,1.2640420198440552,0.9327211380004883,8000.0,-0.10551719834035035,0.9906481598772292,,,,,,,,,,,
calibration,3170-137482-0040,dev-clean,3170,REF,0.024222018293561003,0.12003968253968254,0.5451866404715128,0.0018618035674502396,3.2657388805958574,,,,,,,,,,,,,,,,,,,,,,
calibration,3170-137482-0040,dev-clean,3170,LP,,,,,,0.0,0.0,True,98.04569244384766,7.302905082702637,0.020423362031579018,1.2321465015411377,10.162238121032715,4093.75,-30.91005286024194,0.9999741257895333,,,,,,,,,,,
calibration,3170-137482-0040,dev-clean,3170,OPUS,,,,,,2.0,0.125,True,102.82015991210938,8.312837600708008,5.451730251312256,5.724106788635254,9.476655960083008,4437.5,-21.21615096856948,0.5628077500135311,2.0,0.125,23.23394775390625,4.465694904327393,5.451292514801025,5.517598628997803,2.4209938049316406,8000.0,9.693910467175135,0.5627955759784113,0.007579710376513393
calibration,3170-137482-0040,dev-clean,3170,SILK,,,,,,2.0,0.125,True,85.4413070678711,6.906045436859131,0.9754480123519897,1.7036237716674805,9.416638374328613,4468.75,-20.5123355115849,0.9935906531818217,2.0,0.125,8.110451698303223,2.169844627380371,0.9743674397468567,1.159279465675354,2.599120616912842,8000.0,10.397725924159708,0.9935829425914079,0.00019695618179049745
calibration,3170-137482-0040,dev-clean,3170,NEG_LP,,,,,,0.0,0.0,True,0.44554007053375244,0.2182132452726364,2.103489350702148e-05,2.477938869560603e-05,0.307995468378067,8000.0,-0.0017323329056461593,0.9999999999999035,,,,,,,,,,,
calibration,3170-137482-0040,dev-clean,3170,NEG_CODEC,,,,,,0.0,0.0,True,1.2587438821792603,0.9781687259674072,1.1205600500106812,1.1022144556045532,0.720526397228241,8000.0,-0.05762301473887587,0.9910345338281483,,,,,,,,,,,
calibration,3536-23268-0001,dev-clean,3536,REF,0.013921007755982548,0.10150891632373114,0.6291012838801712,0.006011193342278917,3.56316901883357,,,,,,,,,,,,,,,,,,,,,,
calibration,3536-23268-0001,dev-clean,3536,LP,,,,,,0.0,0.0,True,148.4743194580078,10.186142921447754,0.03292209282517433,1.3932911157608032,14.287699699401855,4093.75,-26.041005991028307,0.9999739066064911,,,,,,,,,,,
calibration,3536-23268-0001,dev-clean,3536,OPUS,,,,,,2.0,0.125,True,155.2847900390625,11.03754997253418,6.397079944610596,6.599666595458984,13.51442813873291,4375.0,-20.242481625645823,0.6642598988194529,2.0,0.125,26.889108657836914,5.018356800079346,6.396224021911621,6.438647270202637,2.294689893722534,8000.0,5.798555341710712,0.6642747419998933,0.01269727224503514
calibration,3536-23268-0001,dev-clean,3536,SILK,,,,,,2.0,0.125,True,135.2442169189453,9.781034469604492,1.543968915939331,2.213616371154785,13.503619194030762,4343.75,-19.58733949942801,0.9940018599841353,2.0,0.125,7.170347690582275,2.1990303993225098,1.5427706241607666,1.7505829334259033,2.259753704071045,8000.0,6.453697467928524,0.9940122298096977,0.0018915235604646252
calibration,3536-23268-0001,dev-clean,3536,NEG_LP,,,,,,0.0,0.0,True,26.44321060180664,3.694420337677002,2.096613206958864e-05,2.8148357159807347e-05,5.2145609855651855,7156.25,-0.8367077364790675,0.9999999999998522,,,,,,,,,,,
calibration,3536-23268-0001,dev-clean,3536,NEG_CODEC,,,,,,0.0,0.0,True,3.2589640617370605,1.6835287809371948,1.4511291980743408,1.4275559186935425,1.7779967784881592,8000.0,-0.49421584472917046,0.996783423370229,,,,,,,,,,,
calibration,3536-23268-0019,dev-clean,3536,REF,0.02864431424499376,0.11653386454183266,0.5705824284304047,0.00491650870624228,3.4592220827336146,,,,,,,,,,,,,,,,,,,,,,
calibration,3536-23268-0019,dev-clean,3536,LP,,,,,,0.0,0.0,True,151.07632446289062,10.279867172241211,0.031080180779099464,1.4868249893188477,14.40815258026123,4093.75,-25.49195810404597,0.9999738759625084,,,,,,,,,,,
calibration,3536-23268-0019,dev-clean,3536,OPUS,,,,,,2.0,0.125,True,157.23513793945312,11.087251663208008,6.469107627868652,6.749067306518555,13.596144676208496,4281.25,-20.352232133661694,0.6492829347677135,2.0,0.125,27.93337631225586,5.148285388946533,6.468432426452637,6.564553737640381,2.4756791591644287,8000.0,5.139715460932003,0.6493293265620768,0.014021435438954177
calibration,3536-23268-0019,dev-clean,3536,SILK,,,,,,2.0,0.125,True,135.63755798339844,9.78661823272705,1.5141024589538574,2.2417526245117188,13.533814430236816,4343.75,-19.683793847575252,0.9927838447720643,2.0,0.125,7.672309875488281,2.338555097579956,1.513562798500061,1.8210080862045288,2.4653565883636475,8000.0,5.808153747018443,0.9927926750771224,0.0012002650131570647
calibration,3536-23268-0019,dev-clean,3536,NEG_LP,,,,,,0.0,0.0,True,24.298791885375977,3.3802833557128906,2.508980833226815e-05,3.304226993350312e-05,4.771166801452637,7156.25,-0.9244925327210461,0.9999999999992552,,,,,,,,,,,
calibration,3536-23268-0019,dev-clean,3536,NEG_CODEC,,,,,,0.0,0.0,True,3.1011722087860107,1.652701497077942,1.4224978685379028,1.4309813976287842,1.73695707321167,8000.0,-0.5323758431347293,0.9956006195448996,,,,,,,,,,,
calibration,3536-8226-0004,dev-clean,3536,REF,0.018866000705763938,0.09343629343629344,0.6671721000758151,0.00538930756164291,3.5805950400202717,,,,,,,,,,,,,,,,,,,,,,
calibration,3536-8226-0004,dev-clean,3536,LP,,,,,,0.0,0.0,True,101.59494018554688,7.999434471130371,0.02848813496530056,1.2596089839935303,11.194523811340332,4093.75,-25.764909992321996,0.9999735589868491,,,,,,,,,,,
calibration,3536-8226-0004,dev-clean,3536,OPUS,,,,,,2.0,0.125,True,108.95069122314453,8.999748229980469,5.857034683227539,6.042416572570801,10.531567573547363,4312.5,-21.001578494594142,0.7160368182264532,2.0,0.125,21.774595260620117,4.495612621307373,5.855905532836914,5.847431182861328,1.7695930004119873,8000.0,4.763401923549636,0.7160295931277093,0.011223110279073079
calibration,3536-8226-0004,dev-clean,3536,SILK,,,,,,2.0,0.125,True,90.8369369506836,7.6467413902282715,1.373637080192566,1.9445284605026245,10.463919639587402,4312.5,-18.482484059507982,0.9954576845341903,2.0,0.125,5.484402656555176,1.896780252456665,1.3726696968078613,1.5637528896331787,1.8528982400894165,8000.0,7.282496358635795,0.9954628787449111,0.0014912856579065714
calibration,3536-8226-0004,dev-clean,3536,NEG_LP,,,,,,0.0,0.0,True,15.448486328125,2.47178316116333,1.694200727797579e-05,2.1536394342547283e-05,3.4888460636138916,7156.25,-0.7161724466813267,0.9999999999996972,,,,,,,,,,,
calibration,3536-8226-0004,dev-clean,3536,NEG_CODEC,,,,,,0.0,0.0,True,2.4209203720092773,1.4223003387451172,1.3027898073196411,1.267344355583191,1.4259027242660522,8000.0,-0.4454314413381747,0.9972101484850433,,,,,,,,,,,
calibration,3536-8226-0007,dev-clean,3536,REF,0.018849535108623507,0.18877551020408162,0.5894736842105263,0.010785001588760154,3.5440543161378093,,,,,,,,,,,,,,,,,,,,,,
calibration,3536-8226-0007,dev-clean,3536,LP,,,,,,0.0,0.0,True,173.09535217285156,10.609920501708984,0.028313176706433296,1.3482730388641357,14.887176513671875,4093.75,-31.29424128909374,0.999974160856334,,,,,,,,,,,
calibration,3536-8226-0007,dev-clean,3536,OPUS,,,,,,2.0,0.125,True,177.52822875976562,11.381511688232422,6.102776050567627,6.332040786743164,14.060317993164062,4187.5,-26.580032772081648,0.6576598037468674,2.0,0.125,24.619028091430664,4.795565605163574,6.1023783683776855,6.1227126121521,2.171652317047119,8000.0,4.714169132596929,0.6577277093548677,0.012215722138089635
calibration,3536-8226-0007,dev-clean,3536,SILK,,,,,,2.0,0.125,True,157.95689392089844,10.161364555358887,1.5529578924179077,2.1758337020874023,13.987092018127441,4187.5,-25.504307655120797,0.9948679496261813,2.0,0.125,6.78494930267334,2.189103841781616,1.5526658296585083,1.7249802350997925,2.1960031986236572,8000.0,5.789894249557776,0.994890704708331,0.0019073027091348616
calibration,3536-8226-0007,dev-clean,3536,NEG_LP,,,,,,0.0,0.0,True,34.91105270385742,4.106978893280029,2.134974602086004e-05,2.9169154004193842e-05,5.796876430511475,7156.25,-1.2568353808480555,0.9999999999998511,,,,,,,,,,,
calibration,3536-8226-0007,dev-clean,3536,NEG_CODEC,,,,,,0.0,0.0,True,3.6169745922088623,1.7221262454986572,1.4637342691421509,1.4590716361999512,1.8185466527938843,8000.0,-0.7663288600568575,0.9957963647695186,,,,,,,,,,,
calibration,3536-8226-0019,dev-clean,3536,REF,0.007906505958126149,0.11597374179431072,0.6784922394678492,0.005124449980925348,3.5811774354114294,,,,,,,,,,,,,,,,,,,,,,
calibration,3536-8226-0019,dev-clean,3536,LP,,,,,,0.0,0.0,True,85.90453338623047,7.2388434410095215,0.02948179468512535,1.1786226034164429,10.115429878234863,4093.75,-25.55479174013636,0.9999733756637558,,,,,,,,,,,
calibration,3536-8226-0019,dev-clean,3536,OPUS,,,,,,2.0,0.125,True,95.88441467285156,8.444009780883789,5.777795791625977,5.862961769104004,9.667603492736816,4343.75,-17.801913706902024,0.677734987180514,2.0,0.125,19.791522979736328,4.279731750488281,5.776547431945801,5.679222106933594,1.4345511198043823,8000.0,7.753269697360677,0.677724978781657,0.01250503648122181
calibration,3536-8226-0019,dev-clean,3536,SILK,,,,,,2.0,0.125,True,78.9856948852539,7.073543071746826,1.3675626516342163,1.8981832265853882,9.619277954101562,4343.75,-16.551832691521206,0.9937347770489092,2.0,0.125,4.204092025756836,1.6737678050994873,1.3659954071044922,1.4888889789581299,1.4837749004364014,8000.0,9.003350712741495,0.9937498160527783,0.0013981476416802252
calibration,3536-8226-0019,dev-clean,3536,NEG_LP,,,,,,0.0,0.0,True,13.37452507019043,2.2506964206695557,2.48226187977707e-05,2.9924640330136754e-05,3.1767830848693848,7156.25,-0.8447018767405399,0.9999999999976334,,,,,,,,,,,
calibration,3536-8226-0019,dev-clean,3536,NEG_CODEC,,,,,,0.0,0.0,True,2.5034971237182617,1.4476960897445679,1.3901351690292358,1.3438862562179565,1.3721526861190796,8000.0,-0.4591944122330482,0.9952643567448364,,,,,,,,,,,
