set,utterance,subset,speaker_id,condition,model,n_words,hits,substitutions,deletions,insertions,word_errors,wer,n_chars,char_errors,cer,hypothesis_normalised
calibration,777-126732-0023,dev-clean,777,REF,wav2vec2,20,20,0,0,0,0,0.0,116,0,0.0,the famous terrorist had never in his life raised personally as much as his little finger against the social edifice
calibration,777-126732-0023,dev-clean,777,LP,wav2vec2,20,20,0,0,0,0,0.0,116,0,0.0,the famous terrorist had never in his life raised personally as much as his little finger against the social edifice
calibration,777-126732-0023,dev-clean,777,OPUS,wav2vec2,20,19,1,0,0,1,0.05,116,1,0.008620689655172414,the famous terrorist had never in his life raised personally as much as his little fingere against the social edifice
calibration,777-126732-0023,dev-clean,777,SILK,wav2vec2,20,20,0,0,0,0,0.0,116,0,0.0,the famous terrorist had never in his life raised personally as much as his little finger against the social edifice
calibration,777-126732-0023,dev-clean,777,NEG_LP,wav2vec2,20,20,0,0,0,0,0.0,116,0,0.0,the famous terrorist had never in his life raised personally as much as his little finger against the social edifice
calibration,777-126732-0023,dev-clean,777,NEG_CODEC,wav2vec2,20,20,0,0,0,0,0.0,116,0,0.0,the famous terrorist had never in his life raised personally as much as his little finger against the social edifice
calibration,777-126732-0023,dev-clean,777,REF,whisper,20,20,0,0,0,0,0.0,116,0,0.0,the famous terrorist had never in his life raised personally as much as his little finger against the social edifice
calibration,777-126732-0023,dev-clean,777,LP,whisper,20,20,0,0,0,0,0.0,116,0,0.0,the famous terrorist had never in his life raised personally as much as his little finger against the social edifice
calibration,777-126732-0023,dev-clean,777,OPUS,whisper,20,20,0,0,0,0,0.0,116,0,0.0,the famous terrorist had never in his life raised personally as much as his little finger against the social edifice
calibration,777-126732-0023,dev-clean,777,SILK,whisper,20,20,0,0,0,0,0.0,116,0,0.0,the famous terrorist had never in his life raised personally as much as his little finger against the social edifice
calibration,777-126732-0023,dev-clean,777,NEG_LP,whisper,20,20,0,0,0,0,0.0,116,0,0.0,the famous terrorist had never in his life raised personally as much as his little finger against the social edifice
calibration,777-126732-0023,dev-clean,777,NEG_CODEC,whisper,20,20,0,0,0,0,0.0,116,0,0.0,the famous terrorist had never in his life raised personally as much as his little finger against the social edifice
calibration,777-126732-0026,dev-clean,777,REF,wav2vec2,6,6,0,0,0,0,0.0,30,0,0.0,he had been a prisoner himself
calibration,777-126732-0026,dev-clean,777,LP,wav2vec2,6,6,0,0,0,0,0.0,30,0,0.0,he had been a prisoner himself
calibration,777-126732-0026,dev-clean,777,OPUS,wav2vec2,6,6,0,0,0,0,0.0,30,0,0.0,he had been a prisoner himself
calibration,777-126732-0026,dev-clean,777,SILK,wav2vec2,6,6,0,0,0,0,0.0,30,0,0.0,he had been a prisoner himself
calibration,777-126732-0026,dev-clean,777,NEG_LP,wav2vec2,6,6,0,0,0,0,0.0,30,0,0.0,he had been a prisoner himself
calibration,777-126732-0026,dev-clean,777,NEG_CODEC,wav2vec2,6,6,0,0,0,0,0.0,30,0,0.0,he had been a prisoner himself
calibration,777-126732-0026,dev-clean,777,REF,whisper,6,6,0,0,0,0,0.0,30,0,0.0,he had been a prisoner himself
calibration,777-126732-0026,dev-clean,777,LP,whisper,6,6,0,0,0,0,0.0,30,0,0.0,he had been a prisoner himself
calibration,777-126732-0026,dev-clean,777,OPUS,whisper,6,6,0,0,0,0,0.0,30,0,0.0,he had been a prisoner himself
calibration,777-126732-0026,dev-clean,777,SILK,whisper,6,6,0,0,0,0,0.0,30,0,0.0,he had been a prisoner himself
calibration,777-126732-0026,dev-clean,777,NEG_LP,whisper,6,6,0,0,0,0,0.0,30,0,0.0,he had been a prisoner himself
calibration,777-126732-0026,dev-clean,777,NEG_CODEC,whisper,6,6,0,0,0,0,0.0,30,0,0.0,he had been a prisoner himself
calibration,777-126732-0034,dev-clean,777,REF,wav2vec2,8,7,1,0,0,1,0.125,44,2,0.045454545454545456,i do not say that protested michallus gently
calibration,777-126732-0034,dev-clean,777,LP,wav2vec2,8,7,1,0,0,1,0.125,44,2,0.045454545454545456,i do not say that protested michallus gently
calibration,777-126732-0034,dev-clean,777,OPUS,wav2vec2,8,7,1,0,0,1,0.125,44,2,0.045454545454545456,i do not say that protested michallus gently
calibration,777-126732-0034,dev-clean,777,SILK,wav2vec2,8,7,1,0,0,1,0.125,44,2,0.045454545454545456,i do not say that protested michallus gently
calibration,777-126732-0034,dev-clean,777,NEG_LP,wav2vec2,8,7,1,0,0,1,0.125,44,2,0.045454545454545456,i do not say that protested michallus gently
calibration,777-126732-0034,dev-clean,777,NEG_CODEC,wav2vec2,8,7,1,0,0,1,0.125,44,2,0.045454545454545456,i do not say that protested michallus gently
calibration,777-126732-0034,dev-clean,777,REF,whisper,8,8,0,0,0,0,0.0,44,0,0.0,i do not say that protested michaelis gently
calibration,777-126732-0034,dev-clean,777,LP,whisper,8,8,0,0,0,0,0.0,44,0,0.0,i do not say that protested michaelis gently
calibration,777-126732-0034,dev-clean,777,OPUS,whisper,8,8,0,0,0,0,0.0,44,0,0.0,i do not say that protested michaelis gently
calibration,777-126732-0034,dev-clean,777,SILK,whisper,8,8,0,0,0,0,0.0,44,0,0.0,i do not say that protested michaelis gently
calibration,777-126732-0034,dev-clean,777,NEG_LP,whisper,8,8,0,0,0,0,0.0,44,0,0.0,i do not say that protested michaelis gently
calibration,777-126732-0034,dev-clean,777,NEG_CODEC,whisper,8,8,0,0,0,0,0.0,44,0,0.0,i do not say that protested michaelis gently
calibration,777-126732-0052,dev-clean,777,REF,wav2vec2,17,17,0,0,0,0,0.0,92,0,0.0,mister verloc perceived with some surprise that he did not know really what to say to stevie
calibration,777-126732-0052,dev-clean,777,LP,wav2vec2,17,16,1,0,0,1,0.058823529411764705,92,1,0.010869565217391304,mister verlock perceived with some surprise that he did not know really what to say to stevie
calibration,777-126732-0052,dev-clean,777,OPUS,wav2vec2,17,16,1,0,0,1,0.058823529411764705,92,1,0.010869565217391304,mister verlock perceived with some surprise that he did not know really what to say to stevie
calibration,777-126732-0052,dev-clean,777,SILK,wav2vec2,17,16,1,0,0,1,0.058823529411764705,92,1,0.010869565217391304,mister verlock perceived with some surprise that he did not know really what to say to stevie
calibration,777-126732-0052,dev-clean,777,NEG_LP,wav2vec2,17,17,0,0,0,0,0.0,92,0,0.0,mister verloc perceived with some surprise that he did not know really what to say to stevie
calibration,777-126732-0052,dev-clean,777,NEG_CODEC,wav2vec2,17,17,0,0,0,0,0.0,92,0,0.0,mister verloc perceived with some surprise that he did not know really what to say to stevie
calibration,777-126732-0052,dev-clean,777,REF,whisper,17,17,0,0,0,0,0.0,92,0,0.0,mister verloc perceived with some surprise that he did not know really what to say to stevie
calibration,777-126732-0052,dev-clean,777,LP,whisper,17,17,0,0,0,0,0.0,92,0,0.0,mister verloc perceived with some surprise that he did not know really what to say to stevie
calibration,777-126732-0052,dev-clean,777,OPUS,whisper,17,17,0,0,0,0,0.0,92,0,0.0,mister verloc perceived with some surprise that he did not know really what to say to stevie
calibration,777-126732-0052,dev-clean,777,SILK,whisper,17,17,0,0,0,0,0.0,92,0,0.0,mister verloc perceived with some surprise that he did not know really what to say to stevie
calibration,777-126732-0052,dev-clean,777,NEG_LP,whisper,17,17,0,0,0,0,0.0,92,0,0.0,mister verloc perceived with some surprise that he did not know really what to say to stevie
calibration,777-126732-0052,dev-clean,777,NEG_CODEC,whisper,17,17,0,0,0,0,0.0,92,0,0.0,mister verloc perceived with some surprise that he did not know really what to say to stevie
calibration,777-126732-0076,dev-clean,777,REF,wav2vec2,13,13,0,0,0,0,0.0,70,0,0.0,i wish he had never been to school missus verloc began again brusquely
calibration,777-126732-0076,dev-clean,777,LP,wav2vec2,13,13,0,0,0,0,0.0,70,0,0.0,i wish he had never been to school missus verloc began again brusquely
calibration,777-126732-0076,dev-clean,777,OPUS,wav2vec2,13,13,0,0,0,0,0.0,70,0,0.0,i wish he had never been to school missus verloc began again brusquely
calibration,777-126732-0076,dev-clean,777,SILK,wav2vec2,13,13,0,0,0,0,0.0,70,0,0.0,i wish he had never been to school missus verloc began again brusquely
calibration,777-126732-0076,dev-clean,777,NEG_LP,wav2vec2,13,13,0,0,0,0,0.0,70,0,0.0,i wish he had never been to school missus verloc began again brusquely
calibration,777-126732-0076,dev-clean,777,NEG_CODEC,wav2vec2,13,13,0,0,0,0,0.0,70,0,0.0,i wish he had never been to school missus verloc began again brusquely
calibration,777-126732-0076,dev-clean,777,REF,whisper,13,13,0,0,0,0,0.0,70,0,0.0,i wish he had never been to school missus verloc began again brusquely
calibration,777-126732-0076,dev-clean,777,LP,whisper,13,13,0,0,0,0,0.0,70,0,0.0,i wish he had never been to school missus verloc began again brusquely
calibration,777-126732-0076,dev-clean,777,OPUS,whisper,13,13,0,0,0,0,0.0,70,0,0.0,i wish he had never been to school missus verloc began again brusquely
calibration,777-126732-0076,dev-clean,777,SILK,whisper,13,13,0,0,0,0,0.0,70,0,0.0,i wish he had never been to school missus verloc began again brusquely
calibration,777-126732-0076,dev-clean,777,NEG_LP,whisper,13,13,0,0,0,0,0.0,70,0,0.0,i wish he had never been to school missus verloc began again brusquely
calibration,777-126732-0076,dev-clean,777,NEG_CODEC,whisper,13,13,0,0,0,0,0.0,70,0,0.0,i wish he had never been to school missus verloc began again brusquely
calibration,1993-147149-0006,dev-clean,1993,REF,wav2vec2,81,78,2,1,0,3,0.037037037037037035,409,4,0.009779951100244499,she opened the door softly there sat missus wilson in the old rocking chair with one sick deathlike boy lying on her knee crying without let or pause but softly gently as fearing to disturb the troubled gasping child while behind her old alice let her fast dropping tears fall down on the dead body of the other twin which she was laying out on a board placed on a sort of sofa settee in the corner of the room
calibration,1993-147149-0006,dev-clean,1993,LP,wav2vec2,81,79,2,0,0,2,0.024691358024691357,409,4,0.009779951100244499,she opened the door softly there sat missus wilson in the old rocking chair with one sick death like boy lying on her knee crying without let or pause but softly gently as fearing to disturb the troubled gasping child while behind her old alice let her fast dropping tears fall down on the dead body of the other twin which she was lying out on a board placed on a sort of sofa settee in the corner of the room
calibration,1993-147149-0006,dev-clean,1993,OPUS,wav2vec2,81,76,5,0,0,5,0.06172839506172839,409,11,0.02689486552567237,she opened the door softly there sat missus wilson in the old rocking chair with one sick death like boy lying on her knee crying without let or pause but softly gently as fearing to disturb the trouble gasping child while behind her old alice let her fast dropping tears fall down on the dead body of the other twin but she was lying out on a board placed on a sort of sofa setee in the corner of the room
calibration,1993-147149-0006,dev-clean,1993,SILK,wav2vec2,81,78,3,0,0,3,0.037037037037037035,409,5,0.012224938875305624,she opened the door softly there sat missus wilson in the old rocking chair with one sick death like boy lying on her knee crying without let or pause but softly gently as fearing to disturb the troubled gasping child while behind her old alice let her fast dropping tears fall down on the dead body of the other twin which she was lying out on a board placed on a sort of sofa setee in the corner of the room
calibration,1993-147149-0006,dev-clean,1993,NEG_LP,wav2vec2,81,78,2,1,0,3,0.037037037037037035,409,4,0.009779951100244499,she opened the door softly there sat missus wilson in the old rocking chair with one sick deathlike boy lying on her knee crying without let or pause but softly gently as fearing to disturb the troubled gasping child while behind her old alice let her fast dropping tears fall down on the dead body of the other twin which she was laying out on a board placed on a sort of sofa settee in the corner of the room
calibration,1993-147149-0006,dev-clean,1993,NEG_CODEC,wav2vec2,81,77,3,1,0,4,0.04938271604938271,409,5,0.012224938875305624,she opened the door softly there sat missus wilson in the old rocking chair with one sick deathlike boy lying on her knee crying without let or paus but softly gently as fearing to disturb the troubled gasping child while behind her old alice let her fast dropping tears fall down on the dead body of the other twin which she was laying out on a board placed on a sort of sofa settee in the corner of the room
calibration,1993-147149-0006,dev-clean,1993,REF,whisper,81,80,1,0,0,1,0.012345679012345678,409,3,0.007334963325183374,she opened the door softly there sat missus wilson in the old rocking chair with one sick death like boy lying on her knee crying without let or pause but softly gently as fearing to disturb the troubled gasping child while behind her old alice let her fast dropping tears fall down on the dead body of the other twin which she was laying out on a board placed on a sort of sofa settee in the corner of the room
calibration,1993-147149-0006,dev-clean,1993,LP,whisper,81,80,1,0,0,1,0.012345679012345678,409,3,0.007334963325183374,she opened the door softly there sat missus wilson in the old rocking chair with one sick death like boy lying on her knee crying without let or pause but softly gently as fearing to disturb the troubled gasping child while behind her old alice let her fast dropping tears fall down on the dead body of the other twin which she was laying out on a board placed on a sort of sofa settee in the corner of the room
calibration,1993-147149-0006,dev-clean,1993,OPUS,whisper,81,79,2,0,0,2,0.024691358024691357,409,6,0.014669926650366748,she opened the door softly there sat missus wilson in the old rocking chair with one sick death like boy lying on her knee crying without let or pause but softly gently as fearing to disturb the troubled gasping child while behind her old alice let her fast dropping tears fall down on the dead body of the other twin what she was laying out on a board placed on a sort of sofa settee in the corner of the room
calibration,1993-147149-0006,dev-clean,1993,SILK,whisper,81,80,1,0,0,1,0.012345679012345678,409,3,0.007334963325183374,she opened the door softly there sat missus wilson in the old rocking chair with one sick death like boy lying on her knee crying without let or pause but softly gently as fearing to disturb the troubled gasping child while behind her old alice let her fast dropping tears fall down on the dead body of the other twin which she was laying out on a board placed on a sort of sofa settee in the corner of the room
calibration,1993-147149-0006,dev-clean,1993,NEG_LP,whisper,81,80,1,0,0,1,0.012345679012345678,409,3,0.007334963325183374,she opened the door softly there sat missus wilson in the old rocking chair with one sick death like boy lying on her knee crying without let or pause but softly gently as fearing to disturb the troubled gasping child while behind her old alice let her fast dropping tears fall down on the dead body of the other twin which she was laying out on a board placed on a sort of sofa settee in the corner of the room
calibration,1993-147149-0006,dev-clean,1993,NEG_CODEC,whisper,81,80,1,0,0,1,0.012345679012345678,409,3,0.007334963325183374,she opened the door softly there sat missus wilson in the old rocking chair with one sick death like boy lying on her knee crying without let or pause but softly gently as fearing to disturb the troubled gasping child while behind her old alice let her fast dropping tears fall down on the dead body of the other twin which she was laying out on a board placed on a sort of sofa settee in the corner of the room
calibration,1993-147149-0014,dev-clean,1993,REF,wav2vec2,7,7,0,0,0,0,0.0,38,0,0.0,then alice broke the silence by saying
calibration,1993-147149-0014,dev-clean,1993,LP,wav2vec2,7,7,0,0,0,0,0.0,38,0,0.0,then alice broke the silence by saying
calibration,1993-147149-0014,dev-clean,1993,OPUS,wav2vec2,7,7,0,0,0,0,0.0,38,0,0.0,then alice broke the silence by saying
calibration,1993-147149-0014,dev-clean,1993,SILK,wav2vec2,7,7,0,0,0,0,0.0,38,0,0.0,then alice broke the silence by saying
calibration,1993-147149-0014,dev-clean,1993,NEG_LP,wav2vec2,7,7,0,0,0,0,0.0,38,0,0.0,then alice broke the silence by saying
calibration,1993-147149-0014,dev-clean,1993,NEG_CODEC,wav2vec2,7,7,0,0,0,0,0.0,38,0,0.0,then alice broke the silence by saying
calibration,1993-147149-0014,dev-clean,1993,REF,whisper,7,7,0,0,0,0,0.0,38,0,0.0,then alice broke the silence by saying
calibration,1993-147149-0014,dev-clean,1993,LP,whisper,7,7,0,0,0,0,0.0,38,0,0.0,then alice broke the silence by saying
calibration,1993-147149-0014,dev-clean,1993,OPUS,whisper,7,7,0,0,0,0,0.0,38,0,0.0,then alice broke the silence by saying
calibration,1993-147149-0014,dev-clean,1993,SILK,whisper,7,7,0,0,0,0,0.0,38,0,0.0,then alice broke the silence by saying
calibration,1993-147149-0014,dev-clean,1993,NEG_LP,whisper,7,7,0,0,0,0,0.0,38,0,0.0,then alice broke the silence by saying
calibration,1993-147149-0014,dev-clean,1993,NEG_CODEC,whisper,7,7,0,0,0,0,0.0,38,0,0.0,then alice broke the silence by saying
calibration,1993-147149-0020,dev-clean,1993,REF,wav2vec2,54,52,2,0,0,2,0.037037037037037035,258,2,0.007751937984496124,marry i almost loathe myself when i feel i would not give up this minute when my brothers lie dead and father and mother are in such trouble for all my life that is past and gone and marry as she tried to release her hand you know what makes me feel so blessed
calibration,1993-147149-0020,dev-clean,1993,LP,wav2vec2,54,51,2,1,0,3,0.05555555555555555,258,5,0.01937984496124031,mary i almost loathe myself when i feel i would not give up this minute when my brothers lie dead and father and mother are in such trouble for all my life ats past and gone and marry as she tried to release her hand you know what makes me feel so blessed
calibration,1993-147149-0020,dev-clean,1993,OPUS,wav2vec2,54,52,1,1,0,2,0.037037037037037035,258,4,0.015503875968992248,mary i almost loathe myself when i feel i would not give up this minute when my brothers lie dead and father and mother are in such trouble for all my life ats past and gone and mary as she tried to release her hand you know what makes me feel so blessed
calibration,1993-147149-0020,dev-clean,1993,SILK,wav2vec2,54,51,2,1,0,3,0.05555555555555555,258,4,0.015503875968992248,mary i almost loathe myself when i feel i would not give up this minute when my brothers lie dead and father and mother are in such trouble for all my life hats past and gone and marry as she tried to release her hand you know what makes me feel so blessed
calibration,1993-147149-0020,dev-clean,1993,NEG_LP,wav2vec2,54,52,2,0,0,2,0.037037037037037035,258,2,0.007751937984496124,mary i almost loathe myself when i feel i would not give up this minute when my brothers lie dead and father and mother are in such trouble for all my life that is past and gone and marry as she tried to release her hand you know what makes me feel so blesset
calibration,1993-147149-0020,dev-clean,1993,NEG_CODEC,wav2vec2,54,52,2,0,0,2,0.037037037037037035,258,2,0.007751937984496124,marry i almost loathe myself when i feel i would not give up this minute when my brothers lie dead and father and mother are in such trouble for all my life that is past and gone and marry as she tried to release her hand you know what makes me feel so blessed
calibration,1993-147149-0020,dev-clean,1993,REF,whisper,54,53,1,0,0,1,0.018518518518518517,258,3,0.011627906976744186,mary i almost loathe myself when i feel i would not give up this minute when my brothers lie dead and father and mother are in such trouble for all my life that is past and gone and mary as she tried to release her hand you know what makes me feel so blest
calibration,1993-147149-0020,dev-clean,1993,LP,whisper,54,53,1,0,0,1,0.018518518518518517,258,3,0.011627906976744186,mary i almost loathe myself when i feel i would not give up this minute when my brothers lie dead and father and mother are in such trouble for all my life that is past and gone and mary as she tried to release her hand you know what makes me feel so blest
calibration,1993-147149-0020,dev-clean,1993,OPUS,whisper,54,53,1,0,0,1,0.018518518518518517,258,3,0.011627906976744186,mary i almost loathe myself when i feel i would not give up this minute when my brothers lie dead and father and mother are in such trouble for all my life that is past and gone and mary as she tried to release her hand you know what makes me feel so blest
calibration,1993-147149-0020,dev-clean,1993,SILK,whisper,54,53,1,0,0,1,0.018518518518518517,258,3,0.011627906976744186,mary i almost loathe myself when i feel i would not give up this minute when my brothers lie dead and father and mother are in such trouble for all my life that is past and gone and mary as she tried to release her hand you know what makes me feel so blest
calibration,1993-147149-0020,dev-clean,1993,NEG_LP,whisper,54,53,1,0,0,1,0.018518518518518517,258,3,0.011627906976744186,mary i almost loathe myself when i feel i would not give up this minute when my brothers lie dead and father and mother are in such trouble for all my life that is past and gone and mary as she tried to release her hand you know what makes me feel so blest
calibration,1993-147149-0020,dev-clean,1993,NEG_CODEC,whisper,54,53,1,0,0,1,0.018518518518518517,258,3,0.011627906976744186,mary i almost loathe myself when i feel i would not give up this minute when my brothers lie dead and father and mother are in such trouble for all my life that is past and gone and mary as she tried to release her hand you know what makes me feel so blest
calibration,1993-147964-0004,dev-clean,1993,REF,wav2vec2,20,20,0,0,0,0,0.0,110,0,0.0,on the white pages i grouped sunday school cards and advertising cards which i had brought from my old country
calibration,1993-147964-0004,dev-clean,1993,LP,wav2vec2,20,20,0,0,0,0,0.0,110,0,0.0,on the white pages i grouped sunday school cards and advertising cards which i had brought from my old country
calibration,1993-147964-0004,dev-clean,1993,OPUS,wav2vec2,20,20,0,0,0,0,0.0,110,0,0.0,on the white pages i grouped sunday school cards and advertising cards which i had brought from my old country
calibration,1993-147964-0004,dev-clean,1993,SILK,wav2vec2,20,20,0,0,0,0,0.0,110,0,0.0,on the white pages i grouped sunday school cards and advertising cards which i had brought from my old country
calibration,1993-147964-0004,dev-clean,1993,NEG_LP,wav2vec2,20,20,0,0,0,0,0.0,110,0,0.0,on the white pages i grouped sunday school cards and advertising cards which i had brought from my old country
calibration,1993-147964-0004,dev-clean,1993,NEG_CODEC,wav2vec2,20,20,0,0,0,0,0.0,110,0,0.0,on the white pages i grouped sunday school cards and advertising cards which i had brought from my old country
calibration,1993-147964-0004,dev-clean,1993,REF,whisper,20,20,0,0,0,0,0.0,110,0,0.0,on the white pages i grouped sunday school cards and advertising cards which i had brought from my old country
calibration,1993-147964-0004,dev-clean,1993,LP,whisper,20,20,0,0,0,0,0.0,110,0,0.0,on the white pages i grouped sunday school cards and advertising cards which i had brought from my old country
calibration,1993-147964-0004,dev-clean,1993,OPUS,whisper,20,20,0,0,0,0,0.0,110,0,0.0,on the white pages i grouped sunday school cards and advertising cards which i had brought from my old country
calibration,1993-147964-0004,dev-clean,1993,SILK,whisper,20,20,0,0,0,0,0.0,110,0,0.0,on the white pages i grouped sunday school cards and advertising cards which i had brought from my old country
calibration,1993-147964-0004,dev-clean,1993,NEG_LP,whisper,20,20,0,0,0,0,0.0,110,0,0.0,on the white pages i grouped sunday school cards and advertising cards which i had brought from my old country
calibration,1993-147964-0004,dev-clean,1993,NEG_CODEC,whisper,20,20,0,0,0,0,0.0,110,0,0.0,on the white pages i grouped sunday school cards and advertising cards which i had brought from my old country
calibration,1993-147965-0003,dev-clean,1993,REF,wav2vec2,19,19,0,0,0,0,0.0,100,0,0.0,because he talked so little his words had a peculiar force they were not worn dull from constant use
calibration,1993-147965-0003,dev-clean,1993,LP,wav2vec2,19,19,0,0,0,0,0.0,100,0,0.0,because he talked so little his words had a peculiar force they were not worn dull from constant use
calibration,1993-147965-0003,dev-clean,1993,OPUS,wav2vec2,19,19,0,0,0,0,0.0,100,0,0.0,because he talked so little his words had a peculiar force they were not worn dull from constant use
calibration,1993-147965-0003,dev-clean,1993,SILK,wav2vec2,19,19,0,0,0,0,0.0,100,0,0.0,because he talked so little his words had a peculiar force they were not worn dull from constant use
calibration,1993-147965-0003,dev-clean,1993,NEG_LP,wav2vec2,19,19,0,0,0,0,0.0,100,0,0.0,because he talked so little his words had a peculiar force they were not worn dull from constant use
calibration,1993-147965-0003,dev-clean,1993,NEG_CODEC,wav2vec2,19,19,0,0,0,0,0.0,100,0,0.0,because he talked so little his words had a peculiar force they were not worn dull from constant use
calibration,1993-147965-0003,dev-clean,1993,REF,whisper,19,19,0,0,0,0,0.0,100,0,0.0,because he talked so little his words had a peculiar force they were not worn dull from constant use
calibration,1993-147965-0003,dev-clean,1993,LP,whisper,19,19,0,0,0,0,0.0,100,0,0.0,because he talked so little his words had a peculiar force they were not worn dull from constant use
calibration,1993-147965-0003,dev-clean,1993,OPUS,whisper,19,19,0,0,0,0,0.0,100,0,0.0,because he talked so little his words had a peculiar force they were not worn dull from constant use
calibration,1993-147965-0003,dev-clean,1993,SILK,whisper,19,19,0,0,0,0,0.0,100,0,0.0,because he talked so little his words had a peculiar force they were not worn dull from constant use
calibration,1993-147965-0003,dev-clean,1993,NEG_LP,whisper,19,19,0,0,0,0,0.0,100,0,0.0,because he talked so little his words had a peculiar force they were not worn dull from constant use
calibration,1993-147965-0003,dev-clean,1993,NEG_CODEC,whisper,19,19,0,0,0,0,0.0,100,0,0.0,because he talked so little his words had a peculiar force they were not worn dull from constant use
calibration,3170-137482-0012,dev-clean,3170,REF,wav2vec2,9,9,0,0,0,0,0.0,39,0,0.0,we took our 3 prisoners to a large boat
calibration,3170-137482-0012,dev-clean,3170,LP,wav2vec2,9,9,0,0,0,0,0.0,39,0,0.0,we took our 3 prisoners to a large boat
calibration,3170-137482-0012,dev-clean,3170,OPUS,wav2vec2,9,9,0,0,0,0,0.0,39,0,0.0,we took our 3 prisoners to a large boat
calibration,3170-137482-0012,dev-clean,3170,SILK,wav2vec2,9,9,0,0,0,0,0.0,39,0,0.0,we took our 3 prisoners to a large boat
calibration,3170-137482-0012,dev-clean,3170,NEG_LP,wav2vec2,9,9,0,0,0,0,0.0,39,0,0.0,we took our 3 prisoners to a large boat
calibration,3170-137482-0012,dev-clean,3170,NEG_CODEC,wav2vec2,9,9,0,0,0,0,0.0,39,0,0.0,we took our 3 prisoners to a large boat
calibration,3170-137482-0012,dev-clean,3170,REF,whisper,9,9,0,0,0,0,0.0,39,0,0.0,we took our 3 prisoners to a large boat
calibration,3170-137482-0012,dev-clean,3170,LP,whisper,9,9,0,0,0,0,0.0,39,0,0.0,we took our 3 prisoners to a large boat
calibration,3170-137482-0012,dev-clean,3170,OPUS,whisper,9,9,0,0,0,0,0.0,39,0,0.0,we took our 3 prisoners to a large boat
calibration,3170-137482-0012,dev-clean,3170,SILK,whisper,9,9,0,0,0,0,0.0,39,0,0.0,we took our 3 prisoners to a large boat
calibration,3170-137482-0012,dev-clean,3170,NEG_LP,whisper,9,9,0,0,0,0,0.0,39,0,0.0,we took our 3 prisoners to a large boat
calibration,3170-137482-0012,dev-clean,3170,NEG_CODEC,whisper,9,9,0,0,0,0,0.0,39,0,0.0,we took our 3 prisoners to a large boat
calibration,3170-137482-0019,dev-clean,3170,REF,wav2vec2,22,22,0,0,0,0,0.0,90,0,0.0,i picked it up and coming up to him just as he was going down the steps i handed it to him
calibration,3170-137482-0019,dev-clean,3170,LP,wav2vec2,22,22,0,0,0,0,0.0,90,0,0.0,i picked it up and coming up to him just as he was going down the steps i handed it to him
calibration,3170-137482-0019,dev-clean,3170,OPUS,wav2vec2,22,22,0,0,0,0,0.0,90,0,0.0,i picked it up and coming up to him just as he was going down the steps i handed it to him
calibration,3170-137482-0019,dev-clean,3170,SILK,wav2vec2,22,22,0,0,0,0,0.0,90,0,0.0,i picked it up and coming up to him just as he was going down the steps i handed it to him
calibration,3170-137482-0019,dev-clean,3170,NEG_LP,wav2vec2,22,22,0,0,0,0,0.0,90,0,0.0,i picked it up and coming up to him just as he was going down the steps i handed it to him
calibration,3170-137482-0019,dev-clean,3170,NEG_CODEC,wav2vec2,22,22,0,0,0,0,0.0,90,0,0.0,i picked it up and coming up to him just as he was going down the steps i handed it to him
calibration,3170-137482-0019,dev-clean,3170,REF,whisper,22,22,0,0,0,0,0.0,90,0,0.0,i picked it up and coming up to him just as he was going down the steps i handed it to him
calibration,3170-137482-0019,dev-clean,3170,LP,whisper,22,22,0,0,0,0,0.0,90,0,0.0,i picked it up and coming up to him just as he was going down the steps i handed it to him
calibration,3170-137482-0019,dev-clean,3170,OPUS,whisper,22,22,0,0,0,0,0.0,90,0,0.0,i picked it up and coming up to him just as he was going down the steps i handed it to him
calibration,3170-137482-0019,dev-clean,3170,SILK,whisper,22,22,0,0,0,0,0.0,90,0,0.0,i picked it up and coming up to him just as he was going down the steps i handed it to him
calibration,3170-137482-0019,dev-clean,3170,NEG_LP,whisper,22,22,0,0,0,0,0.0,90,0,0.0,i picked it up and coming up to him just as he was going down the steps i handed it to him
calibration,3170-137482-0019,dev-clean,3170,NEG_CODEC,whisper,22,22,0,0,0,0,0.0,90,0,0.0,i picked it up and coming up to him just as he was going down the steps i handed it to him
calibration,3170-137482-0025,dev-clean,3170,REF,wav2vec2,24,24,0,0,0,0,0.0,110,0,0.0,they did not know who i was and did not like to ask me whilst i thought it better to preserve a modest silence
calibration,3170-137482-0025,dev-clean,3170,LP,wav2vec2,24,24,0,0,0,0,0.0,110,0,0.0,they did not know who i was and did not like to ask me whilst i thought it better to preserve a modest silence
calibration,3170-137482-0025,dev-clean,3170,OPUS,wav2vec2,24,24,0,0,0,0,0.0,110,0,0.0,they did not know who i was and did not like to ask me whilst i thought it better to preserve a modest silence
calibration,3170-137482-0025,dev-clean,3170,SILK,wav2vec2,24,24,0,0,0,0,0.0,110,0,0.0,they did not know who i was and did not like to ask me whilst i thought it better to preserve a modest silence
calibration,3170-137482-0025,dev-clean,3170,NEG_LP,wav2vec2,24,24,0,0,0,0,0.0,110,0,0.0,they did not know who i was and did not like to ask me whilst i thought it better to preserve a modest silence
calibration,3170-137482-0025,dev-clean,3170,NEG_CODEC,wav2vec2,24,24,0,0,0,0,0.0,110,0,0.0,they did not know who i was and did not like to ask me whilst i thought it better to preserve a modest silence
calibration,3170-137482-0025,dev-clean,3170,REF,whisper,24,24,0,0,0,0,0.0,110,0,0.0,they did not know who i was and did not like to ask me whilst i thought it better to preserve a modest silence
calibration,3170-137482-0025,dev-clean,3170,LP,whisper,24,24,0,0,0,0,0.0,110,0,0.0,they did not know who i was and did not like to ask me whilst i thought it better to preserve a modest silence
calibration,3170-137482-0025,dev-clean,3170,OPUS,whisper,24,24,0,0,0,0,0.0,110,0,0.0,they did not know who i was and did not like to ask me whilst i thought it better to preserve a modest silence
calibration,3170-137482-0025,dev-clean,3170,SILK,whisper,24,24,0,0,0,0,0.0,110,0,0.0,they did not know who i was and did not like to ask me whilst i thought it better to preserve a modest silence
calibration,3170-137482-0025,dev-clean,3170,NEG_LP,whisper,24,24,0,0,0,0,0.0,110,0,0.0,they did not know who i was and did not like to ask me whilst i thought it better to preserve a modest silence
calibration,3170-137482-0025,dev-clean,3170,NEG_CODEC,whisper,24,24,0,0,0,0,0.0,110,0,0.0,they did not know who i was and did not like to ask me whilst i thought it better to preserve a modest silence
calibration,3170-137482-0033,dev-clean,3170,REF,wav2vec2,5,5,0,0,0,0,0.0,28,0,0.0,the 3 friends were astounded
calibration,3170-137482-0033,dev-clean,3170,LP,wav2vec2,5,5,0,0,0,0,0.0,28,0,0.0,the 3 friends were astounded
calibration,3170-137482-0033,dev-clean,3170,OPUS,wav2vec2,5,5,0,0,0,0,0.0,28,0,0.0,the 3 friends were astounded
calibration,3170-137482-0033,dev-clean,3170,SILK,wav2vec2,5,5,0,0,0,0,0.0,28,0,0.0,the 3 friends were astounded
calibration,3170-137482-0033,dev-clean,3170,NEG_LP,wav2vec2,5,5,0,0,0,0,0.0,28,0,0.0,the 3 friends were astounded
calibration,3170-137482-0033,dev-clean,3170,NEG_CODEC,wav2vec2,5,5,0,0,0,0,0.0,28,0,0.0,the 3 friends were astounded
calibration,3170-137482-0033,dev-clean,3170,REF,whisper,5,5,0,0,0,0,0.0,28,0,0.0,the 3 friends were astounded
calibration,3170-137482-0033,dev-clean,3170,LP,whisper,5,5,0,0,0,0,0.0,28,0,0.0,the 3 friends were astounded
calibration,3170-137482-0033,dev-clean,3170,OPUS,whisper,5,5,0,0,0,0,0.0,28,0,0.0,the 3 friends were astounded
calibration,3170-137482-0033,dev-clean,3170,SILK,whisper,5,5,0,0,0,0,0.0,28,0,0.0,the 3 friends were astounded
calibration,3170-137482-0033,dev-clean,3170,NEG_LP,whisper,5,5,0,0,0,0,0.0,28,0,0.0,the 3 friends were astounded
calibration,3170-137482-0033,dev-clean,3170,NEG_CODEC,whisper,5,5,0,0,0,0,0.0,28,0,0.0,the 3 friends were astounded
calibration,3170-137482-0040,dev-clean,3170,REF,wav2vec2,36,36,0,0,0,0,0.0,204,0,0.0,but although believing fully in my oracles they were too kind hearted to think them the work of the devil and it suited their natural goodness better to believe my answers inspired by some heavenly spirit
calibration,3170-137482-0040,dev-clean,3170,LP,wav2vec2,36,36,0,0,0,0,0.0,204,0,0.0,but although believing fully in my oracles they were too kind hearted to think them the work of the devil and it suited their natural goodness better to believe my answers inspired by some heavenly spirit
calibration,3170-137482-0040,dev-clean,3170,OPUS,wav2vec2,36,36,0,0,0,0,0.0,204,0,0.0,but although believing fully in my oracles they were too kind hearted to think them the work of the devil and it suited their natural goodness better to believe my answers inspired by some heavenly spirit
calibration,3170-137482-0040,dev-clean,3170,SILK,wav2vec2,36,36,0,0,0,0,0.0,204,0,0.0,but although believing fully in my oracles they were too kind hearted to think them the work of the devil and it suited their natural goodness better to believe my answers inspired by some heavenly spirit
calibration,3170-137482-0040,dev-clean,3170,NEG_LP,wav2vec2,36,36,0,0,0,0,0.0,204,0,0.0,but although believing fully in my oracles they were too kind hearted to think them the work of the devil and it suited their natural goodness better to believe my answers inspired by some heavenly spirit
calibration,3170-137482-0040,dev-clean,3170,NEG_CODEC,wav2vec2,36,36,0,0,0,0,0.0,204,0,0.0,but although believing fully in my oracles they were too kind hearted to think them the work of the devil and it suited their natural goodness better to believe my answers inspired by some heavenly spirit
calibration,3170-137482-0040,dev-clean,3170,REF,whisper,36,36,0,0,0,0,0.0,204,0,0.0,but although believing fully in my oracles they were too kind hearted to think them the work of the devil and it suited their natural goodness better to believe my answers inspired by some heavenly spirit
calibration,3170-137482-0040,dev-clean,3170,LP,whisper,36,36,0,0,0,0,0.0,204,0,0.0,but although believing fully in my oracles they were too kind hearted to think them the work of the devil and it suited their natural goodness better to believe my answers inspired by some heavenly spirit
calibration,3170-137482-0040,dev-clean,3170,OPUS,whisper,36,36,0,0,0,0,0.0,204,0,0.0,but although believing fully in my oracles they were too kind hearted to think them the work of the devil and it suited their natural goodness better to believe my answers inspired by some heavenly spirit
calibration,3170-137482-0040,dev-clean,3170,SILK,whisper,36,36,0,0,0,0,0.0,204,0,0.0,but although believing fully in my oracles they were too kind hearted to think them the work of the devil and it suited their natural goodness better to believe my answers inspired by some heavenly spirit
calibration,3170-137482-0040,dev-clean,3170,NEG_LP,whisper,36,36,0,0,0,0,0.0,204,0,0.0,but although believing fully in my oracles they were too kind hearted to think them the work of the devil and it suited their natural goodness better to believe my answers inspired by some heavenly spirit
calibration,3170-137482-0040,dev-clean,3170,NEG_CODEC,whisper,36,36,0,0,0,0,0.0,204,0,0.0,but although believing fully in my oracles they were too kind hearted to think them the work of the devil and it suited their natural goodness better to believe my answers inspired by some heavenly spirit
calibration,3536-23268-0001,dev-clean,3536,REF,wav2vec2,44,44,0,0,0,0,0.0,260,0,0.0,every time he beheld the object of his passion for he still continued his visits though not so frequently as heretofore he pleaded his cause with such ardor that miss woodley who was sometimes present and ever compassionate could not resist wishing him success
calibration,3536-23268-0001,dev-clean,3536,LP,wav2vec2,44,44,0,0,0,0,0.0,260,0,0.0,every time he beheld the object of his passion for he still continued his visits though not so frequently as heretofore he pleaded his cause with such ardor that miss woodley who was sometimes present and ever compassionate could not resist wishing him success
calibration,3536-23268-0001,dev-clean,3536,OPUS,wav2vec2,44,43,1,0,0,1,0.022727272727272728,260,1,0.0038461538461538464,every time he beheld the object of his passion for he still continued his visit though not so frequently as heretofore he pleaded his cause with such ardor that miss woodley who was sometimes present and ever compassionate could not resist wishing him success
calibration,3536-23268-0001,dev-clean,3536,SILK,wav2vec2,44,44,0,0,0,0,0.0,260,0,0.0,every time he beheld the object of his passion for he still continued his visits though not so frequently as heretofore he pleaded his cause with such ardor that miss woodley who was sometimes present and ever compassionate could not resist wishing him success
calibration,3536-23268-0001,dev-clean,3536,NEG_LP,wav2vec2,44,44,0,0,0,0,0.0,260,0,0.0,every time he beheld the object of his passion for he still continued his visits though not so frequently as heretofore he pleaded his cause with such ardor that miss woodley who was sometimes present and ever compassionate could not resist wishing him success
calibration,3536-23268-0001,dev-clean,3536,NEG_CODEC,wav2vec2,44,44,0,0,0,0,0.0,260,0,0.0,every time he beheld the object of his passion for he still continued his visits though not so frequently as heretofore he pleaded his cause with such ardor that miss woodley who was sometimes present and ever compassionate could not resist wishing him success
calibration,3536-23268-0001,dev-clean,3536,REF,whisper,44,44,0,0,0,0,0.0,260,0,0.0,every time he beheld the object of his passion for he still continued his visits though not so frequently as heretofore he pleaded his cause with such ardor that miss woodley who was sometimes present and ever compassionate could not resist wishing him success
calibration,3536-23268-0001,dev-clean,3536,LP,whisper,44,44,0,0,0,0,0.0,260,0,0.0,every time he beheld the object of his passion for he still continued his visits though not so frequently as heretofore he pleaded his cause with such ardor that miss woodley who was sometimes present and ever compassionate could not resist wishing him success
calibration,3536-23268-0001,dev-clean,3536,OPUS,whisper,44,44,0,0,0,0,0.0,260,0,0.0,every time he beheld the object of his passion for he still continued his visits though not so frequently as heretofore he pleaded his cause with such ardor that miss woodley who was sometimes present and ever compassionate could not resist wishing him success
calibration,3536-23268-0001,dev-clean,3536,SILK,whisper,44,44,0,0,0,0,0.0,260,0,0.0,every time he beheld the object of his passion for he still continued his visits though not so frequently as heretofore he pleaded his cause with such ardor that miss woodley who was sometimes present and ever compassionate could not resist wishing him success
calibration,3536-23268-0001,dev-clean,3536,NEG_LP,whisper,44,44,0,0,0,0,0.0,260,0,0.0,every time he beheld the object of his passion for he still continued his visits though not so frequently as heretofore he pleaded his cause with such ardor that miss woodley who was sometimes present and ever compassionate could not resist wishing him success
calibration,3536-23268-0001,dev-clean,3536,NEG_CODEC,whisper,44,44,0,0,0,0,0.0,260,0,0.0,every time he beheld the object of his passion for he still continued his visits though not so frequently as heretofore he pleaded his cause with such ardor that miss woodley who was sometimes present and ever compassionate could not resist wishing him success
calibration,3536-23268-0019,dev-clean,3536,REF,wav2vec2,29,28,1,0,0,1,0.034482758620689655,170,2,0.011764705882352941,missus horton too in this self approving reflection that she was not in a quarrel or altercation of any kind felt herself at this moment remarkably peaceful and charitable
calibration,3536-23268-0019,dev-clean,3536,LP,wav2vec2,29,29,0,0,0,0,0.0,170,0,0.0,missus horton too in the self approving reflection that she was not in a quarrel or altercation of any kind felt herself at this moment remarkably peaceful and charitable
calibration,3536-23268-0019,dev-clean,3536,OPUS,wav2vec2,29,29,0,0,0,0,0.0,170,0,0.0,missus horton too in the self approving reflection that she was not in a quarrel or altercation of any kind felt herself at this moment remarkably peaceful and charitable
calibration,3536-23268-0019,dev-clean,3536,SILK,wav2vec2,29,29,0,0,0,0,0.0,170,0,0.0,missus horton too in the self approving reflection that she was not in a quarrel or altercation of any kind felt herself at this moment remarkably peaceful and charitable
calibration,3536-23268-0019,dev-clean,3536,NEG_LP,wav2vec2,29,28,1,0,0,1,0.034482758620689655,170,2,0.011764705882352941,missus horton too in this self approving reflection that she was not in a quarrel or altercation of any kind felt herself at this moment remarkably peaceful and charitable
calibration,3536-23268-0019,dev-clean,3536,NEG_CODEC,wav2vec2,29,28,1,0,0,1,0.034482758620689655,170,2,0.011764705882352941,missus horton too in this self approving reflection that she was not in a quarrel or altercation of any kind felt herself at this moment remarkably peaceful and charitable
calibration,3536-23268-0019,dev-clean,3536,REF,whisper,29,29,0,0,0,0,0.0,170,0,0.0,missus horton too in the self approving reflection that she was not in a quarrel or altercation of any kind felt herself at this moment remarkably peaceful and charitable
calibration,3536-23268-0019,dev-clean,3536,LP,whisper,29,29,0,0,0,0,0.0,170,0,0.0,missus horton too in the self approving reflection that she was not in a quarrel or altercation of any kind felt herself at this moment remarkably peaceful and charitable
calibration,3536-23268-0019,dev-clean,3536,OPUS,whisper,29,29,0,0,0,0,0.0,170,0,0.0,missus horton too in the self approving reflection that she was not in a quarrel or altercation of any kind felt herself at this moment remarkably peaceful and charitable
calibration,3536-23268-0019,dev-clean,3536,SILK,whisper,29,29,0,0,0,0,0.0,170,0,0.0,missus horton too in the self approving reflection that she was not in a quarrel or altercation of any kind felt herself at this moment remarkably peaceful and charitable
calibration,3536-23268-0019,dev-clean,3536,NEG_LP,whisper,29,29,0,0,0,0,0.0,170,0,0.0,missus horton too in the self approving reflection that she was not in a quarrel or altercation of any kind felt herself at this moment remarkably peaceful and charitable
calibration,3536-23268-0019,dev-clean,3536,NEG_CODEC,whisper,29,29,0,0,0,0,0.0,170,0,0.0,missus horton too in the self approving reflection that she was not in a quarrel or altercation of any kind felt herself at this moment remarkably peaceful and charitable
calibration,3536-8226-0004,dev-clean,3536,REF,wav2vec2,51,49,2,0,0,2,0.0392156862745098,270,4,0.014814814814814815,missus bosil was disposed to think that ladies of quality among whom madam t was entitled in her estimation to take rank were seldom better than they ought to be and she was quite willing that her husband should earn his bread by watching the lady or the lady is lover
calibration,3536-8226-0004,dev-clean,3536,LP,wav2vec2,51,49,2,0,0,2,0.0392156862745098,270,4,0.014814814814814815,missus bose was disposed to think that ladies of quality among whom madam t was entitled in her estimation to take rank were seldom better than they ought to be and she was quite willing that her husband should earn his bread by watching the lady or the lady is lover
calibration,3536-8226-0004,dev-clean,3536,OPUS,wav2vec2,51,49,2,0,0,2,0.0392156862745098,270,3,0.011111111111111112,missus bosle was disposed to think that ladies of quality among whom madam t was entitled in her estimation to take rank were seldom better than they ought to be and she was quite willing that her husband should earn his bread by watching the lady or the lady is lover
calibration,3536-8226-0004,dev-clean,3536,SILK,wav2vec2,51,49,2,0,0,2,0.0392156862745098,270,3,0.011111111111111112,missus bosle was disposed to think that ladies of quality among whom madam t was entitled in her estimation to take rank were seldom better than they ought to be and she was quite willing that her husband should earn his bread by watching the lady or the lady is lover
calibration,3536-8226-0004,dev-clean,3536,NEG_LP,wav2vec2,51,49,2,0,0,2,0.0392156862745098,270,4,0.014814814814814815,missus bosel was disposed to think that ladies of quality among whom madam t was entitled in her estimation to take rank were seldom better than they ought to be and she was quite willing that her husband should earn his bread by watching the lady or the lady is lover
calibration,3536-8226-0004,dev-clean,3536,NEG_CODEC,wav2vec2,51,49,2,0,0,2,0.0392156862745098,270,4,0.014814814814814815,missus bosil was disposed to think that ladies of quality among whom madam t was entitled in her estimation to take rank were seldom better than they ought to be and she was quite willing that her husband should earn his bread by watching the lady or the lady is lover
calibration,3536-8226-0004,dev-clean,3536,REF,whisper,51,50,1,0,0,1,0.0196078431372549,270,4,0.014814814814814815,missus boswell was disposed to think that ladies of quality among whom madame t was entitled in her estimation to take rank were seldom better than they ought to be and she was quite willing that her husband should earn his bread by watching the lady or the lady is lover
calibration,3536-8226-0004,dev-clean,3536,LP,whisper,51,49,2,0,0,2,0.0392156862745098,270,3,0.011111111111111112,missus bosle was disposed to think that ladies of quality among whom madam t was entitled in her estimation to take rank were seldom better than they ought to be and she was quite willing that her husband should earn his bread by watching the lady or the lady is lover
calibration,3536-8226-0004,dev-clean,3536,OPUS,whisper,51,49,2,0,0,2,0.0392156862745098,270,5,0.018518518518518517,missus boswell was disposed to think that ladies of quality among whom madam t was entitled in her estimation to take rank were seldom better than they ought to be and she was quite willing that her husband should earn his bread by watching the lady or the lady is lover
calibration,3536-8226-0004,dev-clean,3536,SILK,whisper,51,49,2,0,0,2,0.0392156862745098,270,3,0.011111111111111112,missus bosle was disposed to think that ladies of quality among whom madam t was entitled in her estimation to take rank were seldom better than they ought to be and she was quite willing that her husband should earn his bread by watching the lady or the lady is lover
calibration,3536-8226-0004,dev-clean,3536,NEG_LP,whisper,51,49,2,0,0,2,0.0392156862745098,270,3,0.011111111111111112,missus bosle was disposed to think that ladies of quality among whom madam t was entitled in her estimation to take rank were seldom better than they ought to be and she was quite willing that her husband should earn his bread by watching the lady or the lady is lover
calibration,3536-8226-0004,dev-clean,3536,NEG_CODEC,whisper,51,49,2,0,0,2,0.0392156862745098,270,5,0.018518518518518517,missus boswell was disposed to think that ladies of quality among whom madam t was entitled in her estimation to take rank were seldom better than they ought to be and she was quite willing that her husband should earn his bread by watching the lady or the lady is lover
calibration,3536-8226-0007,dev-clean,3536,REF,wav2vec2,7,6,1,0,0,1,0.14285714285714285,36,3,0.08333333333333333,of course it aint said missus bosel
calibration,3536-8226-0007,dev-clean,3536,LP,wav2vec2,7,6,1,0,0,1,0.14285714285714285,36,2,0.05555555555555555,of course it aint said missus bosle
calibration,3536-8226-0007,dev-clean,3536,OPUS,wav2vec2,7,6,1,0,0,1,0.14285714285714285,36,3,0.08333333333333333,of course it aint said missus basle
calibration,3536-8226-0007,dev-clean,3536,SILK,wav2vec2,7,6,1,0,0,1,0.14285714285714285,36,2,0.05555555555555555,of course it aint said missus bosle
calibration,3536-8226-0007,dev-clean,3536,NEG_LP,wav2vec2,7,6,1,0,0,1,0.14285714285714285,36,3,0.08333333333333333,of course it aint said missus bosel
calibration,3536-8226-0007,dev-clean,3536,NEG_CODEC,wav2vec2,7,6,1,0,0,1,0.14285714285714285,36,3,0.08333333333333333,of course it aint said missus bosel
calibration,3536-8226-0007,dev-clean,3536,REF,whisper,7,6,1,0,0,1,0.14285714285714285,36,4,0.1111111111111111,of course it aint said missus boswell
calibration,3536-8226-0007,dev-clean,3536,LP,whisper,7,6,1,0,0,1,0.14285714285714285,36,4,0.1111111111111111,of course it aint said missus boswell
calibration,3536-8226-0007,dev-clean,3536,OPUS,whisper,7,6,1,0,0,1,0.14285714285714285,36,4,0.1111111111111111,of course it aint said missus bossel
calibration,3536-8226-0007,dev-clean,3536,SILK,whisper,7,6,1,0,0,1,0.14285714285714285,36,4,0.1111111111111111,of course it aint said missus boswell
calibration,3536-8226-0007,dev-clean,3536,NEG_LP,whisper,7,6,1,0,0,1,0.14285714285714285,36,4,0.1111111111111111,of course it aint said missus boswell
calibration,3536-8226-0007,dev-clean,3536,NEG_CODEC,whisper,7,6,1,0,0,1,0.14285714285714285,36,4,0.1111111111111111,of course it aint said missus boswell
calibration,3536-8226-0019,dev-clean,3536,REF,wav2vec2,18,17,1,0,0,1,0.05555555555555555,91,3,0.03296703296703297,bosil had always waited upon him with a decent coat and a well brushed hat and clean shoes
calibration,3536-8226-0019,dev-clean,3536,LP,wav2vec2,18,16,2,0,0,2,0.1111111111111111,91,5,0.054945054945054944,basil had always waited upon him with a decent coat and a well brushed hat and clean shoese
calibration,3536-8226-0019,dev-clean,3536,OPUS,wav2vec2,18,17,1,0,0,1,0.05555555555555555,91,3,0.03296703296703297,bosel had always waited upon him with a decent coat and a well brushed hat and clean shoes
calibration,3536-8226-0019,dev-clean,3536,SILK,wav2vec2,18,17,1,0,0,1,0.05555555555555555,91,4,0.04395604395604396,basil had always waited upon him with a decent coat and a well brushed hat and clean shoes
calibration,3536-8226-0019,dev-clean,3536,NEG_LP,wav2vec2,18,17,1,0,0,1,0.05555555555555555,91,3,0.03296703296703297,bosil had always waited upon him with a decent coat and a well brushed hat and clean shoes
calibration,3536-8226-0019,dev-clean,3536,NEG_CODEC,wav2vec2,18,17,1,0,0,1,0.05555555555555555,91,3,0.03296703296703297,bosil had always waited upon him with a decent coat and a well brushed hat and clean shoes
calibration,3536-8226-0019,dev-clean,3536,REF,whisper,18,17,1,0,0,1,0.05555555555555555,91,4,0.04395604395604396,basel had always waited upon him with a decent coat and a well brushed hat and clean shoes
calibration,3536-8226-0019,dev-clean,3536,LP,whisper,18,17,1,0,0,1,0.05555555555555555,91,4,0.04395604395604396,basil had always waited upon him with a decent coat and a well brushed hat and clean shoes
calibration,3536-8226-0019,dev-clean,3536,OPUS,whisper,18,17,1,0,0,1,0.05555555555555555,91,4,0.04395604395604396,basel had always waited upon him with a decent coat and a well brushed hat and clean shoes
calibration,3536-8226-0019,dev-clean,3536,SILK,whisper,18,17,1,0,0,1,0.05555555555555555,91,4,0.04395604395604396,basil had always waited upon him with a decent coat and a well brushed hat and clean shoes
calibration,3536-8226-0019,dev-clean,3536,NEG_LP,whisper,18,17,1,0,0,1,0.05555555555555555,91,3,0.03296703296703297,bosil had always waited upon him with a decent coat and a well brushed hat and clean shoes
calibration,3536-8226-0019,dev-clean,3536,NEG_CODEC,whisper,18,17,1,0,0,1,0.05555555555555555,91,4,0.04395604395604396,basel had always waited upon him with a decent coat and a well brushed hat and clean shoes
