dataset,dataset_index,speaker_id,chapter_id,utterance_id,cell,alignment_lag_samples,alignment_lag_ms,reference_num_samples,processed_num_samples,length_equal,aligned_num_samples,spectral_distortion,lsd_db,lsd_0_3k_db,lsd_0_4k_db,lsd_4_8k_db,retained_bandwidth_hz,hf_power_change_db,deterministic,output_dtype,share_silk_nb
train-clean-100,0,40,222,52,lp,0,0.0,243760,243760,True,243760,128.0667266845703,10.391048431396484,0.032292336225509644,1.6230874061584473,14.564903259277344,4093.75,-36.616435950643115,True,torch.float32,
train-clean-100,0,40,222,52,opus_8k_nb,2,0.125,243760,243760,True,243758,135.25523376464844,10.9656400680542,6.664116382598877,7.042511940002441,13.574203491210938,4750.0,-19.800310282004318,,,1.0
train-clean-100,0,40,222,52,opus_12k_nb,2,0.125,243760,243760,True,243758,130.6310577392578,10.717694282531738,5.393496990203857,6.125156879425049,13.67427921295166,4750.0,-21.3402015020868,,,1.0
train-clean-100,0,40,222,52,silk_nb_linear_ref,2,0.125,243760,243760,True,243758,111.54193878173828,9.715418815612793,1.410540223121643,2.322572708129883,13.487699508666992,4781.25,-19.86157250540199,,,1.0
train-clean-100,1,60,121082,48,lp,0,0.0,270800,270800,True,270800,113.36499786376953,8.5321044921875,0.035423751920461655,1.574102759361267,11.904111862182617,4093.75,-20.777183430012293,True,torch.float32,
train-clean-100,1,60,121082,48,opus_8k_nb,2,0.125,270800,270800,True,270798,117.40631103515625,9.627103805541992,6.764458179473877,7.172629356384277,10.934176445007324,4750.0,-12.102797412421975,,,1.0
train-clean-100,1,60,121082,48,opus_12k_nb,2,0.125,270800,270800,True,270798,111.29729461669922,9.159520149230957,5.335565090179443,6.055463790893555,10.995000839233398,4750.0,-14.046434450671665,,,1.0
train-clean-100,1,60,121082,48,silk_nb_linear_ref,2,0.125,270800,270800,True,270798,92.71697998046875,7.934555530548096,1.5077228546142578,2.3279263973236084,10.863604545593262,4781.25,-11.786695499475222,,,1.0
train-clean-100,2,103,1240,34,lp,0,0.0,246480,246480,True,246480,208.3211212158203,12.395760536193848,0.0357225276529789,1.6413458585739136,17.395565032958984,4093.75,-27.616266389001375,True,torch.float32,
train-clean-100,2,103,1240,34,opus_8k_nb,2,0.125,246480,246480,True,246478,208.8107147216797,12.887565612792969,6.720857620239258,7.050153732299805,16.39158821105957,4468.75,-20.662360208306456,,,1.0
train-clean-100,2,103,1240,34,opus_12k_nb,2,0.125,246480,246480,True,246478,206.01150512695312,12.707036018371582,5.574637413024902,6.24456262588501,16.5143985748291,4343.75,-22.572371765100122,,,1.0
train-clean-100,2,103,1240,34,silk_nb_linear_ref,2,0.125,246480,246480,True,246478,185.32440185546875,11.74246883392334,1.5620715618133545,2.454667806625366,16.329608917236328,4468.75,-19.671022237417578,,,1.0
train-clean-100,3,118,47824,5,lp,0,0.0,252320,252320,True,252320,52.88509750366211,4.740468502044678,0.019958827644586563,1.0436553955078125,6.536314964294434,4093.75,-22.78251461530885,True,torch.float32,
train-clean-100,3,118,47824,5,opus_8k_nb,2,0.125,252320,252320,True,252318,59.09893035888672,5.925190448760986,4.521726131439209,4.772446155548096,6.111616611480713,4437.5,-17.3849009164295,,,1.0
train-clean-100,3,118,47824,5,opus_12k_nb,2,0.125,252320,252320,True,252318,56.44057846069336,5.558227062225342,3.52187180519104,4.004018306732178,6.161531448364258,4375.0,-19.427828062428183,,,1.0
train-clean-100,3,118,47824,5,silk_nb_linear_ref,2,0.125,252320,252320,True,252318,46.1839485168457,4.565418720245361,0.880374550819397,1.4749988317489624,6.0824809074401855,4531.25,-16.610560933163892,,,1.0
train-clean-100,4,200,124139,34,lp,0,0.0,236720,236720,True,236720,72.03912353515625,7.077230453491211,0.0389002189040184,1.6226451396942139,9.808969497680664,4093.75,-19.168965903129738,True,torch.float32,
train-clean-100,4,200,124139,34,opus_8k_nb,1,0.0625,236720,236720,True,236719,81.85819244384766,8.137298583984375,6.092970848083496,6.49595832824707,9.008859634399414,4625.0,-10.722610669117532,,,1.0
train-clean-100,4,200,124139,34,opus_12k_nb,2,0.125,236720,236720,True,236718,76.49063110351562,7.7282609939575195,4.863496780395508,5.519713878631592,9.054579734802246,4625.0,-12.074810455236545,,,1.0
train-clean-100,4,200,124139,34,silk_nb_linear_ref,2,0.125,236720,236720,True,236718,61.365211486816406,6.540646076202393,1.2571393251419067,2.157534599304199,8.875545501708984,4656.25,-9.891002261807408,,,1.0
train-clean-100,5,248,130697,0,lp,0,0.0,138960,138960,True,138960,359.3441467285156,17.530391693115234,0.03243781253695488,1.722490668296814,24.674423217773438,4093.75,-23.304766844898808,True,torch.float32,
train-clean-100,5,248,130697,0,opus_8k_nb,2,0.125,138960,138960,True,138958,348.67669677734375,17.53852653503418,6.846571445465088,7.4030961990356445,23.41347312927246,4593.75,-14.210099197798474,,,1.0
train-clean-100,5,248,130697,0,opus_12k_nb,2,0.125,138960,138960,True,138958,346.5621643066406,17.440431594848633,5.660799503326416,6.572406768798828,23.557796478271484,4531.25,-15.848304599879155,,,1.0
train-clean-100,5,248,130697,0,silk_nb_linear_ref,2,0.125,138960,138960,True,138958,322.740478515625,16.648149490356445,1.5394392013549805,2.5522732734680176,23.33196449279785,4562.5,-13.389506017260796,,,1.0
train-clean-100,6,332,128985,83,lp,0,0.0,243840,243840,True,243840,239.53836059570312,13.170835494995117,0.035648271441459656,1.6315687894821167,18.435039520263672,4093.75,-19.9538199223575,True,torch.float32,
train-clean-100,6,332,128985,83,opus_8k_nb,2,0.125,243840,243840,True,243838,215.9142303466797,13.22995376586914,6.4858078956604,6.981752872467041,16.52507781982422,4687.5,-11.33504984709299,,,1.0
train-clean-100,6,332,128985,83,opus_12k_nb,2,0.125,243840,243840,True,243838,211.97373962402344,12.984527587890625,5.219714164733887,6.026603698730469,16.635210037231445,4656.25,-12.784189308640046,,,1.0
train-clean-100,6,332,128985,83,silk_nb_linear_ref,2,0.125,243840,243840,True,243838,191.80136108398438,11.877009391784668,1.3315393924713135,2.2995805740356445,16.42733383178711,4750.0,-10.376956944226546,,,1.0
train-clean-100,7,730,360,37,lp,0,0.0,99040,99040,True,99040,144.05734252929688,9.292505264282227,0.031813330948352814,1.5067354440689087,12.971118927001953,4093.75,-24.131914671234224,True,torch.float32,
train-clean-100,7,730,360,37,opus_8k_nb,2,0.125,99040,99040,True,99038,141.61668395996094,10.139357566833496,6.437189102172852,6.706816673278809,11.836280822753906,4531.25,-13.568829193333844,,,1.0
train-clean-100,7,730,360,37,opus_12k_nb,2,0.125,99040,99040,True,99038,138.12583923339844,9.803671836853027,5.225437164306641,5.825511455535889,11.94724178314209,4500.0,-15.913265870528718,,,1.0
train-clean-100,7,730,360,37,silk_nb_linear_ref,2,0.125,99040,99040,True,99038,119.79967498779297,8.562479972839355,1.4381316900253296,2.2384846210479736,11.731719017028809,4531.25,-13.506589598847887,,,1.0
train-clean-100,8,1034,121119,44,lp,0,0.0,247040,247040,True,247040,38.664302825927734,4.265755653381348,0.02690213732421398,1.2183555364608765,5.825915336608887,4093.75,-25.77176833135325,True,torch.float32,
train-clean-100,8,1034,121119,44,opus_8k_nb,2,0.125,247040,247040,True,247038,51.344913482666016,6.242897033691406,6.12915563583374,6.099245071411133,5.44019889831543,4875.0,-15.103818409893163,,,1.0
train-clean-100,8,1034,121119,44,opus_12k_nb,2,0.125,247040,247040,True,247038,46.65631866455078,5.748358249664307,4.951610088348389,5.159073829650879,5.49161434173584,4875.0,-16.693640654703625,,,1.0
train-clean-100,8,1034,121119,44,silk_nb_linear_ref,2,0.125,247040,247040,True,247038,34.98596954345703,4.433013916015625,2.093519926071167,2.385488271713257,5.423548698425293,4906.25,-14.62557581292909,,,1.0
train-clean-100,9,1246,124550,28,lp,0,0.0,244560,244560,True,244560,64.52416229248047,6.14666748046875,0.025041306391358376,1.0962384939193726,8.570589065551758,4093.75,-24.452053658642843,True,torch.float32,
train-clean-100,9,1246,124550,28,opus_8k_nb,2,0.125,244560,244560,True,244558,78.31200408935547,7.649891376495361,5.91189432144165,5.920196533203125,8.336164474487305,4406.25,-19.86472966529551,,,1.0
train-clean-100,9,1246,124550,28,opus_12k_nb,2,0.125,244560,244560,True,244558,73.8328628540039,7.24447774887085,4.744507789611816,4.955870628356934,8.385930061340332,4375.0,-21.236620314074408,,,1.0
train-clean-100,9,1246,124550,28,silk_nb_linear_ref,2,0.125,244560,244560,True,244558,61.80131912231445,6.179005146026611,1.5147336721420288,1.9284937381744385,8.314111709594727,4406.25,-18.851126073437435,,,1.0
train-clean-100,10,1867,154075,17,lp,0,0.0,215600,215600,True,215600,339.8750305175781,16.50479507446289,0.03652391582727432,1.6895520687103271,23.20911979675293,4093.75,-25.407349231371054,True,torch.float32,
train-clean-100,10,1867,154075,17,opus_8k_nb,2,0.125,215600,215600,True,215598,324.8858947753906,16.566892623901367,6.374802112579346,6.945973873138428,21.920095443725586,4718.75,-18.08420005793368,,,1.0
train-clean-100,10,1867,154075,17,opus_12k_nb,2,0.125,215600,215600,True,215598,321.0674133300781,16.40052032470703,5.149560451507568,6.064943790435791,21.99530601501465,4593.75,-19.109994629681584,,,1.0
train-clean-100,10,1867,154075,17,silk_nb_linear_ref,2,0.125,215600,215600,True,215598,300.393798828125,15.584724426269531,1.2997444868087769,2.3162245750427246,21.810514450073242,4781.25,-16.660288681160104,,,1.0
train-clean-100,11,1926,143879,15,lp,0,0.0,251840,251840,True,251840,270.0599060058594,14.428816795349121,0.035200417041778564,1.663957118988037,20.273818969726562,4093.75,-25.462067409661863,True,torch.float32,
train-clean-100,11,1926,143879,15,opus_8k_nb,2,0.125,251840,251840,True,251838,263.36895751953125,14.729912757873535,6.8573479652404785,7.335302352905273,19.03960418701172,4718.75,-17.029897641203867,,,1.0
train-clean-100,11,1926,143879,15,opus_12k_nb,2,0.125,251840,251840,True,251838,260.1850891113281,14.547282218933105,5.689821720123291,6.491418361663818,19.15476417541504,4656.25,-19.36721684004889,,,1.0
train-clean-100,11,1926,143879,15,silk_nb_linear_ref,2,0.125,251840,251840,True,251838,237.78326416015625,13.597721099853516,1.4945605993270874,2.4931886196136475,18.97377586364746,4718.75,-16.397612657678266,,,1.0
train-clean-100,12,2007,149877,41,lp,0,0.0,230000,230000,True,230000,106.63854217529297,7.814842224121094,0.028516734018921852,1.3739795684814453,10.888781547546387,4093.75,-21.38125735989801,True,torch.float32,
train-clean-100,12,2007,149877,41,opus_8k_nb,2,0.125,230000,230000,True,229998,109.52204132080078,8.493070602416992,5.453134536743164,5.820271015167236,9.855380058288574,4656.25,-15.56843593525408,,,1.0
train-clean-100,12,2007,149877,41,opus_12k_nb,2,0.125,230000,230000,True,229998,105.815673828125,8.173273086547852,4.337061405181885,4.970389366149902,9.930024147033691,4656.25,-15.812966558823451,,,1.0
train-clean-100,12,2007,149877,41,silk_nb_linear_ref,2,0.125,230000,230000,True,229998,91.4696044921875,7.166260242462158,1.2096455097198486,1.9490541219711304,9.764201164245605,4781.25,-13.443758834525543,,,1.0
train-clean-100,13,2196,170151,14,lp,0,0.0,208080,208080,True,208080,174.28953552246094,10.619243621826172,0.031806059181690216,1.5128833055496216,14.851983070373535,4093.75,-27.366393991215396,True,torch.float32,
train-clean-100,13,2196,170151,14,opus_8k_nb,2,0.125,208080,208080,True,208078,177.59547424316406,11.572244644165039,6.363392353057861,6.726605415344238,14.03003215789795,4562.5,-17.86648254341398,,,1.0
train-clean-100,13,2196,170151,14,opus_12k_nb,2,0.125,208080,208080,True,208078,172.1357421875,11.219374656677246,5.149413108825684,5.72269868850708,14.059776306152344,4531.25,-18.073048746827432,,,1.0
train-clean-100,13,2196,170151,14,silk_nb_linear_ref,2,0.125,208080,208080,True,208078,154.8763885498047,10.08433723449707,1.3953280448913574,2.129643678665161,13.908105850219727,4562.5,-16.865852679542932,,,1.0
train-clean-100,14,2384,152900,53,lp,0,0.0,239440,239440,True,239440,176.9896697998047,10.946825981140137,0.03377740457653999,1.4851131439208984,15.336287498474121,4093.75,-25.212475002946913,True,torch.float32,
train-clean-100,14,2384,152900,53,opus_8k_nb,2,0.125,239440,239440,True,239438,179.1632843017578,11.718974113464355,5.845564365386963,6.306036472320557,14.690570831298828,4531.25,-16.979715435034496,,,1.0
train-clean-100,14,2384,152900,53,opus_12k_nb,2,0.125,239440,239440,True,239438,175.60012817382812,11.452816009521484,4.617229461669922,5.350925922393799,14.76684856414795,4531.25,-18.559224971757494,,,1.0
train-clean-100,14,2384,152900,53,silk_nb_linear_ref,2,0.125,239440,239440,True,239438,160.8074951171875,10.619994163513184,1.206761121749878,2.042440414428711,14.718235969543457,4562.5,-16.12575172950371,,,1.0
train-clean-100,15,2416,152137,3,lp,0,0.0,211680,211680,True,211680,190.36990356445312,11.40395736694336,0.03539714217185974,1.53879976272583,15.976959228515625,4093.75,-24.75494321338088,True,torch.float32,
train-clean-100,15,2416,152137,3,opus_8k_nb,2,0.125,211680,211680,True,211678,192.0237579345703,12.237398147583008,7.317259311676025,7.3691864013671875,14.865565299987793,4625.0,-17.297687479875915,,,1.0
train-clean-100,15,2416,152137,3,opus_12k_nb,2,0.125,211680,211680,True,211678,187.95199584960938,11.984161376953125,6.312845230102539,6.553876876831055,14.940486907958984,4531.25,-18.100214872273323,,,1.0
train-clean-100,15,2416,152137,3,silk_nb_linear_ref,2,0.125,211680,211680,True,211678,170.70233154296875,11.136727333068848,3.985805034637451,3.9375715255737305,14.782432556152344,4687.5,-15.810962620258323,,,1.0
train-clean-100,16,2518,154825,51,lp,0,0.0,261440,261440,True,261440,172.1338653564453,10.516836166381836,0.025745954364538193,1.3740700483322144,14.70948600769043,4093.75,-24.23843093273364,True,torch.float32,
train-clean-100,16,2518,154825,51,opus_8k_nb,2,0.125,261440,261440,True,261438,175.87437438964844,11.478405952453613,6.041581153869629,6.35373067855835,14.056682586669922,4500.0,-20.522912080772432,,,1.0
train-clean-100,16,2518,154825,51,opus_12k_nb,2,0.125,261440,261440,True,261438,172.15005493164062,11.176260948181152,4.849057197570801,5.451379299163818,14.116686820983887,4500.0,-21.83371022190235,,,1.0
train-clean-100,16,2518,154825,51,silk_nb_linear_ref,2,0.125,261440,261440,True,261438,155.7624053955078,10.191542625427246,1.3950814008712769,2.108096122741699,13.986841201782227,4656.25,-19.423487455848115,,,1.0
train-clean-100,17,2691,156745,11,lp,0,0.0,230960,230960,True,230960,79.23028564453125,7.364353656768799,0.028061237186193466,1.2202699184417725,10.281381607055664,4093.75,-23.802042774188852,True,torch.float32,
train-clean-100,17,2691,156745,11,opus_8k_nb,2,0.125,230960,230960,True,230958,93.86974334716797,8.75728702545166,6.332239627838135,6.325371265411377,10.01542854309082,4687.5,-16.726970260532234,,,1.0
train-clean-100,17,2691,156745,11,opus_12k_nb,2,0.125,230960,230960,True,230958,89.2860336303711,8.393458366394043,5.094338893890381,5.382846832275391,10.065061569213867,4625.0,-17.48510793983906,,,1.0
train-clean-100,17,2691,156745,11,silk_nb_linear_ref,2,0.125,230960,230960,True,230958,75.03324127197266,7.28986120223999,1.2694488763809204,1.9120690822601318,9.992823600769043,4718.75,-16.021772351437154,,,1.0
train-clean-100,18,2843,152918,110,lp,0,0.0,206640,206640,True,206640,165.14071655273438,10.010808944702148,0.027996880933642387,1.4155735969543457,14.025310516357422,4093.75,-24.79400502534988,True,torch.float32,
train-clean-100,18,2843,152918,110,opus_8k_nb,2,0.125,206640,206640,True,206638,162.71743774414062,10.586418151855469,5.887483596801758,6.3292555809021,12.864212036132812,4687.5,-13.105684788575473,,,1.0
train-clean-100,18,2843,152918,110,opus_12k_nb,2,0.125,206640,206640,True,206638,158.5354461669922,10.276748657226562,4.714523792266846,5.395022392272949,12.926013946533203,4687.5,-13.575712952498867,,,1.0
train-clean-100,18,2843,152918,110,silk_nb_linear_ref,2,0.125,206640,206640,True,206638,142.25238037109375,9.360116958618164,1.237749457359314,2.0629401206970215,12.83263111114502,4718.75,-11.563259508909965,,,1.0
train-clean-100,19,3607,135982,27,lp,0,0.0,239840,239840,True,239840,115.48153686523438,8.038785934448242,0.02606278471648693,1.3491663932800293,11.204070091247559,4093.75,-26.086002855305654,True,torch.float32,
train-clean-100,19,3607,135982,27,opus_8k_nb,2,0.125,239840,239840,True,239838,117.8209457397461,8.926619529724121,5.941077709197998,6.17233419418335,10.097945213317871,4562.5,-18.662282684464124,,,1.0
train-clean-100,19,3607,135982,27,opus_12k_nb,2,0.125,239840,239840,True,239838,114.25677490234375,8.602506637573242,4.770700454711914,5.282221794128418,10.211193084716797,4531.25,-20.439576135489776,,,1.0
train-clean-100,19,3607,135982,27,silk_nb_linear_ref,2,0.125,239840,239840,True,239838,98.85697937011719,7.5139689445495605,1.8777530193328857,2.3409135341644287,9.976289749145508,4625.0,-18.042247200592858,,,1.0
train-clean-100,20,3664,178366,15,lp,0,0.0,218240,218240,True,218240,111.5156021118164,7.922346591949463,0.03044002689421177,1.2066006660461426,11.064044952392578,4093.75,-22.74915255465666,True,torch.float32,
train-clean-100,20,3664,178366,15,opus_8k_nb,2,0.125,218240,218240,True,218238,118.29653930664062,9.018036842346191,5.576388835906982,5.8761396408081055,10.531150817871094,4625.0,-16.92504867291862,,,1.0
train-clean-100,20,3664,178366,15,opus_12k_nb,2,0.125,218240,218240,True,218238,113.6435546875,8.629976272583008,4.338019371032715,4.871165752410889,10.576417922973633,4625.0,-18.341218404299042,,,1.0
train-clean-100,20,3664,178366,15,silk_nb_linear_ref,2,0.125,218240,218240,True,218238,100.80574035644531,7.675613880157471,1.010693073272705,1.7307499647140503,10.524527549743652,4687.5,-15.74425205579301,,,1.0
train-clean-100,21,4137,11702,46,lp,0,0.0,249760,249760,True,249760,144.61473083496094,8.775782585144043,0.028397710993885994,1.2766706943511963,12.257230758666992,4093.75,-23.793451834883225,True,torch.float32,
train-clean-100,21,4137,11702,46,opus_8k_nb,2,0.125,249760,249760,True,249758,143.7577667236328,9.74708366394043,6.06473445892334,6.211623191833496,11.243974685668945,4562.5,-16.5167284515896,,,1.0
train-clean-100,21,4137,11702,46,opus_12k_nb,2,0.125,249760,249760,True,249758,140.26190185546875,9.390318870544434,4.866738796234131,5.281310558319092,11.337831497192383,4531.25,-17.726648923875594,,,1.0
train-clean-100,21,4137,11702,46,silk_nb_linear_ref,2,0.125,249760,249760,True,249758,124.72068786621094,8.208078384399414,1.3488883972167969,1.993201732635498,11.186790466308594,4656.25,-15.163353651871098,,,1.0
train-clean-100,22,4340,15220,58,lp,0,0.0,92080,92080,True,92080,126.6064224243164,9.94851016998291,0.03439078852534294,1.6386200189590454,13.921709060668945,4093.75,-22.778548515514622,True,torch.float32,
train-clean-100,22,4340,15220,58,opus_8k_nb,2,0.125,92080,92080,True,92078,124.3221435546875,10.260906219482422,6.433182716369629,6.855720520019531,12.385598182678223,4968.75,-15.009676836149232,,,1.0
train-clean-100,22,4340,15220,58,opus_12k_nb,2,0.125,92080,92080,True,92078,120.63630676269531,10.025348663330078,5.288971424102783,6.004576683044434,12.51091194152832,4968.75,-15.33806016579752,,,1.0
train-clean-100,22,4340,15220,58,silk_nb_linear_ref,2,0.125,92080,92080,True,92078,101.6578598022461,8.901485443115234,1.4212697744369507,2.37130069732666,12.274693489074707,4968.75,-14.113376198388764,,,1.0
train-clean-100,23,4362,15663,13,lp,0,0.0,260960,260960,True,260960,101.6819839477539,7.814044952392578,0.026120657101273537,1.223196268081665,10.933541297912598,4093.75,-25.07516463604275,True,torch.float32,
train-clean-100,23,4362,15663,13,opus_8k_nb,2,0.125,260960,260960,True,260958,110.5897445678711,8.717034339904785,5.3117146492004395,5.590316295623779,10.42007827758789,4781.25,-16.086283662335756,,,1.0
train-clean-100,23,4362,15663,13,opus_12k_nb,2,0.125,260960,260960,True,260958,106.4354476928711,8.409370422363281,4.197754859924316,4.687610149383545,10.491147994995117,4781.25,-16.465226348480616,,,1.0
train-clean-100,23,4362,15663,13,silk_nb_linear_ref,2,0.125,260960,260960,True,260958,93.9039077758789,7.572450637817383,1.1152591705322266,1.7444356679916382,10.43359375,4812.5,-15.072713965960427,,,1.0
train-clean-100,24,4680,16041,6,lp,0,0.0,234480,234480,True,234480,105.34685516357422,7.621356010437012,0.02609321102499962,1.26753568649292,10.618324279785156,4093.75,-23.44732259235076,True,torch.float32,
train-clean-100,24,4680,16041,6,opus_8k_nb,2,0.125,234480,234480,True,234478,110.46785736083984,8.732038497924805,5.60171365737915,5.894573211669922,9.958065032958984,4562.5,-15.227354028465829,,,1.0
train-clean-100,24,4680,16041,6,opus_12k_nb,2,0.125,234480,234480,True,234478,106.3727035522461,8.357845306396484,4.4381103515625,4.9652910232543945,10.014883995056152,4562.5,-17.042840009254416,,,1.0
train-clean-100,24,4680,16041,6,silk_nb_linear_ref,2,0.125,234480,234480,True,234478,92.5406723022461,7.273155689239502,1.080197811126709,1.7933857440948486,9.909002304077148,4562.5,-14.092858067315746,,,1.0
train-clean-100,25,4859,22176,4,lp,0,0.0,252400,252400,True,252400,305.841796875,16.118663787841797,0.03885422274470329,1.6883411407470703,22.676054000854492,4093.75,-29.323548871213852,True,torch.float32,
train-clean-100,25,4859,22176,4,opus_8k_nb,2,0.125,252400,252400,True,252398,263.6559753417969,15.201711654663086,6.291724681854248,6.925554275512695,20.064550399780273,4531.25,-17.086913654982364,,,1.0
train-clean-100,25,4859,22176,4,opus_12k_nb,2,0.125,252400,252400,True,252398,258.9622802734375,15.0079927444458,4.97865629196167,5.91389274597168,20.132747650146484,4531.25,-18.008693542035754,,,1.0
train-clean-100,25,4859,22176,4,silk_nb_linear_ref,2,0.125,252400,252400,True,252398,237.12379455566406,14.18370532989502,1.3545259237289429,2.2952256202697754,19.849878311157227,4562.5,-16.494738358900914,,,1.0
train-clean-100,26,5049,25947,123,lp,0,0.0,166080,166080,True,166080,100.81055450439453,7.804511547088623,0.034131549298763275,1.3456361293792725,10.864335060119629,4093.75,-22.562499795952384,True,torch.float32,
train-clean-100,26,5049,25947,123,opus_8k_nb,2,0.125,166080,166080,True,166078,93.83512115478516,8.236766815185547,5.785146236419678,6.189545631408691,9.118664741516113,4750.0,-11.012839195644569,,,1.0
train-clean-100,26,5049,25947,123,opus_12k_nb,2,0.125,166080,166080,True,166078,89.01636505126953,7.827483654022217,4.519449234008789,5.1842193603515625,9.182849884033203,4781.25,-12.220797745389243,,,1.0
train-clean-100,26,5049,25947,123,silk_nb_linear_ref,2,0.125,166080,166080,True,166078,74.02140045166016,6.7158966064453125,1.2886900901794434,2.0001678466796875,9.05631160736084,4843.75,-10.349248443094519,,,1.0
train-clean-100,27,5104,33407,12,lp,0,0.0,233200,233200,True,233200,119.4089126586914,7.51800012588501,0.023823561146855354,1.0232809782028198,10.536639213562012,4093.75,-23.58442672079213,True,torch.float32,
train-clean-100,27,5104,33407,12,opus_8k_nb,2,0.125,233200,233200,True,233198,118.34232330322266,8.540996551513672,5.3782477378845215,5.551491737365723,9.788326263427734,4625.0,-15.662213957510744,,,1.0
train-clean-100,27,5104,33407,12,opus_12k_nb,2,0.125,233200,233200,True,233198,115.13982391357422,8.183174133300781,4.25000524520874,4.633437633514404,9.865278244018555,4625.0,-18.024554909050746,,,1.0
train-clean-100,27,5104,33407,12,silk_nb_linear_ref,2,0.125,233200,233200,True,233198,102.31562042236328,7.256463527679443,1.1671217679977417,1.7037800550460815,9.787668228149414,4687.5,-15.228283561091304,,,1.0
train-clean-100,28,5163,18515,2,lp,0,0.0,35120,35120,True,35120,186.7487030029297,10.974223136901855,0.03162200003862381,1.6166291236877441,15.350470542907715,4093.75,-26.995194740740725,True,torch.float32,
train-clean-100,28,5163,18515,2,opus_8k_nb,2,0.125,35120,35120,True,35118,189.3133544921875,11.812170028686523,6.7640557289123535,7.09232234954834,14.331894874572754,4843.75,-17.915231857284574,,,1.0
train-clean-100,28,5163,18515,2,opus_12k_nb,2,0.125,35120,35120,True,35118,185.17315673828125,11.514649391174316,5.588460445404053,6.22270393371582,14.391002655029297,4718.75,-20.76840012218979,,,1.0
train-clean-100,28,5163,18515,2,silk_nb_linear_ref,2,0.125,35120,35120,True,35118,165.6253662109375,10.327048301696777,1.5034549236297607,2.4686248302459717,14.214674949645996,4812.5,-19.102526619475192,,,1.0
train-clean-100,29,5463,39174,28,lp,0,0.0,163600,163600,True,163600,119.4949722290039,8.071599960327148,0.02617349848151207,1.256090760231018,11.287131309509277,4093.75,-25.975769382033626,True,torch.float32,
train-clean-100,29,5463,39174,28,opus_8k_nb,2,0.125,163600,163600,True,163598,129.2936248779297,9.411932945251465,6.025346279144287,6.197365760803223,10.837475776672363,4343.75,-21.457521543589436,,,1.0
train-clean-100,29,5463,39174,28,opus_12k_nb,2,0.125,163600,163600,True,163598,124.43705749511719,8.989350318908691,4.7398271560668945,5.152858257293701,10.872514724731445,4218.75,-22.65073587034214,,,1.0
train-clean-100,29,5463,39174,28,silk_nb_linear_ref,2,0.125,163600,163600,True,163598,109.38074493408203,7.862174034118652,1.275911569595337,1.940034031867981,10.685526847839355,4218.75,-20.54282599099046,,,1.0
train-clean-100,30,5703,47198,46,lp,0,0.0,253680,253680,True,253680,71.18143463134766,6.127718448638916,0.029183704406023026,1.1659016609191895,8.511455535888672,4093.75,-22.527953802983895,True,torch.float32,
train-clean-100,30,5703,47198,46,opus_8k_nb,2,0.125,253680,253680,True,253678,81.9912338256836,7.7658257484436035,6.126433372497559,6.245294094085693,8.125309944152832,4937.5,-11.193414912176864,,,1.0
train-clean-100,30,5703,47198,46,opus_12k_nb,2,0.125,253680,253680,True,253678,76.758544921875,7.284748077392578,4.84646463394165,5.215968132019043,8.148158073425293,4843.75,-13.340045872578138,,,1.0
train-clean-100,30,5703,47198,46,silk_nb_linear_ref,2,0.125,253680,253680,True,253678,62.91829299926758,6.04449462890625,1.3126288652420044,1.8913747072219849,8.07943058013916,4968.75,-10.964137650114434,,,1.0
train-clean-100,31,6272,70171,41,lp,0,0.0,226240,226240,True,226240,32.84319305419922,3.749143123626709,0.025190284475684166,1.0746181011199951,5.06960391998291,4093.75,-23.256894475250633,True,torch.float32,
train-clean-100,31,6272,70171,41,opus_8k_nb,2,0.125,226240,226240,True,226238,44.02566146850586,5.657010555267334,5.609768867492676,5.636880397796631,4.639100551605225,4843.75,-13.42136421035514,,,1.0
train-clean-100,31,6272,70171,41,opus_12k_nb,2,0.125,226240,226240,True,226238,39.519615173339844,5.129823684692383,4.4203782081604,4.688248634338379,4.674882888793945,4843.75,-15.41110266606509,,,1.0
train-clean-100,31,6272,70171,41,silk_nb_linear_ref,2,0.125,226240,226240,True,226238,27.890287399291992,3.6079049110412598,1.0408341884613037,1.6038551330566406,4.566691875457764,4875.0,-13.308181756267139,,,1.0
train-clean-100,32,6437,66173,37,lp,0,0.0,249200,249200,True,249200,91.86310577392578,7.049851894378662,0.019884934648871422,1.0004175901412964,9.877580642700195,4093.75,-29.315794601885678,True,torch.float32,
train-clean-100,32,6437,66173,37,opus_8k_nb,2,0.125,249200,249200,True,249198,101.24603271484375,8.154391288757324,5.103602886199951,5.233143329620361,9.634872436523438,4531.25,-18.437310576032793,,,1.0
train-clean-100,32,6437,66173,37,opus_12k_nb,2,0.125,249200,249200,True,249198,97.73848724365234,7.831626892089844,4.051571846008301,4.402955055236816,9.6680326461792,4500.0,-20.272686594650374,,,1.0
train-clean-100,32,6437,66173,37,silk_nb_linear_ref,2,0.125,249200,249200,True,249198,86.46514129638672,7.035431385040283,1.0839834213256836,1.5969361066818237,9.608901977539062,4500.0,-18.500216020443283,,,1.0
train-clean-100,33,6818,68772,27,lp,0,0.0,216720,216720,True,216720,82.71197509765625,5.946669101715088,0.02250365912914276,1.029524564743042,8.268813133239746,4093.75,-20.738542926974304,True,torch.float32,
train-clean-100,33,6818,68772,27,opus_8k_nb,2,0.125,216720,216720,True,216718,84.64752960205078,6.816600799560547,4.538557052612305,4.765072345733643,7.571752548217773,4625.0,-12.583025837495859,,,1.0
train-clean-100,33,6818,68772,27,opus_12k_nb,2,0.125,216720,216720,True,216718,81.71833038330078,6.50200080871582,3.59452223777771,4.010321617126465,7.6397881507873535,4562.5,-14.092986663155953,,,1.0
train-clean-100,33,6818,68772,27,silk_nb_linear_ref,2,0.125,216720,216720,True,216718,70.86843872070312,5.58197021484375,0.9988117218017578,1.5632672309875488,7.499411106109619,4718.75,-12.357921360022955,,,1.0
train-clean-100,34,6925,80680,77,lp,0,0.0,67040,67040,True,67040,155.06675720214844,9.00014591217041,0.03241270035505295,1.2622748613357544,12.59459400177002,4093.75,-19.439021228660096,True,torch.float32,
train-clean-100,34,6925,80680,77,opus_8k_nb,2,0.125,67040,67040,True,67038,150.7001495361328,9.923303604125977,5.95479154586792,6.162946701049805,11.59103012084961,4625.0,-12.706195400551659,,,1.0
train-clean-100,34,6925,80680,77,opus_12k_nb,2,0.125,67040,67040,True,67038,147.03948974609375,9.560791969299316,4.722867965698242,5.249698162078857,11.653458595275879,4593.75,-14.708400061897786,,,1.0
train-clean-100,34,6925,80680,77,silk_nb_linear_ref,2,0.125,67040,67040,True,67038,131.3612823486328,8.417374610900879,1.26906418800354,1.945190191268921,11.499677658081055,4593.75,-12.381317810595716,,,1.0
train-clean-100,35,7113,86041,38,lp,0,0.0,243360,243360,True,243360,110.3727035522461,8.205706596374512,0.032716166228055954,1.370809555053711,11.442010879516602,4093.75,-25.05467445801049,True,torch.float32,
train-clean-100,35,7113,86041,38,opus_8k_nb,2,0.125,243360,243360,True,243358,119.48272705078125,9.346232414245605,6.04280948638916,6.388896465301514,10.775712966918945,4875.0,-12.525444107175833,,,1.0
train-clean-100,35,7113,86041,38,opus_12k_nb,2,0.125,243360,243360,True,243358,114.80400085449219,8.965003967285156,4.798446178436279,5.3960490226745605,10.839098930358887,4875.0,-13.793272429818488,,,1.0
train-clean-100,35,7113,86041,38,silk_nb_linear_ref,2,0.125,243360,243360,True,243358,100.54098510742188,7.905213832855225,1.267477035522461,2.000885486602783,10.813961029052734,4906.25,-12.022875467876071,,,1.0
train-clean-100,36,7517,100442,9,lp,0,0.0,243600,243600,True,243600,125.12409973144531,8.07980728149414,0.02611328288912773,1.2373517751693726,11.263083457946777,4093.75,-27.8777314988392,True,torch.float32,
train-clean-100,36,7517,100442,9,opus_8k_nb,2,0.125,243600,243600,True,243598,128.08213806152344,9.1034574508667,5.505573272705078,5.774389266967773,10.541183471679688,4656.25,-19.748320052003827,,,1.0
train-clean-100,36,7517,100442,9,opus_12k_nb,2,0.125,243600,243600,True,243598,123.76850891113281,8.717022895812988,4.308691024780273,4.824532508850098,10.581707000732422,4593.75,-21.654463106868462,,,1.0
train-clean-100,36,7517,100442,9,silk_nb_linear_ref,2,0.125,243600,243600,True,243598,110.06214141845703,7.664475917816162,1.1129937171936035,1.7857617139816284,10.44216537475586,4593.75,-19.381690056525883,,,1.0
train-clean-100,37,8609,283227,15,lp,0,0.0,251120,251120,True,251120,159.62709045410156,10.211939811706543,0.03219073638319969,1.5206509828567505,14.287745475769043,4093.75,-28.129569517511385,True,torch.float32,
train-clean-100,37,8609,283227,15,opus_8k_nb,2,0.125,251120,251120,True,251118,146.72445678710938,10.38553524017334,6.282959461212158,6.65462589263916,12.377309799194336,4593.75,-16.049601649359303,,,1.0
train-clean-100,37,8609,283227,15,opus_12k_nb,2,0.125,251120,251120,True,251118,143.3392333984375,10.076033592224121,5.063178539276123,5.738183498382568,12.478099822998047,4593.75,-17.219127591973255,,,1.0
train-clean-100,37,8609,283227,15,silk_nb_linear_ref,2,0.125,251120,251120,True,251118,125.6378402709961,8.968668937683105,1.2953349351882935,2.1844141483306885,12.345184326171875,4625.0,-15.282473627149036,,,1.0
train-clean-100,38,8630,305212,43,lp,0,0.0,245920,245920,True,245920,98.75385284423828,6.470808506011963,0.02579987607896328,0.9465767741203308,9.034638404846191,4093.75,-33.779815484210665,True,torch.float32,
train-clean-100,38,8630,305212,43,opus_8k_nb,2,0.125,245920,245920,True,245918,106.11517333984375,7.60612678527832,4.484527587890625,4.71919584274292,8.86398983001709,4718.75,-22.162605646488625,,,1.0
train-clean-100,38,8630,305212,43,opus_12k_nb,2,0.125,245920,245920,True,245918,102.97164916992188,7.2925124168396,3.490872859954834,3.925023317337036,8.898457527160645,4718.75,-24.19839577353911,,,1.0
train-clean-100,38,8630,305212,43,silk_nb_linear_ref,2,0.125,245920,245920,True,245918,93.46298217773438,6.547792911529541,0.9963216185569763,1.4768279790878296,8.888900756835938,4750.0,-21.89416357918512,,,1.0
train-clean-100,39,8770,295462,12,lp,0,0.0,221920,221920,True,221920,167.24952697753906,10.545220375061035,0.030583254992961884,1.4583014249801636,14.767849922180176,4093.75,-25.969272873926357,True,torch.float32,
train-clean-100,39,8770,295462,12,opus_8k_nb,2,0.125,221920,221920,True,221918,173.71961975097656,11.455682754516602,6.129161834716797,6.397136211395264,14.204209327697754,4562.5,-18.521379751912203,,,1.0
train-clean-100,39,8770,295462,12,opus_12k_nb,2,0.125,221920,221920,True,221918,168.8928985595703,11.133255958557129,4.840811729431152,5.40725040435791,14.24988842010498,4562.5,-19.61398725772859,,,1.0
train-clean-100,39,8770,295462,12,silk_nb_linear_ref,2,0.125,221920,221920,True,221918,153.93446350097656,10.209370613098145,1.1946474313735962,1.9998464584350586,14.167244911193848,4562.5,-17.50772806587347,,,1.0
