utterance,subset,speaker_id,num_samples_ref,audio8_ogg_sha256,audio8_waveform_sha256,audio8_length_equals_ref,audio8_nonfinite,audio8_readback_mismatches,audio8_queried_application,audio8_packet_modes,audio8_bandwidths,audio8_libopus_bandwidths,audio8_frame_ms,audio8_any_stereo,audio8_share_silk,audio8_num_packets,audio8_payload_kbps,audio8_container_kbps,audio8_clip_count,audio8_peak,audio8_rms_change_db,audio8_lag_vs_ref_samples,audio8_lsd_0_3k_db,audio8_coherence_0_3500,audio8_stage3_ogg_identical,audio8_stage3_waveform_identical,voip8_ogg_sha256,voip8_waveform_sha256,voip8_length_equals_ref,voip8_nonfinite,voip8_readback_mismatches,voip8_queried_application,voip8_packet_modes,voip8_bandwidths,voip8_libopus_bandwidths,voip8_frame_ms,voip8_any_stereo,voip8_share_silk,voip8_num_packets,voip8_payload_kbps,voip8_container_kbps,voip8_clip_count,voip8_peak,voip8_rms_change_db,voip8_lag_vs_ref_samples,voip8_lsd_0_3k_db,voip8_coherence_0_3500
777-126732-0023,dev-clean,777,112320,ae49cc3575278d7d918dccfc9d8e6ffc77772de6d7587084074d2f32c82ad6ab,204ed80464bb0af8119c63da6c9188f3fa8e027e18c8546156e08d994dbc1702,True,0,,2049,SILK:352,NB,NB,20.0,False,1.0,352,7.141880341880343,7.941880341880343,0,0.1755281686782837,-0.8892918061238524,2,6.827498435974121,0.5749632411752357,True,True,4c445f8af3979df6372351489caf89a9bc8f7e8c37b807dd4d4a5157b348e3af,fe00ed1503af7b9f35d9f785fae298e6915a676e32810d436f5c2819085b1a62,True,0,,2048,SILK:352,NB,NB,20.0,False,1.0,352,7.0450142450142454,7.845014245014246,0,0.21329668164253235,-0.9305409391931683,1,6.971248626708984,0.5768997447053404
777-126732-0026,dev-clean,777,31520,a960952d7583bae4b743982cfeb6f5bfde67f79581fc5a56f6e30f81f52f0c2e,f2c06a32b0e2014d417f9c7526a5a4cd7510a1a7f872ffccac20adb6e259aeeb,True,0,,2049,SILK:99,NB,NB,20.0,False,1.0,99,6.895431472081218,8.060913705583756,0,0.14639566838741302,-0.7937622791765181,2,6.4760003089904785,0.6230095244442577,True,True,8d499812e3828440ab3fd6bf9f4e7a59d780694de4680d977bf4a1b396209694,60811b949891b2451d68acceca7432f73cbf77da910eba672dda00edd476562d,True,0,,2048,SILK:99,NB,NB,20.0,False,1.0,99,6.781725888324873,7.947208121827412,0,0.16602382063865662,-0.6613265660319723,1,6.6069817543029785,0.6246854378416867
777-126732-0034,dev-clean,777,55680,369233409c97ccc8cd4fe3561b4a851d7a7960e737dac291312cab7446cb0995,640082bd9b9967407b7ee98b2b247b11f8888496151b44761390ff5a100ba830,True,0,,2049,SILK:175,NB,NB,20.0,False,1.0,175,6.7701149425287355,7.728735632183908,0,0.18414387106895447,-1.0628177594804393,2,6.490657329559326,0.5295452629303078,True,True,14ae0726e44dfa2276c705739eb2160970de4f89881ddf51913bffdf908e493d,40085d8e68b2f721ee4942401bf1d4e4b8ff56954415349242e54676811171f2,True,0,,2048,SILK:175,NB,NB,20.0,False,1.0,175,6.740229885057472,7.698850574712644,0,0.18127982318401337,-1.303047841129086,1,6.572973728179932,0.5599071366261856
777-126732-0052,dev-clean,777,79200,d650d5b6b963f2fc5d0f160c140c2135b3f70e0b0043358d73a7cda83d101f8d,9aa264f274785d3897d2ffecd9ec4adeb01d94393082abcec0e5cd452c9dcc9c,True,0,,2049,SILK:248,NB,NB,20.0,False,1.0,248,7.132121212121212,7.9676767676767675,0,0.2418467402458191,-1.1753730394455888,2,6.520402908325195,0.6282307760350089,True,True,44470e36b9c8dcd1061b16ef5ca9133158a60432125d7207eaa3a1046f7d40c7,77ccfca5f46aacb22b9ca466338dcb099a639119ce287d9ed3b40f347e7f7a9f,True,0,,2048,SILK:248,NB,NB,20.0,False,1.0,248,7.099797979797979,7.935353535353535,0,0.23636116087436676,-1.114696543926505,1,6.549987316131592,0.623002733185982
777-126732-0076,dev-clean,777,68160,80a3e6c576fb1e0a95a259b9d8ffc09045db887f6193160ca682ac659643c186,1e90d30ce7b98258711021c7e416e90aff14ee622686f2fd7b01fc1323346555,True,0,,2049,SILK:214,NB,NB,20.0,False,1.0,214,7.154929577464789,8.061971830985916,0,0.1950538456439972,-1.0245361818627465,2,6.631402492523193,0.571047759005259,True,True,6767a3183fd98b13d20c520c242be92f8670ff5a288d4b978ea50d64b9775196,28a1d1a21af9f714c3cd7bdaa71cf6b997d2dfd83562d394c26f165f26723164,True,0,,2048,SILK:214,NB,NB,20.0,False,1.0,214,7.0741784037558695,7.981220657276996,0,0.18007466197013855,-1.0578591719746864,1,6.695913791656494,0.580486842054117
1993-147149-0006,dev-clean,1993,446080,085b9d8f8fc3b2bf1b6b6d484deedd88e0fc7953988cddf32121cc3240ad32ce,e5665e314050069f66ab3d4a70f157e13cf19a11a0b4934a37db11bd45f13ecb,True,0,,2049,SILK:1395,NB,NB,20.0,False,1.0,1395,6.564418938307031,7.220086083213773,0,0.03903789073228836,-1.4625314427709055,2,7.10486364364624,0.6275565266081163,True,True,1cb1ba6e34d084b466f50b2000580b66da813ec2bac832e2acb8525c009d51dd,2fa56b4be7486a8a69b95737fce4e535a632b47020663e402ea810d1059ad42d,True,0,,2048,SILK:1395,NB,NB,20.0,False,1.0,1395,6.511047345767575,7.166714490674319,0,0.04873799905180931,-1.7286816432070662,-3,7.401154041290283,0.5971349238539673
1993-147149-0014,dev-clean,1993,48880,a72d67288deb2f36319632d68653281c4ce2094b7765a8fd71e6fe9962924776,9d42f78c383decc346a464af2c7f272ce682caee36c1726901d725b4d0d405cd,True,0,,2049,SILK:154,NB,NB,20.0,False,1.0,154,6.166939443535187,7.203927986906709,0,0.034030310809612274,-1.8294120199835586,2,7.190179347991943,0.6119224194654168,True,True,defe866f86e1b00641a937ad36098e66d006daf8f8e7d19b4d9a2a50465c8058,bda95ef2b666425e78b809084c96f46633b449453e2381bc44f7e6a44b484c85,True,0,,2048,SILK:154,NB,NB,20.0,False,1.0,154,6.135515548281505,7.172504091653028,0,0.029960665851831436,-2.013560370576908,1,7.402859210968018,0.604011448138391
1993-147149-0020,dev-clean,1993,271680,4e4a69007e851e28fa2785251feaf02730332efb125adeb29a3c6642cfffc538,3bb8b064621d4c82b790aa7a9ab14697715ca5119a41744c3da29a5a4836edca,True,0,,2049,SILK:850,NB,NB,20.0,False,1.0,850,6.7392226148409895,7.419081272084806,0,0.09315882623195648,-0.8227931146870481,2,6.638261795043945,0.6480453480306192,True,True,9b224aa0b8fc86494a0a7713c6ef35b70c098184826e5aec9c7903a9ed25a848,dba719d6208c8ba4d82e7382c4c8336cc7dc30f3620b1d574b38ba3d839f79e0,True,0,,2048,SILK:850,NB,NB,20.0,False,1.0,850,6.6690223792697285,7.348881036513545,0,0.0894017294049263,-0.8919063823757347,0,6.959783554077148,0.6218574966573325
1993-147964-0004,dev-clean,1993,116800,fb03daf6a98758ec1179938e582336627420bfff7fcda366897b68db81d17e03,a96aa492ce6b09f7cdb284942c75cf3da51a2645484ef8163dad124548cafeba,True,0,,2049,SILK:366,NB,NB,20.0,False,1.0,366,7.438904109589042,8.223561643835618,0,0.471420556306839,-0.7845710439096456,2,6.664157390594482,0.6119817882195304,True,True,a91fc99306c0009dc54dc7c9a2c256eba3ea1fc608f219c3e6e5aaa7b4a7c9f5,681d873d0f631e71310b4c017019e54d0bd7ca4def19f8afb7ec00a45b7a5cbd,True,0,,2048,SILK:366,NB,NB,20.0,False,1.0,366,7.455342465753425,8.24,0,0.37695926427841187,-0.8362491847069848,1,6.813919544219971,0.5801807933812665
1993-147965-0003,dev-clean,1993,118000,8c80d410aaf5f2a4be2895f82e25e1d54c4bb6c42a5f0c0fe3b309e305d52f40,8b90f251ea30b99e35d38e3fdc313b7fcbc741a0eb9bff0e6c0edf75b7d621a8,True,0,,2049,SILK:370,NB,NB,20.0,False,1.0,370,7.545491525423729,8.32650847457627,0,0.48866117000579834,-0.4261952237696419,2,6.017744064331055,0.5611299704237427,True,True,9ea056c017976a6111c72c2534685fe7f1904cee2fb2b9705d881859cfceed3c,43ec32a94a150452415d16592e16f3896246a2d8972adb95cf788541562178ef,True,0,,2048,SILK:370,NB,NB,20.0,False,1.0,370,7.552,8.333016949152544,0,0.4163157641887665,-0.4459789120915722,0,6.07716178894043,0.5478153201755869
3170-137482-0012,dev-clean,3170,47760,85ec80bd3d93a5132ff5781dbfd1ab1637de701aba9baa77cfe663fd36a87e57,7f5bb43dbd69d814865b6532ec3d150a93fdf4b55157574707722d45bee2e619,True,0,,2049,SILK:150,NB,NB,20.0,False,1.0,150,7.517587939698493,8.495812395309883,0,0.40460699796676636,-0.7725217780617621,2,5.840376853942871,0.5546254854297454,True,True,f314ba6d4e9b1f32288ad19bc9544f72a1cdb9c3438a0be77efd6a1433e06bdb,68a57f1de78e85c73f76bd3ac538f85c489164883c6e141d9836a3b96bcaa1d4,True,0,,2048,SILK:150,NB,NB,20.0,False,1.0,150,7.520268006700167,8.498492462311559,0,0.4123239517211914,-0.7681862413735465,1,5.873072147369385,0.5538939390442283
3170-137482-0019,dev-clean,3170,85280,a0a406b76aab28cc2da727db071b136152960a76a3ae134f74c5001aa4448ea0,629c5200f3b1de4381f065913c918f0b637a225443edc7e5b0d1c24ad808d3ce,True,0,,2049,SILK:267,NB,NB,20.0,False,1.0,267,7.48217636022514,8.327204502814258,0,0.4322141706943512,-0.730088455722549,2,6.283544063568115,0.5904626620327096,True,True,81e575dba131f5b20879f8cff780562c7a5cebafda03c8ff2636521fb1e52309,b1087e01bdfa36485eb5f6ab6b5c99fb58f93577b93c966a8a985ce018a9dee2,True,0,,2048,SILK:267,NB,NB,20.0,False,1.0,267,7.525703564727954,8.370731707317072,0,0.45358559489250183,-0.7729558510825232,1,6.229499816894531,0.5890716426915871
3170-137482-0025,dev-clean,3170,119120,e705716a3546987eedc294837407625ffb11166f91a900ce59d9d360747ce4d1,733cd6edc4204e882963d35045c688bf34278e50ca098b5de1e40727e335376a,True,0,,2049,SILK:373,NB,NB,20.0,False,1.0,373,7.483143049026192,8.260040295500335,0,0.431122750043869,-0.8843753316958378,2,5.767053604125977,0.5925777056689944,True,True,e678b7669d4bf4ae10a1897918c918258dc04a81dd3aa5ae4ac20c78f9e5ed04,d57dda5e52b0cc0d0c45d9de8d7a89d17d55f5e95566cacaf385c8d9fba79810,True,0,,2048,SILK:373,NB,NB,20.0,False,1.0,373,7.468099395567495,8.244996642041638,0,0.4926515221595764,-0.6225232725566532,1,5.752575874328613,0.5766016252783726
3170-137482-0033,dev-clean,3170,39440,bcccc1f5fd0419db82e49236770f81491121c26b097396bc76d4c1408a20adaf,701eac5e1615ee56352f463ce0db78c47e92fd1328f3224f05fba0ab6378c8e0,True,0,,2049,SILK:124,NB,NB,20.0,False,1.0,124,7.256795131845842,8.356997971602436,0,0.4019469916820526,-0.8948038005112037,2,5.8452467918396,0.614556472876118,True,True,89a648e81707ca4afdd70521d83d6b5f3cbda739a39b279d8e8f7c7fab81ebaa,8cef4fe00083a6fc9b6bc1fba4ff4e5b4306b75902e6806bc601297ff53efc72,True,0,,2048,SILK:124,NB,NB,20.0,False,1.0,124,7.266531440162272,8.366734279918864,0,0.49052104353904724,-0.8867642772992025,1,5.9340596199035645,0.5774348557225093
3170-137482-0040,dev-clean,3170,212080,f88bc28725ba3ecf5e8d0e793c0ba9616ee3a46d285ba0fa65883a76f0af4ec6,4cb17310908838d425f6691f4ccc0c09d39999641b40dd3d0ebc46ce0585ec5a,True,0,,2049,SILK:664,NB,NB,20.0,False,1.0,664,7.560618634477555,8.270388532629196,0,0.45493948459625244,-0.6973095026612253,2,5.451730251312256,0.5628077500135311,True,True,a5e4a21bf4eb1b52beb2a092998078924bd4d6a1b2f86a25977a009c2d19c920,a05929b125b183fb0bb8383b12aecc57cce95ff8da49a1c62de146a69a5ccf79,True,0,,2048,SILK:664,NB,NB,20.0,False,1.0,664,7.555790267823462,8.265560165975103,0,0.5011153221130371,-0.7332641122768829,1,5.470463752746582,0.5802510054953565
3536-23268-0001,dev-clean,3536,254480,4bac45685868577d2bd235bcf64a9f5b4ec543600d9d0cc6ba54dd661f3bd6a0,675131acb6def329476073b86172b0cb5ad97671a8742c0a061aa268a21b5d0c,True,0,,2049,SILK:796,NB,NB,20.0,False,1.0,796,7.634328827412763,8.319396416221315,0,0.8881027102470398,-0.36607011247542787,2,6.397079944610596,0.6642598988194529,True,True,70d52a3cb602d62f9251a9fa017ffcc41e08e37619e151786aa2759ae2154190,0b885a91253202f7b94c8214aef2b49d0ecc420f03f636ca4307db1b873594e4,True,0,,2048,SILK:796,NB,NB,20.0,False,1.0,796,7.643382584093053,8.328450172901602,0,0.9233226776123047,-0.6357309183295838,1,7.061413764953613,0.6563060530435457
3536-23268-0019,dev-clean,3536,162640,9a1729850bfc6818ad9f85a3de021d48c357ad2f8623d1bd32deabdadaa7fa9c,d00e6a7415564524ab8b55689b20165682bb1af6c930a0512758be669af45ee5,True,0,,2049,SILK:509,NB,NB,20.0,False,1.0,509,7.6733890801770785,8.413182488932613,0,0.45939093828201294,-0.5240841603084814,2,6.469107627868652,0.6492829347677135,True,True,52690cf4992d430515f8428683015ba7a79db9b986d3a7af77d9c8649bc7494e,e5850c5c51d66396ce66eb1c601c39a3ebf08e411b4181fe7630371302df13fe,True,0,,2048,SILK:509,NB,NB,20.0,False,1.0,509,7.656074766355141,8.395868175110675,0,0.5334997773170471,-0.8037983165232876,1,6.910463333129883,0.6299425765852226
3536-8226-0004,dev-clean,3536,234000,1215cd155f54059bb1a50e91406f051b07fe61f6a704d5e7c7863698d4798fff,9ea95f08115f53bda9da78a0dd657939f08c053edc1254b004c6ea870aae6bea,True,0,,2049,SILK:732,NB,NB,20.0,False,1.0,732,7.498393162393162,8.193641025641025,0,0.32525935769081116,-0.5225352298358714,2,5.857034683227539,0.7160368182264532,True,True,25069c65cd2e8c7deb3faec7acad78a5046740210a4921b6f049124b93ad05d1,71a27c1e4b9ae8a456d695b4875b2e23f27fbf028c1179befb3b4d135c03ca48,True,0,,2048,SILK:732,NB,NB,20.0,False,1.0,732,7.549264957264957,8.24451282051282,0,0.3540465533733368,-0.7798568417381693,1,6.543943881988525,0.6942635644020628
3536-8226-0007,dev-clean,3536,37360,c93327f775268119d8874b1bdeb35ae0d86e13e00dd26e678007eda542a52cda,6e7df82ef8e4571440cfa6622d458f0eb58773188d79aa10657b41c7f4e1f4ee,True,0,,2049,SILK:118,NB,NB,20.0,False,1.0,118,7.294218415417559,8.435117773019272,0,0.33104002475738525,-0.26269834002376846,2,6.102776050567627,0.6576598037468674,True,True,01f7a2aff67e1c585ab2a54dc2cc24b10fd09938180f3ce1ee7b30223ba0d384,671114cae916ba88d29c6be2b427ee38c2d40f019969bc61fcca7d897197bc86,True,0,,2048,SILK:118,NB,NB,20.0,False,1.0,118,7.242826552462526,8.383725910064241,0,0.2915063500404358,-0.5204777272293012,1,6.636019706726074,0.6730782435418503
3536-8226-0019,dev-clean,3536,85280,1655968ada9f1d0ae43d39fc6f6629bdee887ce19111da6ade6b19bb3659f612,7a671c29ef9cb7c469dfecc10a81c0ff5450bfd567ff550f05399ca9f7b06b97,True,0,,2049,SILK:267,NB,NB,20.0,False,1.0,267,7.536210131332083,8.3812382739212,0,0.473074734210968,-0.5604922956002845,2,5.777795791625977,0.677734987180514,True,True,86ab88eebd1c0126aeedd8433493cff19be7c215053c31b49b2cda9dad1228b5,8f1c4b72ce71f0b164972d431a7d2accb38684643a9100829c96f88ccab1d2fd,True,0,,2048,SILK:267,NB,NB,20.0,False,1.0,267,7.465666041275798,8.310694183864916,0,0.43183982372283936,-1.0240575704422574,1,6.575320720672607,0.6655104892936702
